,DATANO,DATACD,DATANM,AREACD,AREANM,time1,time2,time3,time4,time5,time6,RGN21CD,RGN21NM,change5,change1
6,12,data12,Economic and working conditions,E06000001,Hartlepool,88.11457441432708,87.17810333579456,86.20763745500106,86.695902472803,85.68080512533173,85.53936156841212,E12000001,North East,-2.5752128459149617,-0.14144355691961152
20,12,data12,Economic and working conditions,E06000002,Middlesbrough,84.55288533485691,83.81858017024516,83.95448361021585,82.74923452770278,81.60990354659576,81.66466259439032,E12000001,North East,-2.8882227404665883,0.054759047794561866
34,12,data12,Economic and working conditions,E06000003,Redcar and Cleveland,90.84168146764549,89.02834936910247,91.12509769916169,92.56241234841123,89.53282955838137,88.20766472154243,E12000001,North East,-2.6340167461030575,-1.3251648368389368
48,12,data12,Economic and working conditions,E06000004,Stockton-on-Tees,93.76709495189728,92.97106001091382,94.2320429719544,94.11985743248688,92.47747464112234,92.05059035779031,E12000001,North East,-1.716504594106965,-0.4268842833320292
62,12,data12,Economic and working conditions,E06000005,Darlington,92.9741428082967,92.70134130423344,93.4264380531187,96.06523291636513,90.57386695097185,90.80160859382829,E12000001,North East,-2.1725342144684134,0.2277416428564436
76,12,data12,Economic and working conditions,E06000006,Halton,95.88003040139687,96.66579285596157,97.01912306419723,97.1146704676676,99.75156480410912,97.75387741087565,E12000002,North West,1.87384700947878,-1.9976873932334769
90,12,data12,Economic and working conditions,E06000007,Warrington,102.72283147242321,104.94111351567342,103.98124781481418,103.11822736410721,107.87861938318515,106.69597578367228,E12000002,North West,3.9731443112490723,-1.182643599512872
104,12,data12,Economic and working conditions,E06000008,Blackburn with Darwen,82.41518786945231,84.94331193411625,83.51291175255544,83.80740196720654,84.2587089876313,84.43826259695683,E12000002,North West,2.0230747275045218,0.17955360932553788
118,12,data12,Economic and working conditions,E06000009,Blackpool,91.34027511068642,90.32223139501065,89.93678440616517,90.63726268131023,92.77567939502528,92.82429641417906,E12000002,North West,1.4840213034926393,0.048617019153780916
132,12,data12,Economic and working conditions,E06000010,Kingston upon Hull,83.56934703599764,85.64767242837378,85.75956282607395,86.88634165960201,86.54272559332796,87.77762807955885,E12000003,Yorkshire and The Humber,4.208281043561215,1.2349024862308937
146,12,data12,Economic and working conditions,E06000011,East Riding of Yorkshire,101.00923762527205,103.44969501173716,104.13736521302245,103.54810653039884,103.49696858862505,103.31594013027555,E12000003,Yorkshire and The Humber,2.3067025050035,-0.18102845834950188
160,12,data12,Economic and working conditions,E06000012,North East Lincolnshire,87.70402017155074,89.51651157252081,91.2385812642725,90.11631643544806,91.07414684661808,90.918094586425,E12000003,Yorkshire and The Humber,3.2140744148742613,-0.1560522601930785
174,12,data12,Economic and working conditions,E06000013,North Lincolnshire,94.12457807688021,94.17115411963304,95.21908586641506,93.11220485142263,94.1773110099506,93.0826296315554,E12000003,Yorkshire and The Humber,-1.041948445324806,-1.0946813783951939
188,12,data12,Economic and working conditions,E06000014,York,110.44960319064471,112.86931074039455,113.1122445888875,111.83443348451776,112.60734998154258,112.23305295101505,E12000003,Yorkshire and The Humber,1.7834497603703454,-0.3742970305275293
202,12,data12,Economic and working conditions,E06000015,Derby,90.7495964432278,92.87381088673237,93.94948136236981,97.46063681501627,98.01169803266592,94.55809696154428,E12000004,East Midlands,3.808500518316478,-3.453601071121639
216,12,data12,Economic and working conditions,E06000016,Leicester,83.79952618260248,84.97079733661236,87.71521882610985,90.07949043933472,89.68297504105058,87.10460163311475,E12000004,East Midlands,3.305075450512277,-2.5783734079358283
230,12,data12,Economic and working conditions,E06000017,Rutland,116.78003845001275,120.51176826362403,120.54247389212485,116.06349292059478,120.34694506938492,111.5854413209644,E12000004,East Midlands,-5.194597129048347,-8.761503748420509
244,12,data12,Economic and working conditions,E06000018,Nottingham,83.62342137438621,83.48922514144431,84.68481193934467,90.2766494306362,89.67247852569838,89.14959302650516,E12000004,East Midlands,5.526171652118947,-0.5228854991932224
258,12,data12,Economic and working conditions,E06000019,Herefordshire,105.40137790355463,103.40933587858744,106.38787393993401,108.09971158975848,108.3643209571145,104.92213000728464,E12000005,West Midlands,-0.479247896269996,-3.4421909498298646
272,12,data12,Economic and working conditions,E06000020,Telford and Wrekin,96.60973790396208,99.07512029190671,98.28443399031359,100.72345854814651,99.71529502355708,95.63198556654676,E12000005,West Midlands,-0.9777523374153247,-4.083309457010316
286,12,data12,Economic and working conditions,E06000021,Stoke-on-Trent,85.29481299579675,87.7803062500493,86.67144062584612,86.20275410352598,87.30334855513433,86.58838343152874,E12000005,West Midlands,1.2935704357319935,-0.7149651236055945
300,12,data12,Economic and working conditions,E06000022,Bath and North East Somerset,108.89527145872431,111.89380610031056,116.49143438991541,118.3242664657692,115.60570916605042,115.18589380532049,E12000009,South West,6.29062234659618,-0.41981536072992753
314,12,data12,Economic and working conditions,E06000023,Bristol,95.54956067610479,100.3225612899666,104.24313181244429,105.730132127618,103.26258502884927,100.73801663800722,E12000009,South West,5.188455961902434,-2.524568390842049
328,12,data12,Economic and working conditions,E06000024,North Somerset,104.6813665447158,109.99944168309312,113.26737947700994,114.78261181015594,113.21306405004957,110.89399939834765,E12000009,South West,6.212632853631845,-2.3190646517019218
342,12,data12,Economic and working conditions,E06000025,South Gloucestershire,108.02726576176785,111.29194959076209,113.32348335293814,115.2755128391738,116.69988305972623,111.18339944187795,E12000009,South West,3.156133680110102,-5.51648361784828
356,12,data12,Economic and working conditions,E06000026,Plymouth,94.7682496181654,99.05006959428148,102.05249753255319,102.96419419836985,101.53865895185965,99.08405785944899,E12000009,South West,4.315808241283591,-2.4546010924106554
370,12,data12,Economic and working conditions,E06000027,Torbay,96.25419209707123,97.97540231574484,102.7184860807055,104.83779142021812,103.96613420120971,99.83306315791836,E12000009,South West,3.578871060847135,-4.133071043291352
384,12,data12,Economic and working conditions,E06000030,Swindon,101.54140902441259,107.86436587602144,105.31519847933761,107.81174958875644,108.68616219654741,107.62977025333414,E12000009,South West,6.088361228921556,-1.0563919432132707
398,12,data12,Economic and working conditions,E06000031,Peterborough,90.5425881237828,92.15502609439545,91.86631585279615,92.9437035565752,93.3893765756204,93.15369690085095,E12000006,East of England,2.6111087770681394,-0.2356796747694574
412,12,data12,Economic and working conditions,E06000032,Luton,88.34501877505815,88.51329385977674,89.51713043875479,91.83065452515301,92.94287731545236,91.13871227101644,E12000006,East of England,2.793693495958294,-1.8041650444359192
426,12,data12,Economic and working conditions,E06000033,Southend-on-Sea,99.60051339133035,102.35946225056992,103.21327927367236,105.00787850416097,105.22935990255422,103.95507659480762,E12000006,East of England,4.354563203477269,-1.2742833077466003
440,12,data12,Economic and working conditions,E06000034,Thurrock,95.4941274118143,97.95689000638676,99.21868492574879,100.0973190901112,100.53933792665329,100.68382021918116,E12000006,East of England,5.189692807366853,0.1444822925278686
454,12,data12,Economic and working conditions,E06000035,Medway,94.63789416682535,95.99352574493794,98.40417217519196,99.53934683926529,101.0953625416774,98.57175343982915,E12000008,South East,3.9338592730038044,-2.523609101848251
468,12,data12,Economic and working conditions,E06000036,Bracknell Forest,116.44816344908895,115.96434757470577,117.319402540254,120.672776878434,121.41541139719332,114.92904451071787,E12000008,South East,-1.5191189383710793,-6.486366886475452
482,12,data12,Economic and working conditions,E06000037,West Berkshire,120.2190823241688,116.18253539341845,120.52255348268581,116.08120164829063,119.18588952179499,115.68825498352751,E12000008,South East,-4.530827340641281,-3.4976345382674765
496,12,data12,Economic and working conditions,E06000038,Reading,104.26968234434034,103.35709452880636,106.58012755954651,104.1658392536499,108.01591856037308,104.84517619283292,E12000008,South East,0.5754938484925844,-3.170742367540157
510,12,data12,Economic and working conditions,E06000039,Slough,100.2580350787512,99.19657878738863,102.47086530780916,102.81729386373857,99.39875125813656,94.84106530772006,E12000008,South East,-5.416969771031148,-4.557685950416499
524,12,data12,Economic and working conditions,E06000040,Windsor and Maidenhead,117.38993882095964,116.69695452511156,121.4117540145583,121.26317564756648,124.53277686192504,117.48407100454577,E12000008,South East,0.09413218358612596,-7.048705857379275
538,12,data12,Economic and working conditions,E06000041,Wokingham,123.05288680440087,120.99640797274373,123.3598469535586,122.6919076924884,129.0859472974188,120.13930278197577,E12000008,South East,-2.9135840224250984,-8.94664451544304
552,12,data12,Economic and working conditions,E06000042,Milton Keynes,99.03908709390377,100.2199845444295,98.82281802539812,99.02853159201744,102.18525522173964,102.16546732557104,E12000008,South East,3.1263802316672695,-0.019787896168594443
566,12,data12,Economic and working conditions,E06000043,Brighton and Hove,102.36977271404268,103.5500961662348,103.84931467337056,101.1805887992968,107.58871972538408,102.9373517671106,E12000008,South East,0.5675790530679166,-4.651367958273482
580,12,data12,Economic and working conditions,E06000044,Portsmouth,96.6741794939227,96.60984504476605,98.74564972962573,98.43886004170444,100.06994223396634,95.80403508925232,E12000008,South East,-0.8701444046703699,-4.265907144714021
594,12,data12,Economic and working conditions,E06000045,Southampton,96.97480961365164,95.92601861204695,98.1159477609627,94.5082295885088,97.04660372655336,96.40394082705096,E12000008,South East,-0.5708687866006841,-0.6426628995023975
608,12,data12,Economic and working conditions,E06000046,Isle of Wight,98.49300658636015,97.55483418984613,98.8494197433741,99.26599433418743,103.92222606656,98.12049655261532,E12000008,South East,-0.37251003374483105,-5.801729513944679
622,12,data12,Economic and working conditions,E06000047,County Durham,92.90705022757544,92.78142203340909,93.94156144003998,95.77826365141456,90.755284206552,88.97510787466192,E12000001,North East,-3.9319423529135236,-1.7801763318900896
636,12,data12,Economic and working conditions,E06000049,Cheshire East,109.28750384690966,108.3480344447632,110.20663965959879,109.92201775883422,112.16603330014763,109.372150440545,E12000002,North West,0.0846465936353411,-2.7938828596026326
650,12,data12,Economic and working conditions,E06000050,Cheshire West and Chester,105.32845403297578,106.15627200999631,104.5476537776359,105.04413693646816,106.7882287038348,108.49243313298977,E12000002,North West,3.1639791000139894,1.70420442915497
664,12,data12,Economic and working conditions,E06000051,Shropshire,105.65711996871002,106.0309684618055,105.60415963781892,108.0289777731305,106.82382502671169,103.67387233245199,E12000005,West Midlands,-1.983247636258028,-3.149952694259696
678,12,data12,Economic and working conditions,E06000052,Cornwall,97.62649556983897,100.94115565185524,105.72811639651158,107.68634249622593,104.99867274026371,100.98856980580419,E12000009,South West,3.362074235965224,-4.010102934459525
692,12,data12,Economic and working conditions,E06000054,Wiltshire,111.1141638652687,114.05199630397075,117.85564715366895,116.41528091773277,116.54356179436428,112.991910419525,E12000009,South West,1.877746554256305,-3.551651374839281
706,12,data12,Economic and working conditions,E06000055,Bedford,97.58402282804106,100.20856068156952,101.56604242324276,102.18215516773859,103.16167256746279,104.81717604733265,E12000006,East of England,7.233153219291594,1.6555034798698642
720,12,data12,Economic and working conditions,E06000056,Central Bedfordshire,111.44163539244188,111.50679856661085,114.04290898922042,113.95964598918373,119.5402423667204,112.8432992092005,E12000006,East of England,1.4016638167586137,-6.696943157519911
734,12,data12,Economic and working conditions,E06000057,Northumberland,95.84424222448332,95.64709875337395,96.43076508895538,97.14546116368759,93.56548305821664,93.31489921905823,E12000001,North East,-2.5293430054250905,-0.2505838391584092
748,12,data12,Economic and working conditions,E06000058,"Bournemouth, Christchurch and Poole",104.1480276794194,107.14626354111999,111.02135410698862,111.45228585286428,112.11738003579755,105.81240169776464,E12000009,South West,1.6643740183452422,-6.30497833803291
762,12,data12,Economic and working conditions,E06000059,Dorset,108.67260860351445,108.0708542803689,114.54417174373964,114.45991117837043,113.14809539549664,107.76040463329349,E12000009,South West,-0.9122039702209577,-5.38769076220315
776,12,data12,Economic and working conditions,E06000060,Buckinghamshire,110.00174882094721,110.76661565526095,114.59942027814043,112.48414994331002,114.87291641547884,110.55195514352295,E12000008,South East,0.5502063225757325,-4.320961271955895
790,12,data12,Economic and working conditions,E06000061,North Northamptonshire,98.63868920828466,98.46502102265694,101.24755471179616,104.61259121415152,104.98764871648086,105.15323295160508,E12000004,East Midlands,6.5145437433204165,0.16558423512421427
804,12,data12,Economic and working conditions,E06000062,West Northamptonshire,102.27260427700243,101.3592326167755,100.25063324466518,104.83674805092659,106.21690326306444,104.83480067227205,E12000004,East Midlands,2.5621963952696234,-1.3821025907923854
818,12,data12,Economic and working conditions,E07000008,Cambridge,110.53694481523016,112.3823873518583,111.41911585110867,109.70568262360638,119.09288042382906,110.38197650365572,E12000006,East of England,-0.1549683115744358,-8.710903920173337
832,12,data12,Economic and working conditions,E07000009,East Cambridgeshire,113.23330688725578,111.82543460332863,118.50802089934044,118.69469791499066,122.03494413471122,114.3442790495331,E12000006,East of England,1.1109721622773208,-7.690665085178125
846,12,data12,Economic and working conditions,E07000010,Fenland,98.37150099628876,98.13591171416594,100.92846220960959,101.28632416516352,101.4449887591125,102.17116524298677,E12000006,East of England,3.799664246698015,0.7261764838742693
860,12,data12,Economic and working conditions,E07000011,Huntingdonshire,112.57598748010615,113.98404211973526,114.87599768384894,114.76180235838915,113.59950669913331,108.55264906096822,E12000006,East of England,-4.023338419137929,-5.046857638165093
874,12,data12,Economic and working conditions,E07000012,South Cambridgeshire,120.32967122655508,123.68093450701522,124.70671701248085,123.52801998869916,126.40401270028588,115.01415537918741,E12000006,East of England,-5.315515847367664,-11.38985732109846
888,12,data12,Economic and working conditions,E07000026,Allerdale,102.89269122063169,102.07998390220287,100.35801122721752,105.37023049221972,103.31048009037599,101.80089508659051,E12000002,North West,-1.091796134041175,-1.5095850037854746
902,12,data12,Economic and working conditions,E07000027,Barrow-in-Furness,94.29769363777548,94.18260417219429,97.79758608991145,95.76862850709963,96.35864299429328,96.67228373303206,E12000002,North West,2.374590095256579,0.3136407387387834
916,12,data12,Economic and working conditions,E07000028,Carlisle,106.9850401224597,99.32563871679079,102.10828031654852,105.52937045937124,105.08718638365936,101.41135135479307,E12000002,North West,-5.573688767666624,-3.675835028866288
930,12,data12,Economic and working conditions,E07000029,Copeland,100.29612274203478,100.12499446194164,102.06624244084664,104.14398167091854,105.6795159191562,103.2809005649443,E12000002,North West,2.984777822909521,-2.3986153542118984
944,12,data12,Economic and working conditions,E07000030,Eden,116.6416720192878,110.4195226009554,117.5649183008712,114.7165283954662,121.92442624384786,107.11907918495012,E12000002,North West,-9.522592834337672,-14.805347058897738
958,12,data12,Economic and working conditions,E07000031,South Lakeland,118.3604642888438,114.3690911403895,121.48081881902313,119.375205808631,124.8751139648685,111.21504007310165,E12000002,North West,-7.145424215742153,-13.660073891766856
972,12,data12,Economic and working conditions,E07000032,Amber Valley,102.03661207193431,103.26926634354432,107.56583478040972,107.99845278949662,112.90135242839749,103.4608870319056,E12000004,East Midlands,1.4242749599712852,-9.440465396491888
986,12,data12,Economic and working conditions,E07000033,Bolsover,92.31502843977877,96.01790664746949,96.857362757788,98.12064444230136,102.00719061715175,94.64260180756423,E12000004,East Midlands,2.3275733677854618,-7.3645888095875165
1000,12,data12,Economic and working conditions,E07000034,Chesterfield,94.04764425157776,96.02336878054064,96.08283807364592,100.05098788155442,98.60535416666572,97.3888908274489,E12000004,East Midlands,3.341246575871139,-1.2164633392168156
1014,12,data12,Economic and working conditions,E07000035,the Derbyshire Dales,120.69880287685612,113.07484973828224,115.4191049962312,113.68652424157801,120.20949586460851,108.77040511662595,E12000004,East Midlands,-11.928397760230169,-11.439090747982561
1028,12,data12,Economic and working conditions,E07000036,Erewash,100.77234629816044,104.18607044908329,102.46253645334421,103.63243600725599,110.40104154236086,104.20827379033956,E12000004,East Midlands,3.4359274921791183,-6.192767752021297
1042,12,data12,Economic and working conditions,E07000037,High Peak,104.24028201376557,105.22042933199265,105.77693233955357,108.4201866581476,110.49506935987516,107.0161153828824,E12000004,East Midlands,2.775833369116839,-3.4789539769927558
1056,12,data12,Economic and working conditions,E07000038,North East Derbyshire,97.95194059628376,101.0853558239137,102.16353272420088,104.59236094219195,109.39838655961165,103.41658038499891,E12000004,East Midlands,5.4646397887151466,-5.981806174612743
1070,12,data12,Economic and working conditions,E07000039,South Derbyshire,107.18649800190306,110.38756878464692,111.06715562877069,108.9735049988238,115.40749493310291,105.9490454831114,E12000004,East Midlands,-1.237452518791656,-9.458449449991505
1084,12,data12,Economic and working conditions,E07000040,East Devon,111.52246570715685,107.20897077979885,115.65329288489868,121.5093188052998,117.98975556000065,108.99124755631244,E12000009,South West,-2.53121815084441,-8.998508003688201
1098,12,data12,Economic and working conditions,E07000041,Exeter,103.94828758234048,105.14075373231242,113.65576012222529,111.70544291510944,115.10221385925743,107.54122566171176,E12000009,South West,3.5929380793712795,-7.560988197545669
1112,12,data12,Economic and working conditions,E07000042,Mid Devon,103.60344964807727,105.59081855444109,112.94570228852824,111.55919617431887,111.14748511199845,107.39347985108137,E12000009,South West,3.7900302030040933,-3.754005260917083
1126,12,data12,Economic and working conditions,E07000043,North Devon,105.51604455468627,103.04060776839322,112.43447589971309,114.24256720859152,110.24880604944781,104.26269015934263,E12000009,South West,-1.2533543953436492,-5.986115890105182
1140,12,data12,Economic and working conditions,E07000044,South Hams,106.50092013535507,108.25892190384384,119.8524345609487,117.29656062299006,117.85070045019752,104.57278607565209,E12000009,South West,-1.928134059702984,-13.277914374545432
1154,12,data12,Economic and working conditions,E07000045,Teignbridge,109.06062434248274,105.52430599787806,115.01117764044851,115.52196529033353,114.8322852648315,106.54311803300268,E12000009,South West,-2.517506309480055,-8.289167231828813
1168,12,data12,Economic and working conditions,E07000046,Torridge,92.72085228348348,98.55371106446036,106.30561337725821,107.6935756114738,109.39740711937642,97.65072242874183,E12000009,South West,4.929870145258349,-11.746684690634595
1182,12,data12,Economic and working conditions,E07000047,West Devon,110.32090294408634,106.26992808044577,115.359150559495,111.62232478705731,113.14605874810243,102.78517822313292,E12000009,South West,-7.535724720953425,-10.360880524969517
1196,12,data12,Economic and working conditions,E07000061,Eastbourne,97.65930232992365,97.4559447407769,97.47811671228828,96.9787755646451,99.06133244062731,99.32577674723038,E12000008,South East,1.6664744173067305,0.2644443066030675
1210,12,data12,Economic and working conditions,E07000062,Hastings,90.01603158615174,91.25636448074043,91.6262469706573,92.17007037503494,97.520522673735,92.7062163672425,E12000008,South East,2.690184781090764,-4.814306306492497
1224,12,data12,Economic and working conditions,E07000063,Lewes,104.68253510204029,107.06774867274729,111.98967510656558,107.47308783612472,107.3734697626168,103.98243837434136,E12000008,South East,-0.7000967276989343,-3.391031388275451
1238,12,data12,Economic and working conditions,E07000064,Rother,102.680235699456,100.61283259220664,103.23811295476676,99.27208129258786,103.13613758406623,103.51952806594838,E12000008,South East,0.8392923664923728,0.3833904818821452
1252,12,data12,Economic and working conditions,E07000065,Wealden,109.00980789607321,108.99278738436031,111.62677259355598,106.64072171770177,114.41912765442517,107.57936449115792,E12000008,South East,-1.4304434049152945,-6.83976316326725
1266,12,data12,Economic and working conditions,E07000066,Basildon,98.44178868268216,99.42988803323207,100.99888723440279,100.97446725689436,102.88010216794329,101.56478054592004,E12000006,East of England,3.1229918632378855,-1.315321622023248
1280,12,data12,Economic and working conditions,E07000067,Braintree,104.45140325620956,109.04255768496829,111.81103753504792,108.87120273656606,110.41788888932564,109.11123200453407,E12000006,East of England,4.659828748324514,-1.3066568847915647
1294,12,data12,Economic and working conditions,E07000068,Brentwood,118.04773772348301,115.49538027775681,116.20999853435923,111.77693884799835,115.55093698019309,110.61051951638935,E12000006,East of England,-7.4372182070936645,-4.94041746380374
1308,12,data12,Economic and working conditions,E07000069,Castle Point,101.98916939037949,105.97772562506245,106.08583628103176,107.04810048928594,109.34605183538515,107.08647588211213,E12000006,East of England,5.097306491732638,-2.2595759532730284
1322,12,data12,Economic and working conditions,E07000070,Chelmsford,108.72560995208329,113.69873968974986,113.4142104282837,112.39117632083223,119.64224080066096,114.2863772001708,E12000006,East of England,5.560767248087515,-5.355863600490153
1336,12,data12,Economic and working conditions,E07000071,Colchester,105.29810208999244,106.23166256772608,108.07507783239213,110.90618089823704,108.06861387092036,105.16727114831244,E12000006,East of England,-0.13083094168000287,-2.9013427226079216
1350,12,data12,Economic and working conditions,E07000072,Epping Forest,106.75628747742243,107.7705642902046,107.57588623078443,109.31110216389263,112.92092223339209,109.6228585953092,E12000006,East of England,2.866571117886764,-3.298063638082894
1364,12,data12,Economic and working conditions,E07000073,Harlow,95.84094761553452,100.85709729556848,101.67425283280159,99.50944295278428,99.03185098209677,99.60624128289108,E12000006,East of England,3.765293667356559,0.5743903007943061
1378,12,data12,Economic and working conditions,E07000074,Maldon,106.85215057252294,109.17387448356621,107.12605988690385,105.58282439772323,112.60481958943569,104.57042533087835,E12000006,East of England,-2.281725241644594,-8.034394258557342
1392,12,data12,Economic and working conditions,E07000075,Rochford,111.97710716532869,118.53154934827835,112.89090130854015,115.30059408945496,119.07522087509041,111.29502482566105,E12000006,East of England,-0.6820823396676445,-7.780196049429364
1406,12,data12,Economic and working conditions,E07000076,Tendring,94.20047228868064,95.25554491323864,96.85511348996731,100.27561796399252,98.524632065199,98.79261374963689,E12000006,East of England,4.592141460956242,0.26798168443788484
1420,12,data12,Economic and working conditions,E07000077,Uttlesford,117.1924682682082,125.56585922158031,118.55635243439436,113.85606853316195,123.31275563365422,113.18445670303713,E12000006,East of England,-4.008011565171074,-10.128298930617092
1434,12,data12,Economic and working conditions,E07000078,Cheltenham,104.76792938595644,108.17012431229765,115.82008337731469,115.39136684437996,113.73830713828659,109.83455536516377,E12000009,South West,5.0666259792073305,-3.9037517731228206
1448,12,data12,Economic and working conditions,E07000079,Cotswold,113.08120873310688,119.1612915244,124.8330583845445,118.98962245042,122.95282124744921,117.34342241393743,E12000009,South West,4.2622136808305555,-5.609398833511776
1462,12,data12,Economic and working conditions,E07000080,Forest of Dean,100.15487922632113,104.00286438094021,104.02996512520669,107.03678581316669,105.60761734405482,106.3940848722102,E12000009,South West,6.239205645889072,0.7864675281553843
1476,12,data12,Economic and working conditions,E07000081,Gloucester,97.82976792418907,102.2729571787318,105.9139696492375,106.65484492848387,104.83550241672914,104.2618336903547,E12000009,South West,6.4320657661656355,-0.5736687263744358
1490,12,data12,Economic and working conditions,E07000082,Stroud,110.726083875329,114.10654014563679,116.8098641397038,117.0807158220564,120.61062853219984,111.38569546249346,E12000009,South West,0.6596115871644628,-9.224933069706381
1504,12,data12,Economic and working conditions,E07000083,Tewkesbury,106.92376718730587,109.02997198416,116.19035473786352,116.7701595587544,111.07605554273684,109.7941147017743,E12000009,South West,2.8703475144684347,-1.281940840962534
1518,12,data12,Economic and working conditions,E07000084,Basingstoke and Deane,112.45653905897427,113.17886269721329,119.26314021696821,119.96609557038084,118.5074655028943,114.19605683969652,E12000008,South East,1.7395177807222524,-4.311408663197781
1532,12,data12,Economic and working conditions,E07000085,East Hampshire,112.58921179536149,112.06498499813007,115.31263051747229,118.33606514398173,123.27907722068787,113.16601659112528,E12000008,South East,0.5768047957637918,-10.113060629562582
1546,12,data12,Economic and working conditions,E07000086,Eastleigh,114.03850213493205,112.28843914154369,112.26998635916478,110.59326074648152,114.60926098490096,110.00625737003834,E12000008,South East,-4.032244764893704,-4.603003614862615
1560,12,data12,Economic and working conditions,E07000087,Fareham,114.91304912933771,115.17780892277308,122.17836352685372,116.60916714174613,122.63073453196718,114.67894552328244,E12000008,South East,-0.23410360605527103,-7.951789008684742
1574,12,data12,Economic and working conditions,E07000088,Gosport,101.8495227832158,103.49764551865842,105.36740557759576,103.29907982408987,104.64967231644249,101.65891019319571,E12000008,South East,-0.19061259002009479,-2.990762123246782
1588,12,data12,Economic and working conditions,E07000089,Hart,127.18500407252344,124.01068951625184,129.29429240633792,124.86836487704828,136.17400169210876,120.37328707954671,E12000008,South East,-6.811716992976727,-15.800714612562047
1602,12,data12,Economic and working conditions,E07000090,Havant,98.56483836768223,101.31025561040458,101.83949218119656,98.75914319166807,106.13615620171879,101.12954236357822,E12000008,South East,2.5647039958959965,-5.0066138381405665
1616,12,data12,Economic and working conditions,E07000091,New Forest,108.5892653781142,108.5612895774857,115.2244055556692,112.12169872433502,117.69913225457078,107.46161715492373,E12000008,South East,-1.1276482231904765,-10.237515099647055
1630,12,data12,Economic and working conditions,E07000092,Rushmoor,110.81662392676891,111.80111644086348,116.39890221173036,115.88718388142316,117.7481745652573,107.5603059717976,E12000008,South East,-3.2563179549713084,-10.187868593459697
1644,12,data12,Economic and working conditions,E07000093,Test Valley,118.10336587111895,118.50371873165821,119.90031893017587,114.12899480931436,119.47801108792021,117.72464328384822,E12000008,South East,-0.3787225872707296,-1.753367804071985
1658,12,data12,Economic and working conditions,E07000094,Winchester,122.40289326329405,117.0063254416774,124.73248927331328,119.66619722829323,117.81021403966585,115.28987852219765,E12000008,South East,-7.113014741096393,-2.5203355174681974
1672,12,data12,Economic and working conditions,E07000095,Broxbourne,105.58678238758316,103.71481008147256,106.72957547986731,105.9733663734004,106.37661123650543,104.61525120895979,E12000006,East of England,-0.9715311786233656,-1.761360027545635
1686,12,data12,Economic and working conditions,E07000096,Dacorum,109.77877897848136,112.75385000511645,111.54808681482024,113.33619397544152,119.29546366140563,111.15195579531485,E12000006,East of England,1.3731768168334924,-8.143507866090786
1700,12,data12,Economic and working conditions,E07000098,Hertsmere,109.80171364300907,110.33950506279855,113.40417488024171,110.627462640341,120.18002048963028,113.53577651842437,E12000006,East of England,3.7340628754153045,-6.64424397120591
1714,12,data12,Economic and working conditions,E07000099,North Hertfordshire,111.96415230120311,113.72314203834536,113.23046695016157,113.98048679831965,115.33075674158128,113.79986683426534,E12000006,East of England,1.8357145330622302,-1.530889907315938
1728,12,data12,Economic and working conditions,E07000102,Three Rivers,114.08388920037524,113.34142750450422,118.96714889903869,114.08384704233198,119.56190192478954,115.49045656220787,E12000006,East of England,1.4065673618326286,-4.07144536258167
1742,12,data12,Economic and working conditions,E07000103,Watford,107.76892181876877,107.47016099685766,110.83788465733208,108.56959435803194,114.26930860358306,107.81798851189491,E12000006,East of England,0.049066693126135874,-6.451320091688146
1756,12,data12,Economic and working conditions,E07000105,Ashford,100.88322247505332,100.98348811697521,103.37023091860607,102.72875940973185,104.81907703869638,104.67888906398771,E12000008,South East,3.7956665889343952,-0.14018797470866673
1770,12,data12,Economic and working conditions,E07000106,Canterbury,100.4746326569032,99.91384437007295,103.85944518085756,99.2885208184155,103.36366124332028,104.47838975491086,E12000008,South East,4.003757098007668,1.1147285115905845
1784,12,data12,Economic and working conditions,E07000107,Dartford,100.30806177670868,104.10470203518386,109.07434060646138,107.84375139491577,111.61926461894592,105.59173775867555,E12000008,South East,5.283675981966866,-6.02752686027037
1798,12,data12,Economic and working conditions,E07000108,Dover,95.25880381721993,97.141223321469,97.14836419437107,100.61223174006712,96.28457843908951,95.51609141346962,E12000008,South East,0.25728759624969655,-0.7684870256198906
1812,12,data12,Economic and working conditions,E07000109,Gravesham,94.9501281826788,92.4085596849014,98.4376428670932,99.35285301324396,97.31135827584521,96.08857389644815,E12000008,South East,1.1384457137693573,-1.222784379397055
1826,12,data12,Economic and working conditions,E07000110,Maidstone,103.97296267527453,102.82719509480341,105.777389617194,109.16240927321407,110.05085573407284,106.40745698435812,E12000008,South East,2.4344943090835898,-3.64339874971472
1840,12,data12,Economic and working conditions,E07000111,Sevenoaks,111.32359488355971,108.3825698807555,113.82235399571371,111.12580118669308,114.89306751831008,110.17615824997674,E12000008,South East,-1.14743663358297,-4.716909268333339
1854,12,data12,Economic and working conditions,E07000112,Folkestone and Hythe,97.41441164620285,97.14063958710072,100.97715001683865,99.82502092528871,101.56135978218141,100.76845504302167,E12000008,South East,3.354043396818824,-0.7929047391597379
1868,12,data12,Economic and working conditions,E07000113,Swale,97.37172672328957,93.86194801418912,96.70715384156358,92.86188088762628,96.87893530916338,95.55090248840106,E12000008,South East,-1.820824234888505,-1.328032820762317
1882,12,data12,Economic and working conditions,E07000114,Thanet,89.77410542691118,90.65489671675108,94.10978125761991,93.77589262928494,92.04122996620201,92.5712641140716,E12000008,South East,2.797158687160419,0.5300341478695856
1896,12,data12,Economic and working conditions,E07000115,Tonbridge and Malling,109.11472263368871,109.2415027947616,111.11204079498975,111.73416153754226,115.65480433332165,109.7949412104905,E12000008,South East,0.6802185768017921,-5.859863122831143
1910,12,data12,Economic and working conditions,E07000116,Tunbridge Wells,113.11671107893798,113.86412069628722,117.25130404104335,110.94162647944596,117.82240378958731,113.92086921004072,E12000008,South East,0.8041581311027386,-3.901534579546592
1924,12,data12,Economic and working conditions,E07000117,Burnley,86.26092162854789,86.79457943425986,85.79829712862173,84.70892802686387,84.39371819082231,84.93836867903198,E12000002,North West,-1.3225529495159094,0.544650488209669
1938,12,data12,Economic and working conditions,E07000118,Chorley,107.28808863347071,105.37023211118564,108.78738583160325,107.37646904123716,106.97535800415716,104.87159452124412,E12000002,North West,-2.4164941122265873,-2.1037634829130383
1952,12,data12,Economic and working conditions,E07000119,Fylde,111.2674676763865,107.43388320255232,109.72466753841984,110.90624733834065,113.80963030896856,105.6660780221146,E12000002,North West,-5.601389654271898,-8.14355228685396
1966,12,data12,Economic and working conditions,E07000120,Hyndburn,87.16209409193128,87.47449553687711,87.00255512561735,84.6413892964388,88.05739928156873,86.1582757023271,E12000002,North West,-1.0038183896041772,-1.8991235792416319
1980,12,data12,Economic and working conditions,E07000121,Lancaster,99.25688704242278,101.11110900322686,100.5034778401692,98.42478402433709,100.52018730706207,100.98021104903098,E12000002,North West,1.723324006608209,0.4600237419689108
1994,12,data12,Economic and working conditions,E07000122,Pendle,85.59474633250844,87.79497497409588,84.95584419012603,83.49381849328319,85.06952789364713,86.12395866774987,E12000002,North West,0.5292123352414393,1.054430774102741
2008,12,data12,Economic and working conditions,E07000123,Preston,90.93488582114651,92.73646258321727,95.30611422969349,94.11667134018755,95.81155608262439,92.61762124757229,E12000002,North West,1.6827354264257792,-3.1939348350521044
2022,12,data12,Economic and working conditions,E07000124,Ribble Valley,117.17426142069736,115.28038183423426,117.1065126153222,112.70649224282069,121.63279427434414,114.46813301710141,E12000002,North West,-2.7061284035959545,-7.164661257242727
2036,12,data12,Economic and working conditions,E07000125,Rossendale,95.28586880887192,93.85872173585649,97.22036362210484,96.9835979381744,100.56536988194266,97.94573623378606,E12000002,North West,2.6598674249141396,-2.6196336481565936
2050,12,data12,Economic and working conditions,E07000126,South Ribble,104.63715248916266,107.48929322661938,107.60306040911344,105.72819606190781,110.50594698810032,107.4236653969806,E12000002,North West,2.7865129078179365,-3.082281591119724
2064,12,data12,Economic and working conditions,E07000127,West Lancashire,98.61211167430784,100.30170147294213,99.44974102514044,98.37192487554488,101.40585212818605,101.64759883658472,E12000002,North West,3.0354871622768798,0.24174670839866508
2078,12,data12,Economic and working conditions,E07000128,Wyre,104.94266744020985,100.95534975601484,103.68765428784776,105.55078703674965,106.38832550186045,102.79633781902346,E12000002,North West,-2.146329621186382,-3.5919876828369866
2092,12,data12,Economic and working conditions,E07000129,Blaby,109.42891143121685,111.0694590916486,107.69928965541412,112.39380736526847,114.26115641354895,109.26732231560537,E12000004,East Midlands,-0.16158911561147704,-4.9938340979435765
2106,12,data12,Economic and working conditions,E07000130,Charnwood,105.70951461945498,104.11205915798494,104.72649906859915,107.47825588749474,113.19132548708636,107.96499545895307,E12000004,East Midlands,2.255480839498091,-5.22633002813329
2120,12,data12,Economic and working conditions,E07000131,Harborough,119.36254327367456,119.3077235829791,116.0694665155353,115.0552248873432,121.62667424725092,112.17572684313559,E12000004,East Midlands,-7.186816430538968,-9.450947404115325
2134,12,data12,Economic and working conditions,E07000132,Hinckley and Bosworth,106.6241128909615,107.66237714167715,105.1707418452988,106.8435900394148,110.61747748847998,105.97106122066528,E12000004,East Midlands,-0.6530516702962217,-4.6464162678147005
2148,12,data12,Economic and working conditions,E07000133,Melton,108.12353285076307,104.61461827415108,105.11872426479408,108.41584539397623,108.66567777752184,106.87662072412027,E12000004,East Midlands,-1.2469121266427976,-1.7890570534015637
2162,12,data12,Economic and working conditions,E07000134,North West Leicestershire,104.72446118874657,104.75639983436392,108.9379866786022,104.12558571299871,108.37029101021471,101.3680094197246,E12000004,East Midlands,-3.356451769021973,-7.002281590490114
2176,12,data12,Economic and working conditions,E07000135,Oadby and Wigston,103.01664944321527,103.88872518612551,106.25887435744986,107.96629045295052,109.65615467582012,103.47465458992828,E12000004,East Midlands,0.4580051467130062,-6.181500085891841
2190,12,data12,Economic and working conditions,E07000136,Boston,91.13653680641569,91.02698960532595,91.99158067000371,100.59905233054609,97.90260876358515,97.16897326886958,E12000004,East Midlands,6.032436462453887,-0.7336354947155712
2204,12,data12,Economic and working conditions,E07000137,East Lindsey,89.99854432734733,92.29331225517109,94.79568194130378,95.45041996843528,97.29959154905417,94.0562050220598,E12000004,East Midlands,4.057660694712467,-3.243386526994371
2218,12,data12,Economic and working conditions,E07000138,Lincoln,88.25478650516243,89.97320285540731,92.01649765609235,95.09183759015279,95.43223663027506,92.10166500413051,E12000004,East Midlands,3.8468784989680813,-3.330571626144547
2232,12,data12,Economic and working conditions,E07000139,North Kesteven,108.2259561660102,106.35962053183664,107.7770173292366,108.75970907121115,111.82290397974674,106.36415354445387,E12000004,East Midlands,-1.8618026215563361,-5.45875043529287
2246,12,data12,Economic and working conditions,E07000140,South Holland,97.86159380051224,97.88034796645651,98.24267401774948,101.34269013216692,104.68448519876593,99.55499325377487,E12000004,East Midlands,1.6933994532626286,-5.129491944991059
2260,12,data12,Economic and working conditions,E07000141,South Kesteven,101.0957901282487,103.87542984522764,106.62750562543958,108.34532336466066,107.37405961132298,103.02697203122904,E12000004,East Midlands,1.9311819029803416,-4.347087580093941
2274,12,data12,Economic and working conditions,E07000142,West Lindsey,93.66897479054657,96.84523503148836,96.7948882037542,99.70525017578794,101.90008741419935,97.18122127592413,E12000004,East Midlands,3.5122464853775597,-4.718866138275217
2288,12,data12,Economic and working conditions,E07000143,Breckland,101.95151610099802,104.05665258304893,102.90246856194635,102.40293374993898,104.84681786360491,100.06912123467713,E12000006,East of England,-1.8823948663208938,-4.777696628927785
2302,12,data12,Economic and working conditions,E07000144,Broadland,108.87680082969193,109.50782676279852,110.50570917672722,109.00016052623266,119.15851969814571,109.41221690027722,E12000006,East of England,0.5354160705852848,-9.746302797868495
2316,12,data12,Economic and working conditions,E07000145,Great Yarmouth,89.18797587840571,91.4676631726473,88.45815653468875,89.50661260728134,94.49264493811931,92.67553035377406,E12000006,East of England,3.4875544753683556,-1.8171145843452479
2330,12,data12,Economic and working conditions,E07000146,King's Lynn and West Norfolk,97.95601606067542,99.76687996545891,103.2717058644923,100.33640638204868,104.42653701331902,102.28043312559004,E12000006,East of England,4.324417064914613,-2.1461038877289838
2344,12,data12,Economic and working conditions,E07000147,North Norfolk,100.91834321822212,100.47082015992464,106.54442090793648,108.09671916321614,108.1652320731926,99.90655869692431,E12000006,East of England,-1.0117845212978125,-8.258673376268291
2358,12,data12,Economic and working conditions,E07000148,Norwich,94.55992347433674,97.85096331739176,95.18064068973818,98.1511099805495,99.00059719304792,97.9034687147252,E12000006,East of England,3.343545240388451,-1.0971284783227304
2372,12,data12,Economic and working conditions,E07000149,South Norfolk,110.24289703937711,113.41007012715636,110.93406463262009,110.83753598761996,117.08516437980512,111.26148395906846,E12000006,East of England,1.0185869196913444,-5.823680420736665
2386,12,data12,Economic and working conditions,E07000163,Craven,111.56074705035721,110.64048706213144,108.22010378090624,109.1708610909578,109.32344031071592,112.5512932144005,E12000003,Yorkshire and The Humber,0.9905461640432947,3.2278529036845782
2400,12,data12,Economic and working conditions,E07000164,Hambleton,112.45384790262275,115.36203211897148,111.03224352118093,111.47259207651786,113.71164158174669,109.88280083656198,E12000003,Yorkshire and The Humber,-2.571047066060771,-3.8288407451847064
2414,12,data12,Economic and working conditions,E07000165,Harrogate,118.00830398295368,119.36901861755241,113.53835894170989,115.55353016375167,119.03768529854051,116.70540410176092,E12000003,Yorkshire and The Humber,-1.302899881192758,-2.33228119677959
2428,12,data12,Economic and working conditions,E07000166,Richmondshire,115.43153948116257,115.15299481660892,109.65447139939738,107.49337914020846,112.33113406573516,110.54851570153116,E12000003,Yorkshire and The Humber,-4.883023779631415,-1.7826183642039979
2442,12,data12,Economic and working conditions,E07000167,Ryedale,107.90684551294416,108.82757380765464,107.02792328625671,106.95308264769596,106.87151642647636,103.14610786773436,E12000003,Yorkshire and The Humber,-4.760737645209801,-3.7254085587420036
2456,12,data12,Economic and working conditions,E07000168,Scarborough,99.80120123003128,99.6182733548685,98.1729895396075,101.1770882634105,100.38080572788223,98.48918914961521,E12000003,Yorkshire and The Humber,-1.3120120804160678,-1.8916165782670191
2470,12,data12,Economic and working conditions,E07000169,Selby,104.67192585261823,104.76799525538955,107.00906523586313,109.9433213553377,108.88422960387638,109.41715677411841,E12000003,Yorkshire and The Humber,4.74523092150018,0.5329271702420328
2484,12,data12,Economic and working conditions,E07000170,Ashfield,92.31864789502107,93.2686801018696,94.58305331173271,97.66409361031091,103.11000041934,95.20918111367449,E12000004,East Midlands,2.8905332186534167,-7.900819305665507
2498,12,data12,Economic and working conditions,E07000171,Bassetlaw,92.6648545945034,94.72836750931809,95.77449655019414,97.76221555771156,101.4211520430686,96.01767860149602,E12000004,East Midlands,3.35282400699262,-5.4034734415725865
2512,12,data12,Economic and working conditions,E07000172,Broxtowe,103.49345899366905,104.65908601442844,104.59560242374094,104.87230713276548,109.13535757304285,106.20372780363623,E12000004,East Midlands,2.7102688099671752,-2.9316297694066265
2526,12,data12,Economic and working conditions,E07000173,Gedling,100.36379747222013,98.56522624876831,101.86118541937714,104.32300783665184,106.45096554604427,102.96788220975503,E12000004,East Midlands,2.6040847375349045,-3.4830833362892406
2540,12,data12,Economic and working conditions,E07000174,Mansfield,92.7778352082265,92.42170422234967,93.9540674642081,98.86844991133906,100.4562652580215,94.39169294386208,E12000004,East Midlands,1.6138577356355768,-6.06457231415942
2554,12,data12,Economic and working conditions,E07000175,Newark and Sherwood,95.30349643923698,99.72157989593168,101.2778054383436,101.37318179905176,102.14172169137085,98.36916195175579,E12000004,East Midlands,3.0656655125188053,-3.772559739615062
2568,12,data12,Economic and working conditions,E07000176,Rushcliffe,116.85228967621515,114.93438243742598,117.43787430714892,118.55949953658964,123.05135315800726,113.25164924185854,E12000004,East Midlands,-3.600640434356606,-9.799703916148715
2582,12,data12,Economic and working conditions,E07000177,Cherwell,108.8317653749604,107.4646596334499,112.82666610481701,111.29318398766804,115.9990950904165,108.32768526976496,E12000008,South East,-0.5040801051954418,-7.671409820651547
2596,12,data12,Economic and working conditions,E07000178,Oxford,106.89926678403783,104.25724303801941,110.83548234929613,108.87580331154295,112.09788481015896,105.63649645355093,E12000008,South East,-1.2627703304869016,-6.461388356608026
2610,12,data12,Economic and working conditions,E07000179,South Oxfordshire,121.87879219335044,118.21403097760117,121.57301334475477,118.16372297342305,126.12778466783494,118.8856234127568,E12000008,South East,-2.993168780593635,-7.242161255078145
2624,12,data12,Economic and working conditions,E07000180,Vale of White Horse,121.43132862127727,119.96764252874115,122.5377863662271,114.27941597456932,119.18168163188095,118.54990210098755,E12000008,South East,-2.881426520289722,-0.6317795308933967
2638,12,data12,Economic and working conditions,E07000181,West Oxfordshire,116.33622817139909,116.81145987558504,122.96406379511492,117.38752202233853,124.9025831504657,112.41069535790079,E12000008,South East,-3.925532813498293,-12.49188779256491
2652,12,data12,Economic and working conditions,E07000187,Mendip,102.08124987756531,104.35997306068136,104.49787839151143,104.26919171876902,107.76512824354332,105.07577907042707,E12000009,South West,2.994529192861762,-2.6893491731162413
2666,12,data12,Economic and working conditions,E07000188,Sedgemoor,96.38615547014594,101.18282676348898,100.62853609361929,104.7318902274328,102.94532882088151,101.18905417187584,E12000009,South West,4.802898701729902,-1.7562746490056753
2680,12,data12,Economic and working conditions,E07000189,South Somerset,104.89960846211642,106.53293240003728,108.59173295948291,109.01853892528324,111.5856413812418,106.76752260173984,E12000009,South West,1.867914139623423,-4.818118779501958
2694,12,data12,Economic and working conditions,E07000192,Cannock Chase,98.6826635588084,100.1336375194295,101.86429868398385,103.09260204992891,106.58360578832828,97.90979592559358,E12000005,West Midlands,-0.7728676332148154,-8.6738098627347
2708,12,data12,Economic and working conditions,E07000193,East Staffordshire,99.30826965160273,101.60519950757977,102.015379811184,104.17943953244196,102.68338993490887,97.08601297984724,E12000005,West Midlands,-2.2222566717554884,-5.597376955061634
2722,12,data12,Economic and working conditions,E07000194,Lichfield,112.29805135801294,111.13565129921729,114.49782679555376,111.6702101986739,111.15971971310684,105.7874817718948,E12000005,West Midlands,-6.510569586118137,-5.372237941212035
2736,12,data12,Economic and working conditions,E07000195,Newcastle-under-Lyme,100.33890354150527,103.72524581246832,101.24016811380451,104.8452485739883,103.49732130301662,95.94585866330152,E12000005,West Midlands,-4.393044878203753,-7.551462639715098
2750,12,data12,Economic and working conditions,E07000196,South Staffordshire,104.68318093587752,106.2117304762502,106.54621272425156,106.63449794175872,108.61197703953442,102.4961198435147,E12000005,West Midlands,-2.1870610923628107,-6.115857196019718
2764,12,data12,Economic and working conditions,E07000197,Stafford,108.7051277095562,108.58008416773794,110.48497257141544,113.93472604103366,110.13595872645465,105.16076524535895,E12000005,West Midlands,-3.544362464197249,-4.975193481095701
2778,12,data12,Economic and working conditions,E07000198,Staffordshire Moorlands,108.9789160957771,108.65274529604059,107.73141205486758,108.77452834410043,104.90261696918337,107.82071042818735,E12000005,West Midlands,-1.1582056675897405,2.918093459003984
2792,12,data12,Economic and working conditions,E07000199,Tamworth,107.34547083790396,103.27963716053951,105.71998781224664,101.13444073783184,103.21326331613001,99.68112030734804,E12000005,West Midlands,-7.664350530555922,-3.532143008781972
2806,12,data12,Economic and working conditions,E07000200,Babergh,106.22825893132057,109.32025872833314,105.74571864081771,108.30082477175263,108.10019492467602,108.26532376046794,E12000006,East of England,2.0370648291473685,0.1651288357919185
2820,12,data12,Economic and working conditions,E07000202,Ipswich,94.86797665584128,99.11687460611886,96.68320437732315,96.17937569361817,96.0476710968074,96.14052345368566,E12000006,East of England,1.2725467978443845,0.09285235687825377
2834,12,data12,Economic and working conditions,E07000203,Mid Suffolk,108.67169784887396,109.43628807399489,111.28223434215523,108.53274455413164,115.92823204784031,108.79783295005957,E12000006,East of England,0.12613510118561067,-7.130399097780739
2848,12,data12,Economic and working conditions,E07000207,Elmbridge,122.98987501788542,123.40402149991185,125.81199951850141,126.52511717290881,130.17556017486578,121.75266520096808,E12000008,South East,-1.2372098169173427,-8.422894973897698
2862,12,data12,Economic and working conditions,E07000208,Epsom and Ewell,123.6688343973688,121.45355531490566,120.50166951862816,120.96378289775384,130.59028389325553,126.42551479198991,E12000008,South East,2.756680394621114,-4.16476910126562
2876,12,data12,Economic and working conditions,E07000209,Guildford,118.31487761493202,116.21475252347736,124.78590813699064,119.45613026847691,130.94889715276932,120.2420638903325,E12000008,South East,1.9271862754004871,-10.706833262436817
2890,12,data12,Economic and working conditions,E07000210,Mole Valley,120.07309132755636,119.35781994583105,121.5448413546646,118.64791135081332,131.42559484064412,117.98148953277516,E12000008,South East,-2.091601794781198,-13.444105307868966
2904,12,data12,Economic and working conditions,E07000211,Reigate and Banstead,116.06156375565511,117.22972683980369,118.54940428628336,114.685427592521,123.01500559801235,115.41607657522415,E12000008,South East,-0.6454871804309619,-7.598929022788198
2918,12,data12,Economic and working conditions,E07000212,Runnymede,113.21438424858788,115.16186556337809,118.88028305633415,113.75928469618746,122.84473290308829,118.46553946652952,E12000008,South East,5.251155217941644,-4.379193436558765
2932,12,data12,Economic and working conditions,E07000213,Spelthorne,114.57519574326643,111.80968772415608,115.30250969793602,115.618337880684,119.56537630111671,112.81573156150765,E12000008,South East,-1.759464181758787,-6.749644739609067
2946,12,data12,Economic and working conditions,E07000214,Surrey Heath,116.89397330527703,118.51776544872108,125.63189606581,120.01157249839552,128.15895132964144,117.94183176075937,E12000008,South East,1.0478584554823414,-10.217119568882069
2960,12,data12,Economic and working conditions,E07000215,Tandridge,118.00400399132057,114.57395463427284,115.83770250247214,115.50248197369316,120.53285174077,114.37079498011299,E12000008,South East,-3.633209011207583,-6.162056760657009
2974,12,data12,Economic and working conditions,E07000216,Waverley,120.90496045798395,126.07954445332369,127.2962865008958,125.68724714553566,134.37441764582698,122.02371848865656,E12000008,South East,1.118758030672609,-12.350699157170425
2988,12,data12,Economic and working conditions,E07000217,Woking,115.35237232696456,120.57263190202481,120.17290393113892,118.47043703989773,122.07972688169687,111.3249640910065,E12000008,South East,-4.027408235958049,-10.754762790690364
3002,12,data12,Economic and working conditions,E07000218,North Warwickshire,101.24855367645458,101.3168686192938,106.0386087976083,105.64923474352169,102.9514035235976,96.42558786934315,E12000005,West Midlands,-4.82296580711143,-6.525815654254458
3016,12,data12,Economic and working conditions,E07000219,Nuneaton and Bedworth,95.07412403036636,96.64583556810128,97.23866525072941,101.09417416206901,99.06502711132315,96.75390213710905,E12000005,West Midlands,1.6797781067426882,-2.3111249742140956
3030,12,data12,Economic and working conditions,E07000220,Rugby,108.62625001537882,108.41604066113379,107.88758916826151,108.84296455189332,108.73204471362251,106.34479540463673,E12000005,West Midlands,-2.281454610742088,-2.387249308985787
3044,12,data12,Economic and working conditions,E07000221,Stratford-on-Avon,124.1484702300661,120.46369666026706,115.5673121799398,115.36091998970845,117.6137286534198,112.11465139611812,E12000005,West Midlands,-12.033818833947976,-5.499077257301678
3058,12,data12,Economic and working conditions,E07000222,Warwick,116.89353589731331,114.8629736629542,118.52473615633377,119.48116771249279,120.33542800804676,116.87245433600306,E12000005,West Midlands,-0.02108156131025396,-3.4629736720437023
3072,12,data12,Economic and working conditions,E07000223,Adur,105.42833584647856,102.15130082625973,105.21907493005476,103.89356953658178,106.53860528790425,103.75689529960243,E12000008,South East,-1.671440546876127,-2.781709988301813
3086,12,data12,Economic and working conditions,E07000224,Arun,104.89797076529644,101.03172054944528,106.10511582106136,105.79009232817404,105.17107653869664,101.44480964373363,E12000008,South East,-3.4531611215628004,-3.726266894963004
3100,12,data12,Economic and working conditions,E07000225,Chichester,113.03498560769985,110.092010903072,115.70724956272728,111.17505917177748,113.20393495141373,106.95867743399802,E12000008,South East,-6.0763081737018325,-6.245257517415709
3114,12,data12,Economic and working conditions,E07000226,Crawley,99.99601596718092,100.17679729638162,103.73973573878187,100.72218717218892,103.05675071532116,98.2105346680165,E12000008,South East,-1.7854812991644167,-4.846216047304651
3128,12,data12,Economic and working conditions,E07000227,Horsham,116.43505893254058,117.217103150944,118.159444992056,115.32962904191551,122.71315686159338,114.39781583639996,E12000008,South East,-2.037243096140628,-8.315341025193419
3142,12,data12,Economic and working conditions,E07000228,Mid Sussex,121.55708808165095,120.87925132556768,128.87597140493745,126.76459704494577,130.0126378761029,119.68920571986756,E12000008,South East,-1.867882361783387,-10.323432156235341
3156,12,data12,Economic and working conditions,E07000229,Worthing,105.60678103429113,106.37158125367037,107.7542345263863,104.86746833908609,108.10178685189341,103.6599391239416,E12000008,South East,-1.9468419103495336,-4.44184772795181
3170,12,data12,Economic and working conditions,E07000234,Bromsgrove,106.92717141242159,110.04507701688844,113.27147864262702,111.54501592517992,110.85822474669693,108.55285505790751,E12000005,West Midlands,1.6256836454859211,-2.305369688789426
3184,12,data12,Economic and working conditions,E07000235,Malvern Hills,107.44866448285623,105.65385449861593,105.7864405272265,109.39864182163372,110.08327835191808,106.96419274132832,E12000005,West Midlands,-0.48447174152791206,-3.1190856105897637
3198,12,data12,Economic and working conditions,E07000236,Redditch,96.35942032995302,99.18699237837771,101.63151937942214,100.9586209676306,102.24307266029423,98.19454726785507,E12000005,West Midlands,1.8351269379020465,-4.04852539243916
3212,12,data12,Economic and working conditions,E07000237,Worcester,99.96888387106895,100.97447725216429,100.95002020942002,103.66319167138252,101.47841317200115,100.60597589953504,E12000005,West Midlands,0.6370920284660855,-0.8724372724661151
3226,12,data12,Economic and working conditions,E07000238,Wychavon,108.74878166891008,109.66567110183779,107.01467594719635,112.4714181693823,109.27781451349243,105.90358050857515,E12000005,West Midlands,-2.8452011603349376,-3.374234004917284
3240,12,data12,Economic and working conditions,E07000239,Wyre Forest,99.04761246643055,100.5401850753002,100.83988953053957,104.19289322387979,97.4686056709032,95.780877124601,E12000005,West Midlands,-3.266735341829545,-1.6877285463021963
3254,12,data12,Economic and working conditions,E07000240,St Albans,121.75396211830866,117.8813124800597,117.85011666403608,117.73848564306007,120.84436555862112,120.87141551204891,E12000006,East of England,-0.8825466062597513,0.027049953427791706
3268,12,data12,Economic and working conditions,E07000241,Welwyn Hatfield,107.04468605118414,110.86647712129898,113.27661687602163,111.00613416801237,113.7242730807119,112.87070220442315,E12000006,East of England,5.82601615323901,-0.8535708762887424
3282,12,data12,Economic and working conditions,E07000242,East Hertfordshire,123.54324714984978,120.72068755801644,124.56895408537831,124.60641664754006,125.23395570011914,116.88824066255172,E12000006,East of England,-6.655006487298053,-8.345715037567416
3296,12,data12,Economic and working conditions,E07000243,Stevenage,102.98446708122336,104.22359061743308,101.57073981855793,106.77983088782793,110.02001538286764,107.91455143424066,E12000006,East of England,4.930084353017307,-2.1054639486269764
3310,12,data12,Economic and working conditions,E07000244,East Suffolk,104.23578564367493,104.66429737271649,103.53172876845423,106.58221510460018,106.8402972706064,102.62213185459906,E12000006,East of England,-1.6136537890758689,-4.218165416007338
3324,12,data12,Economic and working conditions,E07000245,West Suffolk,109.8537380831865,111.55643865604671,110.41214505590256,109.93979639666716,115.35240727578713,111.57633272828873,E12000006,East of England,1.7225946451022338,-3.7760745474983963
3338,12,data12,Economic and working conditions,E07000246,Somerset West and Taunton,101.0769931677261,104.31766434967408,107.57090177953121,108.48313661098412,107.09857940181507,102.25070133507192,E12000009,South West,1.173708167345822,-4.847878066743149
3352,12,data12,Economic and working conditions,E08000001,Bolton,86.95044492844478,87.42510151076168,86.10858279470449,86.84257487625635,86.08399621424627,86.34543138356857,E12000002,North West,-0.6050135448762148,0.26143516932229716
3366,12,data12,Economic and working conditions,E08000002,Bury,92.61434273853487,94.44064067510848,95.32084580287308,94.53199099651951,95.299124197845,95.65935898677759,E12000002,North West,3.0450162482427174,0.360234788932587
3380,12,data12,Economic and working conditions,E08000003,Manchester,85.15044633223903,85.67099668454513,87.43361449320152,88.1613978716297,87.87376903827494,86.24775106123823,E12000002,North West,1.0973047289992053,-1.6260179770367102
3394,12,data12,Economic and working conditions,E08000004,Oldham,82.96435503115643,82.4769861717365,82.13142636546911,82.92338997743506,85.08449681433527,83.81910098904963,E12000002,North West,0.8547459578932006,-1.265395825285637
3408,12,data12,Economic and working conditions,E08000005,Rochdale,84.96836635255247,85.00255501154619,86.0114418648467,87.62603941245916,86.9464955425466,88.68654837750229,E12000002,North West,3.718182024949826,1.7400528349556907
3422,12,data12,Economic and working conditions,E08000006,Salford,90.965912847813,89.98676158990567,93.18971541591299,92.88926998168628,95.41980644796024,94.21025497463785,E12000002,North West,3.244342126824847,-1.2095514733223922
3436,12,data12,Economic and working conditions,E08000007,Stockport,103.7948302848321,104.46374364700195,104.94228853175262,107.7808494309824,106.88318324882563,105.44333984079272,E12000002,North West,1.648509555960615,-1.4398434080329139
3450,12,data12,Economic and working conditions,E08000008,Tameside,92.99316671263772,91.74472303609349,92.0662206688534,92.03070500808448,95.30634017089608,92.20052334491626,E12000002,North West,-0.7926433677214533,-3.105816825979815
3464,12,data12,Economic and working conditions,E08000009,Trafford,106.5991398511844,108.10811225485277,107.35194822100921,106.98095451097336,109.72247952727885,109.21903219443294,E12000002,North West,2.6198923432485373,-0.5034473328459086
3478,12,data12,Economic and working conditions,E08000010,Wigan,96.64137030667645,96.34488194751384,98.15040373641779,96.36266109101187,99.7427027241233,97.04935328778829,E12000002,North West,0.40798298111184295,-2.693349436335012
3492,12,data12,Economic and working conditions,E08000011,Knowsley,91.35145590312194,90.54628283094223,91.38336137685013,95.06234396612514,95.91517690829242,96.35115037338791,E12000002,North West,4.999694470265965,0.4359734650954863
3506,12,data12,Economic and working conditions,E08000012,Liverpool,88.89468109832224,89.48070313733155,89.40358148667724,92.81314638271105,92.8284068861943,94.99032810902864,E12000002,North West,6.095647010706401,2.161921222834337
3520,12,data12,Economic and working conditions,E08000013,St. Helens,94.41412788926384,95.67883440342872,95.65068046083229,98.577189437909,96.72943616899812,99.84292406920031,E12000002,North West,5.4287961799364695,3.1134879002021876
3534,12,data12,Economic and working conditions,E08000014,Sefton,98.83403216376549,97.85830358564169,97.60034973712023,102.46068099003382,102.91207857285609,102.34104690633059,E12000002,North West,3.5070147425651044,-0.5710316665254993
3548,12,data12,Economic and working conditions,E08000015,Wirral,100.57445056095877,101.85173539634071,100.26229299223247,106.04920354760804,101.73308557451715,103.48219367688309,E12000002,North West,2.907743115924319,1.7491081023659376
3562,12,data12,Economic and working conditions,E08000016,Barnsley,93.02767761370797,92.90824820380888,93.8645216811084,92.50345247004572,93.5308685590049,91.98399995958808,E12000003,Yorkshire and The Humber,-1.0436776541198896,-1.5468685994168254
3576,12,data12,Economic and working conditions,E08000017,Doncaster,88.59925970557278,91.15386834417478,90.53735691338642,90.2429343839947,90.48303170045773,90.19297521914473,E12000003,Yorkshire and The Humber,1.5937155135719507,-0.29005648131300177
3590,12,data12,Economic and working conditions,E08000018,Rotherham,91.00423568708644,90.93339813624092,93.894569276818,93.73641323584879,92.74127498929948,93.7567297086188,E12000003,Yorkshire and The Humber,2.752494021532371,1.0154547193193224
3604,12,data12,Economic and working conditions,E08000019,Sheffield,90.88185060812805,93.47037238983543,93.25065479477426,95.37855471112712,96.99297631371759,94.235354949622,E12000003,Yorkshire and The Humber,3.3535043414939594,-2.7576213640955842
3618,12,data12,Economic and working conditions,E08000021,Newcastle upon Tyne,88.42914340424994,87.91781596181671,89.37108587997825,89.89848474769987,87.04977561085562,86.85554409719357,E12000001,North East,-1.5735993070563694,-0.1942315136620465
3632,12,data12,Economic and working conditions,E08000022,North Tyneside,96.39679630662232,95.46021784716793,96.43326770018369,97.20725204406384,95.66516347841744,92.54760157906291,E12000001,North East,-3.849194727559407,-3.117561899354527
3646,12,data12,Economic and working conditions,E08000023,South Tyneside,88.720996239324,87.42527472139385,88.09008201487083,88.59737973301505,86.03244839969881,84.83812492668372,E12000001,North East,-3.882871312640276,-1.1943234730150891
3660,12,data12,Economic and working conditions,E08000024,Sunderland,89.97429286086548,89.341377750837,92.06878481540262,92.03301017682331,87.97212321896222,87.63198125242752,E12000001,North East,-2.342311608437953,-0.3401419665347021
3674,12,data12,Economic and working conditions,E08000025,Birmingham,82.21580555238098,82.85736533432036,83.5825151588993,85.24791592902412,82.4744586388091,82.86748557844048,E12000005,West Midlands,0.6516800260594948,0.39302693963138324
3688,12,data12,Economic and working conditions,E08000026,Coventry,90.61458835113476,93.78222449467934,94.18041741692741,96.9887718848396,95.3244603907092,92.8681740954202,E12000005,West Midlands,2.253585744285445,-2.4562862952890043
3702,12,data12,Economic and working conditions,E08000027,Dudley,89.8088606218305,90.68506884477921,91.06722017238636,91.55324552416292,90.8385135795903,89.7909119583276,E12000005,West Midlands,-0.01794866350290647,-1.0476016212627002
3716,12,data12,Economic and working conditions,E08000028,Sandwell,81.25701033509898,81.98828918084499,82.33505617126613,84.6143620966279,83.37416002142312,82.98959415438038,E12000005,West Midlands,1.7325838192814018,-0.3845658670427383
3730,12,data12,Economic and working conditions,E08000029,Solihull,102.56001250638347,102.17971615077522,106.6447721641735,105.94991558484136,105.62097674651848,104.74383147437744,E12000005,West Midlands,2.1838189679939717,-0.8771452721410355
3744,12,data12,Economic and working conditions,E08000030,Walsall,83.99567417701891,86.3638820060746,87.39013476321371,88.85827704745279,86.22856152411316,86.51687992966835,E12000005,West Midlands,2.5212057526494362,0.28831840555518795
3758,12,data12,Economic and working conditions,E08000031,Wolverhampton,83.9617883086862,84.60329192459824,86.32909890768326,86.65635201513467,85.18190679722916,87.24560284390749,E12000005,West Midlands,3.283814535221296,2.0636960466783307
3772,12,data12,Economic and working conditions,E08000032,Bradford,81.00166231635032,83.42058240961346,84.46030779262138,84.36330865939068,81.24268908170252,82.5944039756089,E12000003,Yorkshire and The Humber,1.5927416592585786,1.351714893906376
3786,12,data12,Economic and working conditions,E08000033,Calderdale,94.37962434204364,95.86795563988842,96.85208631491808,95.08583004463064,95.00993455444448,93.75050475975462,E12000003,Yorkshire and The Humber,-0.6291195822890217,-1.259429794689865
3800,12,data12,Economic and working conditions,E08000034,Kirklees,90.5389727089886,91.40953625387094,92.65136758082109,91.0507702386262,91.72330774267272,89.66697074452178,E12000003,Yorkshire and The Humber,-0.8720019644668184,-2.0563369981509396
3814,12,data12,Economic and working conditions,E08000035,Leeds,93.48475727708427,94.12820492833185,95.11529668269891,96.56216291411621,95.51560323695145,94.8905798282396,E12000003,Yorkshire and The Humber,1.4058225511553246,-0.6250234087118542
3828,12,data12,Economic and working conditions,E08000036,Wakefield,93.15671700820428,95.29388811250736,95.11053619543802,95.36242420217887,96.92568448812645,95.27941954360972,E12000003,Yorkshire and The Humber,2.1227025354054376,-1.64626494451673
3842,12,data12,Economic and working conditions,E08000037,Gateshead,94.76303668679951,93.91178898302614,95.20792182840546,95.81544856291944,90.77738863031546,89.83730747259874,E12000001,North East,-4.925729214200771,-0.940081157716719
3856,12,data12,Economic and working conditions,E09000002,Barking and Dagenham,86.23241183832512,89.29214717383577,87.16259761260437,89.21866328467188,87.79891148872444,86.15293801887412,E12000007,London,-0.07947381945099607,-1.6459734698503183
3870,12,data12,Economic and working conditions,E09000003,Barnet,104.89023582120821,106.62088394830904,105.69358430571164,105.18562597824524,105.84869301385113,103.20532117713402,E12000007,London,-1.6849146440741833,-2.643371836717108
3884,12,data12,Economic and working conditions,E09000004,Bexley,100.10527387720732,104.73348225550392,102.03279358668571,103.43270134714115,102.5743129213827,100.52288297054186,E12000007,London,0.41760909333453355,-2.0514299508408413
3898,12,data12,Economic and working conditions,E09000005,Brent,94.35751928236084,95.85232472374815,95.55737131319128,96.74288634310615,98.78001705639379,95.007985038794,E12000007,London,0.6504657564331637,-3.772032017599784
3912,12,data12,Economic and working conditions,E09000006,Bromley,107.01691171485129,110.26591657682678,108.40468809084122,108.74274378317031,112.51959251294923,105.13734911639959,E12000007,London,-1.8795625984516988,-7.38224339654964
3926,12,data12,Economic and working conditions,E09000007,Camden,103.59199322455773,104.42711631914062,102.71031294886421,103.62337577728692,104.15408883274044,102.97169120498768,E12000007,London,-0.6203020195700475,-1.1823976277527635
3940,12,data12,Economic and working conditions,E09000008,Croydon,100.20994878551704,100.78508676138584,97.46781793929316,99.41963121751834,98.32249023027927,96.84786986966655,E12000007,London,-3.362078915850489,-1.4746203606127182
3954,12,data12,Economic and working conditions,E09000009,Ealing,97.63343885848393,98.80571979704573,97.86553659228731,96.59168810416027,96.72435363917872,94.63705979385624,E12000007,London,-2.996379064627689,-2.0872938453224776
3968,12,data12,Economic and working conditions,E09000010,Enfield,98.224740515754,98.63388769979565,96.28330463095224,98.49256121583376,95.71171618953724,94.65721268237832,E12000007,London,-3.567527833375678,-1.0545035071589268
3982,12,data12,Economic and working conditions,E09000011,Greenwich,93.51607428236737,94.67342077881284,94.05882933639008,96.31930223826215,96.01650625281022,95.10533225739205,E12000007,London,1.5892579750246796,-0.9111739954181672
3996,12,data12,Economic and working conditions,E09000012,Hackney,93.64515299072285,95.34574427909742,95.46343173746719,94.8505896545462,95.04518197291479,93.38403039126926,E12000007,London,-0.26112259945358574,-1.6611515816455267
4010,12,data12,Economic and working conditions,E09000013,Hammersmith and Fulham,102.11376334137111,104.12336023108631,101.76120623337201,101.72287427361212,103.13526622369581,101.28035887037514,E12000007,London,-0.8334044709959727,-1.8549073533206695
4024,12,data12,Economic and working conditions,E09000014,Haringey,94.96964526426572,97.1988518416798,93.67151158187704,96.17145019724614,100.5231857913526,95.5690712292254,E12000007,London,0.5994259649596785,-4.954114562127202
4038,12,data12,Economic and working conditions,E09000015,Harrow,103.29801760655049,103.74079471195984,105.39132045397429,104.3131544153022,101.84582945034454,98.15192279446323,E12000007,London,-5.146094812087256,-3.6939066558813067
4052,12,data12,Economic and working conditions,E09000016,Havering,98.79774528570458,102.76040131791059,100.58734049312581,100.40272305193147,99.78426652907656,98.81757956156142,E12000007,London,0.01983427585683728,-0.9666869675151446
4066,12,data12,Economic and working conditions,E09000017,Hillingdon,100.23659803262255,104.54887416176157,100.89371228987524,102.30506307014916,102.20435862044545,97.23866919094273,E12000007,London,-2.9979288416798227,-4.965689429502717
4080,12,data12,Economic and working conditions,E09000018,Hounslow,98.81560123379955,98.57380723415409,96.39709751564001,97.69320877473172,96.27630272405793,93.02949409111332,E12000007,London,-5.786107142686234,-3.2468086329446066
4094,12,data12,Economic and working conditions,E09000019,Islington,98.56993228734116,99.65001388085054,99.54878216148151,99.87534759683344,100.87503773246395,97.36317142279071,E12000007,London,-1.2067608645504464,-3.5118663096732377
4108,12,data12,Economic and working conditions,E09000020,Kensington and Chelsea,113.50903790081469,112.64017608092449,110.12654198133471,111.4813257038588,113.5429100707324,111.97147155671124,E12000007,London,-1.5375663441034533,-1.5714385140211675
4122,12,data12,Economic and working conditions,E09000021,Kingston upon Thames,111.24806863767448,113.8147664997985,113.4015294337249,108.68893782658431,116.17642948484331,110.40752553187632,E12000007,London,-0.8405431057981616,-5.768903952966994
4136,12,data12,Economic and working conditions,E09000022,Lambeth,98.23679055165623,98.99051863386214,98.907866871426,96.61451617937769,96.0890134741922,94.84837503464813,E12000007,London,-3.3884155170080987,-1.240638439544071
4150,12,data12,Economic and working conditions,E09000023,Lewisham,96.67492349067345,96.3244608705246,97.87768908993631,97.8561716151721,99.37888636507782,97.575018608053,E12000007,London,0.90009511737955,-1.8038677570248183
4164,12,data12,Economic and working conditions,E09000024,Merton,101.51755523426874,103.71681417554524,103.36927590975901,102.69498209598736,103.22988833831995,100.15480781749363,E12000007,London,-1.3627474167751075,-3.0750805208263188
4178,12,data12,Economic and working conditions,E09000025,Newham,88.50901725575693,90.39135460550308,89.37093998449734,89.41955595880783,89.89104186583505,86.57562578874641,E12000007,London,-1.933391467010523,-3.315416077088642
4192,12,data12,Economic and working conditions,E09000026,Redbridge,96.1733323942485,98.77624532709869,96.54754529202644,95.66688472315843,96.62837056439804,94.36125003283124,E12000007,London,-1.8120823614172679,-2.2671205315668033
4206,12,data12,Economic and working conditions,E09000027,Richmond upon Thames,120.29092786501602,123.24602618632376,120.45298439998658,120.61881234647971,128.5473292442498,121.40316152159492,E12000007,London,1.1122336565789084,-7.1441677226548705
4220,12,data12,Economic and working conditions,E09000028,Southwark,97.03097805606977,98.99110245379974,99.37401025174108,99.30976105778542,100.5771527321075,98.9935161177187,E12000007,London,1.962538061648928,-1.5836366143888085
4234,12,data12,Economic and working conditions,E09000029,Sutton,103.6916885905384,105.99909538014543,104.10014225991428,101.59167643128143,102.41118621746031,100.63430225532835,E12000007,London,-3.0573863352100545,-1.7768839621319614
4248,12,data12,Economic and working conditions,E09000030,Tower Hamlets,90.25992142274104,91.6991885497073,88.98103968802447,91.74336355334742,91.65514403942612,89.26449111780937,E12000007,London,-0.9954303049316735,-2.3906529216167485
4262,12,data12,Economic and working conditions,E09000031,Waltham Forest,92.07270744330376,93.48597337222985,92.74857726847893,96.34228252968336,91.17452991809022,88.47702918744568,E12000007,London,-3.5956782558580755,-2.697500730644535
4276,12,data12,Economic and working conditions,E09000032,Wandsworth,107.58984780533005,109.89697814630729,109.99623100738572,109.91891038228763,109.1965818056714,105.07975052100343,E12000007,London,-2.510097284326619,-4.116831284667967
4290,12,data12,Economic and working conditions,E09000033,Westminster,109.906822596751,111.08354459378828,109.02809646966257,111.47250730919953,112.9798342562547,107.36324525196423,E12000007,London,-2.543577344786769,-5.616589004290475
