age,femaleBar,maleBar
<1,251.0,239.0
1,265.0,256.0
2,255.9,287.9
3,288.0,282.0
4,259.0,303.0
5,315.1,324.9
6,353.0,320.0
7,343.0,308.0
8,305.0,343.0
9,338.0,347.0
10,359.9,363.0
11,355.0,354.0
12,305.0,322.1
13,358.0,323.0
14,330.0,349.0
15,302.0,353.0
16,316.6,370.3
17,343.9,352.7
18,396.9,463.0
19,779.8,699.6
20,742.3,755.3
21,678.4,705.0
22,562.5,642.1
23,483.1,513.1
24,410.4,415.7
25,353.8,367.2
26,319.7,385.4
27,381.1,376.8
28,354.3,319.1
29,360.1,334.1
30,358.2,361.6
31,357.7,345.4
32,339.0,360.7
33,334.2,357.1
34,345.6,313.1
35,340.4,305.0
36,349.8,345.9
37,303.9,315.0
38,332.4,321.5
39,344.9,346.7
40,313.1,321.9
41,338.4,304.9
42,320.3,303.3
43,332.4,278.2
44,326.1,311.9
45,332.1,327.0
46,327.2,331.2
47,363.4,351.9
48,399.6,334.1
49,441.9,397.8
50,508.7,420.9
51,466.2,429.8
52,507.9,487.2
53,490.0,471.0
54,493.3,477.0
55,547.8,482.0
56,593.9,490.4
57,549.6,538.8
58,594.6,546.0
59,562.7,521.4
60,542.8,513.7
61,560.5,480.1
62,523.6,522.1
63,522.0,511.5
64,493.0,490.5
65,512.1,500.1
66,523.7,495.9
67,520.9,486.3
68,487.2,451.9
69,468.6,473.1
70,529.2,460.2
71,500.6,461.3
72,505.2,509.0
73,488.9,544.6
74,540.0,524.0
75,433.0,391.5
76,422.8,384.7
77,423.8,378.0
78,362.6,355.9
79,322.9,306.1
80,304.4,225.0
81,304.0,249.0
82,245.3,213.2
83,255.7,188.6
84,229.0,183.1
85,208.9,153.1
86,219.9,136.8
87,156.0,117.1
88,152.9,103.0
89,128.1,108.0
90+,564.7,296.3
