date,category,chiffre,series
01/01/2005,Detached,1056,Detached
01/01/2005,Semi-detached,653,Semi-detached
01/01/2005,Terraced,536,Terraced
01/01/2005,Flat,568,Flat
01/02/2005,Detached,1054,Detached
01/02/2005,Semi-detached,659,Semi-detached
01/02/2005,Terraced,537,Terraced
01/02/2005,Flat,571,Flat
01/03/2005,Detached,1059,Detached
01/03/2005,Semi-detached,664,Semi-detached
01/03/2005,Terraced,545,Terraced
01/03/2005,Flat,579,Flat
01/04/2005,Detached,1060,Detached
01/04/2005,Semi-detached,671,Semi-detached
01/04/2005,Terraced,551,Terraced
01/04/2005,Flat,586,Flat
01/05/2005,Detached,1060,Detached
01/05/2005,Semi-detached,664,Semi-detached
01/05/2005,Terraced,547,Terraced
01/05/2005,Flat,581,Flat
01/06/2005,Detached,1040,Detached
01/06/2005,Semi-detached,660,Semi-detached
01/06/2005,Terraced,549,Terraced
01/06/2005,Flat,579,Flat
01/07/2005,Detached,1053,Detached
01/07/2005,Semi-detached,666,Semi-detached
01/07/2005,Terraced,550,Terraced
01/07/2005,Flat,577,Flat
01/08/2005,Detached,1065,Detached
01/08/2005,Semi-detached,665,Semi-detached
01/08/2005,Terraced,553,Terraced
01/08/2005,Flat,581,Flat
01/09/2005,Detached,1055,Detached
01/09/2005,Semi-detached,662,Semi-detached
01/09/2005,Terraced,553,Terraced
01/09/2005,Flat,576,Flat
01/10/2005,Detached,1056,Detached
01/10/2005,Semi-detached,664,Semi-detached
01/10/2005,Terraced,553,Terraced
01/10/2005,Flat,577,Flat
01/11/2005,Detached,1072,Detached
01/11/2005,Semi-detached,674,Semi-detached
01/11/2005,Terraced,562,Terraced
01/11/2005,Flat,587,Flat
01/12/2005,Detached,1063,Detached
01/12/2005,Semi-detached,675,Semi-detached
01/12/2005,Terraced,569,Terraced
01/12/2005,Flat,600,Flat
01/01/2006,Detached,1065,Detached
01/01/2006,Semi-detached,670,Semi-detached
01/01/2006,Terraced,561,Terraced
01/01/2006,Flat,591,Flat
01/02/2006,Detached,1059,Detached
01/02/2006,Semi-detached,671,Semi-detached
01/02/2006,Terraced,563,Terraced
01/02/2006,Flat,597,Flat
01/03/2006,Detached,1076,Detached
01/03/2006,Semi-detached,681,Semi-detached
01/03/2006,Terraced,571,Terraced
01/03/2006,Flat,603,Flat
01/04/2006,Detached,1104,Detached
01/04/2006,Semi-detached,704,Semi-detached
01/04/2006,Terraced,593,Terraced
01/04/2006,Flat,621,Flat
01/05/2006,Detached,1147,Detached
01/05/2006,Semi-detached,728,Semi-detached
01/05/2006,Terraced,611,Terraced
01/05/2006,Flat,649,Flat
01/06/2006,Detached,1146,Detached
01/06/2006,Semi-detached,733,Semi-detached
01/06/2006,Terraced,620,Terraced
01/06/2006,Flat,653,Flat
01/07/2006,Detached,1168,Detached
01/07/2006,Semi-detached,741,Semi-detached
01/07/2006,Terraced,629,Terraced
01/07/2006,Flat,653,Flat
01/08/2006,Detached,1194,Detached
01/08/2006,Semi-detached,754,Semi-detached
01/08/2006,Terraced,638,Terraced
01/08/2006,Flat,665,Flat
01/09/2006,Detached,1195,Detached
01/09/2006,Semi-detached,756,Semi-detached
01/09/2006,Terraced,639,Terraced
01/09/2006,Flat,669,Flat
01/10/2006,Detached,1198,Detached
01/10/2006,Semi-detached,758,Semi-detached
01/10/2006,Terraced,642,Terraced
01/10/2006,Flat,671,Flat
01/11/2006,Detached,1219,Detached
01/11/2006,Semi-detached,772,Semi-detached
01/11/2006,Terraced,653,Terraced
01/11/2006,Flat,679,Flat
01/12/2006,Detached,1219,Detached
01/12/2006,Semi-detached,779,Semi-detached
01/12/2006,Terraced,665,Terraced
01/12/2006,Flat,696,Flat
01/01/2007,Detached,1248,Detached
01/01/2007,Semi-detached,789,Semi-detached
01/01/2007,Terraced,671,Terraced
01/01/2007,Flat,701,Flat
01/02/2007,Detached,1260,Detached
01/02/2007,Semi-detached,800,Semi-detached
01/02/2007,Terraced,678,Terraced
01/02/2007,Flat,719,Flat
01/03/2007,Detached,1268,Detached
01/03/2007,Semi-detached,805,Semi-detached
01/03/2007,Terraced,688,Terraced
01/03/2007,Flat,720,Flat
01/04/2007,Detached,1310,Detached
01/04/2007,Semi-detached,833,Semi-detached
01/04/2007,Terraced,715,Terraced
01/04/2007,Flat,749,Flat
01/05/2007,Detached,1310,Detached
01/05/2007,Semi-detached,834,Semi-detached
01/05/2007,Terraced,715,Terraced
01/05/2007,Flat,760,Flat
01/06/2007,Detached,1362,Detached
01/06/2007,Semi-detached,865,Semi-detached
01/06/2007,Terraced,743,Terraced
01/06/2007,Flat,787,Flat
01/07/2007,Detached,1424,Detached
01/07/2007,Semi-detached,894,Semi-detached
01/07/2007,Terraced,768,Terraced
01/07/2007,Flat,810,Flat
01/08/2007,Detached,1429,Detached
01/08/2007,Semi-detached,895,Semi-detached
01/08/2007,Terraced,770,Terraced
01/08/2007,Flat,808,Flat
01/09/2007,Detached,1419,Detached
01/09/2007,Semi-detached,887,Semi-detached
01/09/2007,Terraced,761,Terraced
01/09/2007,Flat,808,Flat
01/10/2007,Detached,1423,Detached
01/10/2007,Semi-detached,887,Semi-detached
01/10/2007,Terraced,762,Terraced
01/10/2007,Flat,809,Flat
01/11/2007,Detached,1397,Detached
01/11/2007,Semi-detached,871,Semi-detached
01/11/2007,Terraced,745,Terraced
01/11/2007,Flat,794,Flat
01/12/2007,Detached,1374,Detached
01/12/2007,Semi-detached,864,Semi-detached
01/12/2007,Terraced,742,Terraced
01/12/2007,Flat,793,Flat
01/01/2008,Detached,1342,Detached
01/01/2008,Semi-detached,841,Semi-detached
01/01/2008,Terraced,723,Terraced
01/01/2008,Flat,789,Flat
01/02/2008,Detached,1298,Detached
01/02/2008,Semi-detached,819,Semi-detached
01/02/2008,Terraced,701,Terraced
01/02/2008,Flat,764,Flat
01/03/2008,Detached,1287,Detached
01/03/2008,Semi-detached,817,Semi-detached
01/03/2008,Terraced,700,Terraced
01/03/2008,Flat,755,Flat
01/04/2008,Detached,1312,Detached
01/04/2008,Semi-detached,826,Semi-detached
01/04/2008,Terraced,713,Terraced
01/04/2008,Flat,767,Flat
01/05/2008,Detached,1345,Detached
01/05/2008,Semi-detached,855,Semi-detached
01/05/2008,Terraced,733,Terraced
01/05/2008,Flat,794,Flat
01/06/2008,Detached,1365,Detached
01/06/2008,Semi-detached,868,Semi-detached
01/06/2008,Terraced,746,Terraced
01/06/2008,Flat,802,Flat
01/07/2008,Detached,1355,Detached
01/07/2008,Semi-detached,855,Semi-detached
01/07/2008,Terraced,732,Terraced
01/07/2008,Flat,791,Flat
01/08/2008,Detached,1298,Detached
01/08/2008,Semi-detached,815,Semi-detached
01/08/2008,Terraced,698,Terraced
01/08/2008,Flat,754,Flat
01/09/2008,Detached,1248,Detached
01/09/2008,Semi-detached,772,Semi-detached
01/09/2008,Terraced,662,Terraced
01/09/2008,Flat,718,Flat
01/10/2008,Detached,1221,Detached
01/10/2008,Semi-detached,762,Semi-detached
01/10/2008,Terraced,651,Terraced
01/10/2008,Flat,707,Flat
01/11/2008,Detached,1137,Detached
01/11/2008,Semi-detached,715,Semi-detached
01/11/2008,Terraced,609,Terraced
01/11/2008,Flat,658,Flat
01/12/2008,Detached,1095,Detached
01/12/2008,Semi-detached,690,Semi-detached
01/12/2008,Terraced,594,Terraced
01/12/2008,Flat,632,Flat
01/01/2009,Detached,1051,Detached
01/01/2009,Semi-detached,648,Semi-detached
01/01/2009,Terraced,553,Terraced
01/01/2009,Flat,600,Flat
01/02/2009,Detached,1029,Detached
01/02/2009,Semi-detached,646,Semi-detached
01/02/2009,Terraced,549,Terraced
01/02/2009,Flat,598,Flat
01/03/2009,Detached,1023,Detached
01/03/2009,Semi-detached,637,Semi-detached
01/03/2009,Terraced,546,Terraced
01/03/2009,Flat,595,Flat
01/04/2009,Detached,1019,Detached
01/04/2009,Semi-detached,643,Semi-detached
01/04/2009,Terraced,550,Terraced
01/04/2009,Flat,589,Flat
01/05/2009,Detached,1039,Detached
01/05/2009,Semi-detached,655,Semi-detached
01/05/2009,Terraced,559,Terraced
01/05/2009,Flat,602,Flat
01/06/2009,Detached,1119,Detached
01/06/2009,Semi-detached,700,Semi-detached
01/06/2009,Terraced,601,Terraced
01/06/2009,Flat,643,Flat
01/07/2009,Detached,1157,Detached
01/07/2009,Semi-detached,724,Semi-detached
01/07/2009,Terraced,621,Terraced
01/07/2009,Flat,658,Flat
01/08/2009,Detached,1176,Detached
01/08/2009,Semi-detached,735,Semi-detached
01/08/2009,Terraced,629,Terraced
01/08/2009,Flat,664,Flat
01/09/2009,Detached,1180,Detached
01/09/2009,Semi-detached,736,Semi-detached
01/09/2009,Terraced,632,Terraced
01/09/2009,Flat,672,Flat
01/10/2009,Detached,1188,Detached
01/10/2009,Semi-detached,744,Semi-detached
01/10/2009,Terraced,635,Terraced
01/10/2009,Flat,668,Flat
01/11/2009,Detached,1202,Detached
01/11/2009,Semi-detached,745,Semi-detached
01/11/2009,Terraced,642,Terraced
01/11/2009,Flat,672,Flat
01/12/2009,Detached,1184,Detached
01/12/2009,Semi-detached,752,Semi-detached
01/12/2009,Terraced,648,Terraced
01/12/2009,Flat,675,Flat
01/01/2010,Detached,1200,Detached
01/01/2010,Semi-detached,739,Semi-detached
01/01/2010,Terraced,631,Terraced
01/01/2010,Flat,659,Flat
01/02/2010,Detached,1189,Detached
01/02/2010,Semi-detached,740,Semi-detached
01/02/2010,Terraced,630,Terraced
01/02/2010,Flat,656,Flat
01/03/2010,Detached,1189,Detached
01/03/2010,Semi-detached,735,Semi-detached
01/03/2010,Terraced,628,Terraced
01/03/2010,Flat,664,Flat
01/04/2010,Detached,1198,Detached
01/04/2010,Semi-detached,748,Semi-detached
01/04/2010,Terraced,638,Terraced
01/04/2010,Flat,670,Flat
01/05/2010,Detached,1195,Detached
01/05/2010,Semi-detached,741,Semi-detached
01/05/2010,Terraced,633,Terraced
01/05/2010,Flat,665,Flat
01/06/2010,Detached,1191,Detached
01/06/2010,Semi-detached,743,Semi-detached
01/06/2010,Terraced,638,Terraced
01/06/2010,Flat,666,Flat
01/07/2010,Detached,1205,Detached
01/07/2010,Semi-detached,741,Semi-detached
01/07/2010,Terraced,634,Terraced
01/07/2010,Flat,661,Flat
01/08/2010,Detached,1186,Detached
01/08/2010,Semi-detached,733,Semi-detached
01/08/2010,Terraced,620,Terraced
01/08/2010,Flat,648,Flat
01/09/2010,Detached,1181,Detached
01/09/2010,Semi-detached,724,Semi-detached
01/09/2010,Terraced,619,Terraced
01/09/2010,Flat,647,Flat
01/10/2010,Detached,1147,Detached
01/10/2010,Semi-detached,706,Semi-detached
01/10/2010,Terraced,600,Terraced
01/10/2010,Flat,627,Flat
01/11/2010,Detached,1124,Detached
01/11/2010,Semi-detached,688,Semi-detached
01/11/2010,Terraced,581,Terraced
01/11/2010,Flat,613,Flat
01/12/2010,Detached,1114,Detached
01/12/2010,Semi-detached,689,Semi-detached
01/12/2010,Terraced,586,Terraced
01/12/2010,Flat,616,Flat
01/01/2011,Detached,1147,Detached
01/01/2011,Semi-detached,698,Semi-detached
01/01/2011,Terraced,594,Terraced
01/01/2011,Flat,630,Flat
01/02/2011,Detached,1153,Detached
01/02/2011,Semi-detached,703,Semi-detached
01/02/2011,Terraced,598,Terraced
01/02/2011,Flat,635,Flat
01/03/2011,Detached,1143,Detached
01/03/2011,Semi-detached,694,Semi-detached
01/03/2011,Terraced,592,Terraced
01/03/2011,Flat,632,Flat
01/04/2011,Detached,1150,Detached
01/04/2011,Semi-detached,705,Semi-detached
01/04/2011,Terraced,604,Terraced
01/04/2011,Flat,644,Flat
01/05/2011,Detached,1132,Detached
01/05/2011,Semi-detached,700,Semi-detached
01/05/2011,Terraced,595,Terraced
01/05/2011,Flat,637,Flat
01/06/2011,Detached,1116,Detached
01/06/2011,Semi-detached,693,Semi-detached
01/06/2011,Terraced,591,Terraced
01/06/2011,Flat,630,Flat
01/07/2011,Detached,1111,Detached
01/07/2011,Semi-detached,684,Semi-detached
01/07/2011,Terraced,585,Terraced
01/07/2011,Flat,628,Flat
01/08/2011,Detached,1100,Detached
01/08/2011,Semi-detached,676,Semi-detached
01/08/2011,Terraced,574,Terraced
01/08/2011,Flat,605,Flat
01/09/2011,Detached,1039,Detached
01/09/2011,Semi-detached,635,Semi-detached
01/09/2011,Terraced,543,Terraced
01/09/2011,Flat,574,Flat
01/10/2011,Detached,1033,Detached
01/10/2011,Semi-detached,633,Semi-detached
01/10/2011,Terraced,535,Terraced
01/10/2011,Flat,567,Flat
01/11/2011,Detached,1037,Detached
01/11/2011,Semi-detached,638,Semi-detached
01/11/2011,Terraced,538,Terraced
01/11/2011,Flat,579,Flat
01/12/2011,Detached,1023,Detached
01/12/2011,Semi-detached,635,Semi-detached
01/12/2011,Terraced,538,Terraced
01/12/2011,Flat,574,Flat
01/01/2012,Detached,1035,Detached
01/01/2012,Semi-detached,639,Semi-detached
01/01/2012,Terraced,540,Terraced
01/01/2012,Flat,573,Flat
01/02/2012,Detached,1031,Detached
01/02/2012,Semi-detached,636,Semi-detached
01/02/2012,Terraced,541,Terraced
01/02/2012,Flat,568,Flat
01/03/2012,Detached,1020,Detached
01/03/2012,Semi-detached,639,Semi-detached
01/03/2012,Terraced,546,Terraced
01/03/2012,Flat,577,Flat
01/04/2012,Detached,1055,Detached
01/04/2012,Semi-detached,650,Semi-detached
01/04/2012,Terraced,553,Terraced
01/04/2012,Flat,594,Flat
01/05/2012,Detached,1053,Detached
01/05/2012,Semi-detached,652,Semi-detached
01/05/2012,Terraced,556,Terraced
01/05/2012,Flat,595,Flat
01/06/2012,Detached,1058,Detached
01/06/2012,Semi-detached,658,Semi-detached
01/06/2012,Terraced,568,Terraced
01/06/2012,Flat,602,Flat
01/07/2012,Detached,1058,Detached
01/07/2012,Semi-detached,652,Semi-detached
01/07/2012,Terraced,560,Terraced
01/07/2012,Flat,595,Flat
01/08/2012,Detached,1048,Detached
01/08/2012,Semi-detached,650,Semi-detached
01/08/2012,Terraced,559,Terraced
01/08/2012,Flat,587,Flat
01/09/2012,Detached,1042,Detached
01/09/2012,Semi-detached,643,Semi-detached
01/09/2012,Terraced,553,Terraced
01/09/2012,Flat,586,Flat
01/10/2012,Detached,1021,Detached
01/10/2012,Semi-detached,632,Semi-detached
01/10/2012,Terraced,541,Terraced
01/10/2012,Flat,579,Flat
01/11/2012,Detached,1018,Detached
01/11/2012,Semi-detached,631,Semi-detached
01/11/2012,Terraced,541,Terraced
01/11/2012,Flat,571,Flat
01/12/2012,Detached,1013,Detached
01/12/2012,Semi-detached,627,Semi-detached
01/12/2012,Terraced,540,Terraced
01/12/2012,Flat,573,Flat
01/01/2013,Detached,987,Detached
01/01/2013,Semi-detached,614,Semi-detached
01/01/2013,Terraced,522,Terraced
01/01/2013,Flat,557,Flat
01/02/2013,Detached,977,Detached
01/02/2013,Semi-detached,605,Semi-detached
01/02/2013,Terraced,519,Terraced
01/02/2013,Flat,553,Flat
01/03/2013,Detached,987,Detached
01/03/2013,Semi-detached,608,Semi-detached
01/03/2013,Terraced,521,Terraced
01/03/2013,Flat,557,Flat
01/04/2013,Detached,989,Detached
01/04/2013,Semi-detached,612,Semi-detached
01/04/2013,Terraced,526,Terraced
01/04/2013,Flat,565,Flat
01/05/2013,Detached,972,Detached
01/05/2013,Semi-detached,605,Semi-detached
01/05/2013,Terraced,520,Terraced
01/05/2013,Flat,559,Flat
01/06/2013,Detached,975,Detached
01/06/2013,Semi-detached,607,Semi-detached
01/06/2013,Terraced,525,Terraced
01/06/2013,Flat,561,Flat
01/07/2013,Detached,986,Detached
01/07/2013,Semi-detached,612,Semi-detached
01/07/2013,Terraced,528,Terraced
01/07/2013,Flat,569,Flat
01/08/2013,Detached,990,Detached
01/08/2013,Semi-detached,616,Semi-detached
01/08/2013,Terraced,530,Terraced
01/08/2013,Flat,568,Flat
01/09/2013,Detached,1000,Detached
01/09/2013,Semi-detached,616,Semi-detached
01/09/2013,Terraced,532,Terraced
01/09/2013,Flat,574,Flat
01/10/2013,Detached,996,Detached
01/10/2013,Semi-detached,613,Semi-detached
01/10/2013,Terraced,525,Terraced
01/10/2013,Flat,571,Flat
01/11/2013,Detached,993,Detached
01/11/2013,Semi-detached,617,Semi-detached
01/11/2013,Terraced,529,Terraced
01/11/2013,Flat,574,Flat
01/12/2013,Detached,990,Detached
01/12/2013,Semi-detached,621,Semi-detached
01/12/2013,Terraced,534,Terraced
01/12/2013,Flat,585,Flat
01/01/2014,Detached,999,Detached
01/01/2014,Semi-detached,618,Semi-detached
01/01/2014,Terraced,533,Terraced
01/01/2014,Flat,589,Flat
01/02/2014,Detached,1014,Detached
01/02/2014,Semi-detached,629,Semi-detached
01/02/2014,Terraced,542,Terraced
01/02/2014,Flat,598,Flat
01/03/2014,Detached,1014,Detached
01/03/2014,Semi-detached,634,Semi-detached
01/03/2014,Terraced,546,Terraced
01/03/2014,Flat,605,Flat
01/04/2014,Detached,1060,Detached
01/04/2014,Semi-detached,661,Semi-detached
01/04/2014,Terraced,572,Terraced
01/04/2014,Flat,632,Flat
01/05/2014,Detached,1069,Detached
01/05/2014,Semi-detached,669,Semi-detached
01/05/2014,Terraced,581,Terraced
01/05/2014,Flat,645,Flat
01/06/2014,Detached,1073,Detached
01/06/2014,Semi-detached,674,Semi-detached
01/06/2014,Terraced,583,Terraced
01/06/2014,Flat,649,Flat
01/07/2014,Detached,1102,Detached
01/07/2014,Semi-detached,688,Semi-detached
01/07/2014,Terraced,598,Terraced
01/07/2014,Flat,663,Flat
01/08/2014,Detached,1113,Detached
01/08/2014,Semi-detached,695,Semi-detached
01/08/2014,Terraced,603,Terraced
01/08/2014,Flat,670,Flat
01/09/2014,Detached,1097,Detached
01/09/2014,Semi-detached,683,Semi-detached
01/09/2014,Terraced,594,Terraced
01/09/2014,Flat,662,Flat
01/10/2014,Detached,1059,Detached
01/10/2014,Semi-detached,659,Semi-detached
01/10/2014,Terraced,570,Terraced
01/10/2014,Flat,637,Flat
01/11/2014,Detached,1050,Detached
01/11/2014,Semi-detached,653,Semi-detached
01/11/2014,Terraced,564,Terraced
01/11/2014,Flat,630,Flat
01/12/2014,Detached,1050,Detached
01/12/2014,Semi-detached,653,Semi-detached
01/12/2014,Terraced,566,Terraced
01/12/2014,Flat,633,Flat
01/01/2015,Detached,1033,Detached
01/01/2015,Semi-detached,642,Semi-detached
01/01/2015,Terraced,555,Terraced
01/01/2015,Flat,618,Flat
01/02/2015,Detached,1031,Detached
01/02/2015,Semi-detached,639,Semi-detached
01/02/2015,Terraced,553,Terraced
01/02/2015,Flat,616,Flat
01/03/2015,Detached,1034,Detached
01/03/2015,Semi-detached,637,Semi-detached
01/03/2015,Terraced,548,Terraced
01/03/2015,Flat,613,Flat
01/04/2015,Detached,1026,Detached
01/04/2015,Semi-detached,639,Semi-detached
01/04/2015,Terraced,554,Terraced
01/04/2015,Flat,613,Flat
01/05/2015,Detached,1025,Detached
01/05/2015,Semi-detached,643,Semi-detached
01/05/2015,Terraced,555,Terraced
01/05/2015,Flat,619,Flat
01/06/2015,Detached,1030,Detached
01/06/2015,Semi-detached,645,Semi-detached
01/06/2015,Terraced,560,Terraced
01/06/2015,Flat,615,Flat
01/07/2015,Detached,1049,Detached
01/07/2015,Semi-detached,656,Semi-detached
01/07/2015,Terraced,568,Terraced
01/07/2015,Flat,630,Flat
01/08/2015,Detached,1072,Detached
01/08/2015,Semi-detached,668,Semi-detached
01/08/2015,Terraced,579,Terraced
01/08/2015,Flat,641,Flat
01/09/2015,Detached,1071,Detached
01/09/2015,Semi-detached,661,Semi-detached
01/09/2015,Terraced,573,Terraced
01/09/2015,Flat,638,Flat
01/10/2015,Detached,1061,Detached
01/10/2015,Semi-detached,660,Semi-detached
01/10/2015,Terraced,572,Terraced
01/10/2015,Flat,632,Flat
01/11/2015,Detached,1068,Detached
01/11/2015,Semi-detached,664,Semi-detached
01/11/2015,Terraced,574,Terraced
01/11/2015,Flat,639,Flat
01/12/2015,Detached,1071,Detached
01/12/2015,Semi-detached,664,Semi-detached
01/12/2015,Terraced,575,Terraced
01/12/2015,Flat,638,Flat
01/01/2016,Detached,1060,Detached
01/01/2016,Semi-detached,663,Semi-detached
01/01/2016,Terraced,571,Terraced
01/01/2016,Flat,639,Flat
01/02/2016,Detached,1070,Detached
01/02/2016,Semi-detached,663,Semi-detached
01/02/2016,Terraced,576,Terraced
01/02/2016,Flat,643,Flat
01/03/2016,Detached,1084,Detached
01/03/2016,Semi-detached,663,Semi-detached
01/03/2016,Terraced,577,Terraced
01/03/2016,Flat,653,Flat
01/04/2016,Detached,1074,Detached
01/04/2016,Semi-detached,675,Semi-detached
01/04/2016,Terraced,586,Terraced
01/04/2016,Flat,647,Flat
01/05/2016,Detached,1069,Detached
01/05/2016,Semi-detached,675,Semi-detached
01/05/2016,Terraced,588,Terraced
01/05/2016,Flat,659,Flat
01/06/2016,Detached,1080,Detached
01/06/2016,Semi-detached,673,Semi-detached
01/06/2016,Terraced,586,Terraced
01/06/2016,Flat,651,Flat
01/07/2016,Detached,1082,Detached
01/07/2016,Semi-detached,679,Semi-detached
01/07/2016,Terraced,591,Terraced
01/07/2016,Flat,657,Flat
01/08/2016,Detached,1072,Detached
01/08/2016,Semi-detached,670,Semi-detached
01/08/2016,Terraced,582,Terraced
01/08/2016,Flat,646,Flat
01/09/2016,Detached,1068,Detached
01/09/2016,Semi-detached,666,Semi-detached
01/09/2016,Terraced,576,Terraced
01/09/2016,Flat,642,Flat
01/10/2016,Detached,1060,Detached
01/10/2016,Semi-detached,658,Semi-detached
01/10/2016,Terraced,566,Terraced
01/10/2016,Flat,638,Flat
01/11/2016,Detached,1066,Detached
01/11/2016,Semi-detached,659,Semi-detached
01/11/2016,Terraced,566,Terraced
01/11/2016,Flat,640,Flat
01/12/2016,Detached,1065,Detached
01/12/2016,Semi-detached,660,Semi-detached
01/12/2016,Terraced,570,Terraced
01/12/2016,Flat,641,Flat
01/01/2017,Detached,1061,Detached
01/01/2017,Semi-detached,656,Semi-detached
01/01/2017,Terraced,565,Terraced
01/01/2017,Flat,639,Flat
01/02/2017,Detached,1058,Detached
01/02/2017,Semi-detached,654,Semi-detached
01/02/2017,Terraced,565,Terraced
01/02/2017,Flat,644,Flat
01/03/2017,Detached,1054,Detached
01/03/2017,Semi-detached,651,Semi-detached
01/03/2017,Terraced,560,Terraced
01/03/2017,Flat,635,Flat
01/04/2017,Detached,1060,Detached
01/04/2017,Semi-detached,656,Semi-detached
01/04/2017,Terraced,566,Terraced
01/04/2017,Flat,642,Flat
01/05/2017,Detached,1049,Detached
01/05/2017,Semi-detached,658,Semi-detached
01/05/2017,Terraced,565,Terraced
01/05/2017,Flat,646,Flat
01/06/2017,Detached,1055,Detached
01/06/2017,Semi-detached,659,Semi-detached
01/06/2017,Terraced,570,Terraced
01/06/2017,Flat,645,Flat
01/07/2017,Detached,1067,Detached
01/07/2017,Semi-detached,666,Semi-detached
01/07/2017,Terraced,574,Terraced
01/07/2017,Flat,654,Flat
01/08/2017,Detached,1071,Detached
01/08/2017,Semi-detached,668,Semi-detached
01/08/2017,Terraced,579,Terraced
01/08/2017,Flat,652,Flat
01/09/2017,Detached,1067,Detached
01/09/2017,Semi-detached,662,Semi-detached
01/09/2017,Terraced,571,Terraced
01/09/2017,Flat,641,Flat
01/10/2017,Detached,1086,Detached
01/10/2017,Semi-detached,676,Semi-detached
01/10/2017,Terraced,580,Terraced
01/10/2017,Flat,650,Flat
01/11/2017,Detached,1080,Detached
01/11/2017,Semi-detached,674,Semi-detached
01/11/2017,Terraced,578,Terraced
01/11/2017,Flat,650,Flat
01/12/2017,Detached,1087,Detached
01/12/2017,Semi-detached,679,Semi-detached
01/12/2017,Terraced,585,Terraced
01/12/2017,Flat,651,Flat
01/01/2018,Detached,1077,Detached
01/01/2018,Semi-detached,670,Semi-detached
01/01/2018,Terraced,571,Terraced
01/01/2018,Flat,649,Flat
01/02/2018,Detached,1085,Detached
01/02/2018,Semi-detached,671,Semi-detached
01/02/2018,Terraced,575,Terraced
01/02/2018,Flat,649,Flat
01/03/2018,Detached,1081,Detached
01/03/2018,Semi-detached,671,Semi-detached
01/03/2018,Terraced,575,Terraced
01/03/2018,Flat,641,Flat
01/04/2018,Detached,1084,Detached
01/04/2018,Semi-detached,678,Semi-detached
01/04/2018,Terraced,582,Terraced
01/04/2018,Flat,647,Flat
01/05/2018,Detached,1096,Detached
01/05/2018,Semi-detached,684,Semi-detached
01/05/2018,Terraced,587,Terraced
01/05/2018,Flat,653,Flat
01/06/2018,Detached,1097,Detached
01/06/2018,Semi-detached,689,Semi-detached
01/06/2018,Terraced,588,Terraced
01/06/2018,Flat,657,Flat
01/07/2018,Detached,1119,Detached
01/07/2018,Semi-detached,696,Semi-detached
01/07/2018,Terraced,597,Terraced
01/07/2018,Flat,662,Flat
01/08/2018,Detached,1120,Detached
01/08/2018,Semi-detached,698,Semi-detached
01/08/2018,Terraced,599,Terraced
01/08/2018,Flat,661,Flat
01/09/2018,Detached,1120,Detached
01/09/2018,Semi-detached,697,Semi-detached
01/09/2018,Terraced,595,Terraced
01/09/2018,Flat,656,Flat
01/10/2018,Detached,1126,Detached
01/10/2018,Semi-detached,700,Semi-detached
01/10/2018,Terraced,597,Terraced
01/10/2018,Flat,659,Flat
01/11/2018,Detached,1115,Detached
01/11/2018,Semi-detached,695,Semi-detached
01/11/2018,Terraced,593,Terraced
01/11/2018,Flat,651,Flat
01/12/2018,Detached,1107,Detached
01/12/2018,Semi-detached,693,Semi-detached
01/12/2018,Terraced,590,Terraced
01/12/2018,Flat,653,Flat
01/01/2019,Detached,1116,Detached
01/01/2019,Semi-detached,692,Semi-detached
01/01/2019,Terraced,586,Terraced
01/01/2019,Flat,649,Flat
01/02/2019,Detached,1111,Detached
01/02/2019,Semi-detached,690,Semi-detached
01/02/2019,Terraced,587,Terraced
01/02/2019,Flat,646,Flat
01/03/2019,Detached,1102,Detached
01/03/2019,Semi-detached,689,Semi-detached
01/03/2019,Terraced,584,Terraced
01/03/2019,Flat,641,Flat
01/04/2019,Detached,1103,Detached
01/04/2019,Semi-detached,690,Semi-detached
01/04/2019,Terraced,589,Terraced
01/04/2019,Flat,644,Flat
01/05/2019,Detached,1101,Detached
01/05/2019,Semi-detached,692,Semi-detached
01/05/2019,Terraced,591,Terraced
01/05/2019,Flat,641,Flat
01/06/2019,Detached,1101,Detached
01/06/2019,Semi-detached,693,Semi-detached
01/06/2019,Terraced,590,Terraced
01/06/2019,Flat,647,Flat
01/07/2019,Detached,1110,Detached
01/07/2019,Semi-detached,695,Semi-detached
01/07/2019,Terraced,595,Terraced
01/07/2019,Flat,652,Flat
01/08/2019,Detached,1112,Detached
01/08/2019,Semi-detached,695,Semi-detached
01/08/2019,Terraced,597,Terraced
01/08/2019,Flat,642,Flat
01/09/2019,Detached,1097,Detached
01/09/2019,Semi-detached,685,Semi-detached
01/09/2019,Terraced,589,Terraced
01/09/2019,Flat,643,Flat
01/10/2019,Detached,1085,Detached
01/10/2019,Semi-detached,684,Semi-detached
01/10/2019,Terraced,580,Terraced
01/10/2019,Flat,629,Flat
01/11/2019,Detached,1081,Detached
01/11/2019,Semi-detached,678,Semi-detached
01/11/2019,Terraced,576,Terraced
01/11/2019,Flat,619,Flat
01/12/2019,Detached,1074,Detached
01/12/2019,Semi-detached,675,Semi-detached
01/12/2019,Terraced,577,Terraced
01/12/2019,Flat,623,Flat
01/01/2020,Detached,1080,Detached
01/01/2020,Semi-detached,677,Semi-detached
01/01/2020,Terraced,575,Terraced
01/01/2020,Flat,624,Flat
01/02/2020,Detached,1074,Detached
01/02/2020,Semi-detached,672,Semi-detached
01/02/2020,Terraced,574,Terraced
01/02/2020,Flat,614,Flat
01/03/2020,Detached,1081,Detached
01/03/2020,Semi-detached,677,Semi-detached
01/03/2020,Terraced,577,Terraced
01/03/2020,Flat,624,Flat
01/04/2020,Detached,1080,Detached
01/04/2020,Semi-detached,671,Semi-detached
01/04/2020,Terraced,573,Terraced
01/04/2020,Flat,609,Flat
01/05/2020,Detached,1080,Detached
01/05/2020,Semi-detached,679,Semi-detached
01/05/2020,Terraced,576,Terraced
01/05/2020,Flat,622,Flat
01/06/2020,Detached,1088,Detached
01/06/2020,Semi-detached,688,Semi-detached
01/06/2020,Terraced,588,Terraced
01/06/2020,Flat,626,Flat
01/07/2020,Detached,1104,Detached
01/07/2020,Semi-detached,693,Semi-detached
01/07/2020,Terraced,591,Terraced
01/07/2020,Flat,633,Flat
01/08/2020,Detached,1130,Detached
01/08/2020,Semi-detached,710,Semi-detached
01/08/2020,Terraced,604,Terraced
01/08/2020,Flat,639,Flat
01/09/2020,Detached,1161,Detached
01/09/2020,Semi-detached,725,Semi-detached
01/09/2020,Terraced,620,Terraced
01/09/2020,Flat,658,Flat
01/10/2020,Detached,1192,Detached
01/10/2020,Semi-detached,743,Semi-detached
01/10/2020,Terraced,636,Terraced
01/10/2020,Flat,667,Flat
01/11/2020,Detached,1202,Detached
01/11/2020,Semi-detached,750,Semi-detached
01/11/2020,Terraced,644,Terraced
01/11/2020,Flat,675,Flat
01/12/2020,Detached,1206,Detached
01/12/2020,Semi-detached,752,Semi-detached
01/12/2020,Terraced,647,Terraced
01/12/2020,Flat,672,Flat
01/01/2021,Detached,1207,Detached
01/01/2021,Semi-detached,752,Semi-detached
01/01/2021,Terraced,641,Terraced
01/01/2021,Flat,672,Flat
01/02/2021,Detached,1190,Detached
01/02/2021,Semi-detached,742,Semi-detached
01/02/2021,Terraced,635,Terraced
01/02/2021,Flat,655,Flat
01/03/2021,Detached,1199,Detached
01/03/2021,Semi-detached,747,Semi-detached
01/03/2021,Terraced,642,Terraced
01/03/2021,Flat,663,Flat
01/04/2021,Detached,1187,Detached
01/04/2021,Semi-detached,735,Semi-detached
01/04/2021,Terraced,629,Terraced
01/04/2021,Flat,649,Flat
01/05/2021,Detached,1185,Detached
01/05/2021,Semi-detached,738,Semi-detached
01/05/2021,Terraced,631,Terraced
01/05/2021,Flat,646,Flat
01/06/2021,Detached,1237,Detached
01/06/2021,Semi-detached,771,Semi-detached
01/06/2021,Terraced,668,Terraced
01/06/2021,Flat,671,Flat
01/07/2021,Detached,1163,Detached
01/07/2021,Semi-detached,723,Semi-detached
01/07/2021,Terraced,614,Terraced
01/07/2021,Flat,639,Flat
01/08/2021,Detached,1196,Detached
01/08/2021,Semi-detached,741,Semi-detached
01/08/2021,Terraced,630,Terraced
01/08/2021,Flat,641,Flat
01/09/2021,Detached,1215,Detached
01/09/2021,Semi-detached,755,Semi-detached
01/09/2021,Terraced,647,Terraced
01/09/2021,Flat,650,Flat
01/10/2021,Detached,1223,Detached
01/10/2021,Semi-detached,739,Semi-detached
01/10/2021,Terraced,623,Terraced
01/10/2021,Flat,634,Flat
01/11/2021,Detached,1263,Detached
01/11/2021,Semi-detached,774,Semi-detached
01/11/2021,Terraced,651,Terraced
01/11/2021,Flat,662,Flat
01/12/2021,Detached,1270,Detached
01/12/2021,Semi-detached,781,Semi-detached
01/12/2021,Terraced,666,Terraced
01/12/2021,Flat,665,Flat
01/01/2022,Detached,1309,Detached
01/01/2022,Semi-detached,802,Semi-detached
01/01/2022,Terraced,675,Terraced
01/01/2022,Flat,678,Flat
01/02/2022,Detached,1329,Detached
01/02/2022,Semi-detached,816,Semi-detached
01/02/2022,Terraced,689,Terraced
01/02/2022,Flat,695,Flat
01/03/2022,Detached,1398,Detached
01/03/2022,Semi-detached,855,Semi-detached
01/03/2022,Terraced,719,Terraced
01/03/2022,Flat,713,Flat
01/04/2022,Detached,1450,Detached
01/04/2022,Semi-detached,886,Semi-detached
01/04/2022,Terraced,750,Terraced
01/04/2022,Flat,742,Flat
01/05/2022,Detached,1513,Detached
01/05/2022,Semi-detached,929,Semi-detached
01/05/2022,Terraced,784,Terraced
01/05/2022,Flat,775,Flat
01/06/2022,Detached,1559,Detached
01/06/2022,Semi-detached,965,Semi-detached
01/06/2022,Terraced,820,Terraced
01/06/2022,Flat,810,Flat
01/07/2022,Detached,1680,Detached
01/07/2022,Semi-detached,1042,Semi-detached
01/07/2022,Terraced,885,Terraced
01/07/2022,Flat,869,Flat
01/08/2022,Detached,1743,Detached
01/08/2022,Semi-detached,1072,Semi-detached
01/08/2022,Terraced,912,Terraced
01/08/2022,Flat,890,Flat
01/09/2022,Detached,1828,Detached
01/09/2022,Semi-detached,1125,Semi-detached
01/09/2022,Terraced,954,Terraced
01/09/2022,Flat,923,Flat
01/10/2022,Detached,2175,Detached
01/10/2022,Semi-detached,1332,Semi-detached
01/10/2022,Terraced,1124,Terraced
01/10/2022,Flat,1085,Flat
01/11/2022,Detached,2147,Detached
01/11/2022,Semi-detached,1320,Semi-detached
01/11/2022,Terraced,1115,Terraced
01/11/2022,Flat,1078,Flat
01/12/2022,Detached,2041,Detached
01/12/2022,Semi-detached,1262,Semi-detached
01/12/2022,Terraced,1063,Terraced
01/12/2022,Flat,1028,Flat
