AREACD,AREANM,sixteenseventeen,margin
E14000580,Bolton West,1,936
E14000607,Broxtowe,1,863
E14000614,Calder Valley,1,609
E14000616,Camborne and Redruth,1,1577
E14000636,Chipping Barnet,1,353
E14000647,Copeland,1,1695
E14000648,Corby,1,2690
E14000652,Crawley,1,2457
E14000703,Finchley and Golders Green,1,1657
E14000731,Harrow East,1,1757
E14000735,Hastings and Rye,1,346
E14000741,Hendon,1,1072
E14000810,Mansfield,1,1057
E14000820,Middlesbrough South and East Cleveland,1,1020
E14000821,Milton Keynes North,1,1975
E14000822,Milton Keynes South,1,1725
E14000825,Morecambe and Lunesdale,1,1399
E14000826,Morley and Outwood,0,2104
E14000861,Northampton North,1,807
E14000862,Northampton South,1,1159
E14000863,Norwich North,1,507
E14000875,Pendle,1,1279
E14000886,Pudsey,1,331
E14000887,Putney,1,1554
E14000896,Richmond Park,1,45
E14000947,South Swindon,0,2464
E14000955,"Southampton, Itchen",1,31
E14000964,St Ives,1,312
E14000974,Stoke-on-Trent South,1,663
E14000989,Telford,1,720
E14000995,Thurrock,1,345
E14001021,Watford,1,2092
W07000058,Aberconwy,1,635
W07000065,Preseli Pembrokeshire,1,314
W07000078,Vale of Glamorgan,1,2190
S14000057,Stirling,1,148
N06000002,Belfast North,0,2081
N06000003,Belfast South,0,1996
N06000013,North Down,7,1208
E14000535,Ashfield,2,441
E14000543,Barrow and Furness,2,209
E14000552,Bedford,2,789
E14000569,Bishop Auckland,2,502
E14000619,Canterbury,2,187
E14000645,Colne Valley,2,915
E14000653,Crewe and Nantwich,2,48
E14000662,Derby North,2,2015
E14000671,Dudley North,2,22
E14000761,Ipswich,2,836
E14000766,Keighley,2,239
E14000768,Kensington,2,20
E14000792,Lincoln,2,1538
E14000834,Newcastle-under-Lyme,2,30
E14000876,Penistone and Stocksbridge,2,1322
E14000878,Peterborough,2,607
E14000884,Portsmouth South,2,1554
E14000971,Stockton South,2,888
E14000980,Stroud,2,687
E14001009,Wakefield,0,2176
E14001018,Warrington South,0,2549
E14001019,Warwick and Leamington,2,1206
S14000011,"Coatbridge, Chryston and Bellshill",2,1586
S14000032,Glasgow North East,2,242
S14000041,Kirkcaldy and Cowdenbeath,2,259
S14000045,Midlothian,2,885
S14000056,Rutherglen and Hamilton West,2,265
E14000621,Carshalton and Wallington,3,1369
E14000684,Eastbourne,0,1609
E14000874,Oxford West and Abingdon,3,816
E14001037,Westmorland and Lonsdale,3,777
W07000057,Arfon,5,92
W07000064,Ceredigion,5,104
N06000007,Fermanagh And South Tyrone,6,875
N06000008,Foyle,6,169
N06000015,South Down,6,2446
S14000003,Airdrie and Shotts,4,195
S14000005,Argyll and Bute,4,1328
S14000010,Central Ayrshire,4,1267
S14000017,Dunfermline and West Fife,4,844
S14000023,Edinburgh North and Leith,4,1625
S14000025,Edinburgh South West,4,1097
S14000030,Glasgow East,4,75
S14000035,Glasgow South West,4,60
S14000038,Inverclyde,4,384
S14000042,Lanark and Hamilton East,4,266
S14000047,Motherwell and Wishaw,4,318
S14000049,North East Fife,4,2
S14000054,Perth and North Perthshire,4,21
E14000530,Aldershot,0,11473
E14000531,Aldridge-Brownhills,0,14307
E14000532,Altrincham and Sale West,0,6426
E14000533,Amber Valley,0,8300
E14000534,Arundel and South Downs,0,23883
E14000536,Ashford,0,17478
E14000538,Aylesbury,0,14656
E14000539,Banbury,0,12399
E14000544,Basildon and Billericay,0,13400
E14000545,Basingstoke,0,9466
E14000550,Beaconsfield,0,24543
E14000551,Beckenham,0,15087
E14000554,Berwick-upon-Tweed,0,11781
E14000556,Beverley and Holderness,0,14042
E14000557,Bexhill and Battle,0,22165
E14000558,Bexleyheath and Crayford,0,9073
E14000572,Blackpool North and Cleveleys,0,2023
E14000576,Bognor Regis and Littlehampton,0,17494
E14000582,Boston and Skegness,0,16572
E14000583,Bosworth,0,18351
E14000584,Bournemouth East,0,7937
E14000585,Bournemouth West,0,7711
E14000586,Bracknell,0,16016
E14000590,Braintree,0,18422
E14000594,Brentwood and Ongar,0,24002
E14000595,Bridgwater and West Somerset,0,15448
E14000596,Brigg and Goole,0,12363
E14000603,Broadland,0,15816
E14000604,Bromley and Chislehurst,0,9590
E14000605,Bromsgrove,0,16573
E14000606,Broxbourne,0,15792
E14000610,Burton,0,10047
E14000613,Bury St Edmunds,0,18441
E14000618,Cannock Chase,0,8391
E14000620,Carlisle,0,2599
E14000622,Castle Point,0,18872
E14000623,Central Devon,0,15680
E14000624,Central Suffolk and North Ipswich,0,17185
E14000625,Charnwood,0,16341
E14000626,Chatham and Aylesford,0,10458
E14000627,Cheadle,0,4507
E14000628,Chelmsford,0,13572
E14000629,Chelsea and Fulham,0,8188
E14000630,Cheltenham,0,2569
E14000631,Chesham and Amersham,0,22140
E14000633,Chichester,0,22621
E14000634,Chingford and Woodford Green,0,2438
E14000635,Chippenham,0,16630
E14000638,Christchurch,0,25171
E14000639,Cities of London and Westminster,0,3148
E14000642,Clacton,0,15828
E14000643,Cleethorpes,0,10400
E14000644,Colchester,0,5677
E14000646,Congleton,0,12619
E14000656,Croydon South,0,11406
E14000659,Dartford,0,13186
E14000660,Daventry,0,21734
E14000664,Derbyshire Dales,0,14327
E14000665,Devizes,0,21136
E14000670,Dover,0,6437
E14000672,Dudley South,0,7730
E14000678,East Devon,0,8036
E14000680,East Hampshire,0,25852
E14000681,East Surrey,0,23914
E14000682,East Worthing and Shoreham,0,5106
E14000683,East Yorkshire,0,15006
E14000685,Eastleigh,0,14179
E14000686,Eddisbury,0,11942
E14000689,Elmet and Rothwell,0,9805
E14000693,Epping Forest,0,18243
E14000694,Epsom and Ewell,0,20475
E14000695,Erewash,0,4534
E14000697,Esher and Walton,0,23298
E14000699,Fareham,0,21555
E14000700,Faversham and Mid Kent,0,17413
E14000702,Filton and Bradley Stoke,0,4190
E14000704,Folkestone and Hythe,0,15411
E14000705,Forest of Dean,0,9502
E14000706,Fylde,0,11805
E14000707,Gainsborough,0,17023
E14000711,Gillingham and Rainham,0,9430
E14000712,Gloucester,0,5520
E14000713,Gosport,0,17211
E14000714,Grantham and Stamford,0,20094
E14000715,Gravesham,0,9347
E14000717,Great Yarmouth,0,7973
E14000719,Guildford,0,17040
E14000722,Halesowen and Rowley Regis,0,5253
E14000724,Haltemprice and Howden,0,15405
E14000728,Harborough,0,12429
E14000729,Harlow,0,7031
E14000730,Harrogate and Knaresborough,0,18168
E14000734,Harwich and North Essex,0,14356
E14000736,Havant,0,15956
E14000738,Hazel Grove,0,5514
E14000739,Hemel Hempstead,0,9445
E14000742,Henley,0,22294
E14000743,Hereford and South Herefordshire,0,15013
E14000744,Hertford and Stortford,0,19035
E14000745,Hertsmere,0,16951
E14000746,Hexham,0,9236
E14000749,Hitchin and Harpenden,0,12031
E14000751,Hornchurch and Upminster,0,17723
E14000753,Horsham,0,23484
E14000757,Huntingdon,0,14475
E14000762,Isle of Wight,0,21069
E14000767,Kenilworth and Southam,0,18076
E14000769,Kettering,0,10562
E14000774,Kingswood,0,7500
E14000786,Lewes,0,5508
E14000791,Lichfield,0,18581
E14000797,Loughborough,0,4269
E14000798,Louth and Horncastle,0,19641
E14000799,Ludlow,0,19286
E14000802,Macclesfield,0,8608
E14000803,Maidenhead,0,26457
E14000804,Maidstone and The Weald,0,17723
E14000806,Maldon,0,23430
E14000811,Meon Valley,0,25692
E14000812,Meriden,0,19198
E14000813,Mid Bedfordshire,0,20983
E14000814,Mid Derbyshire,0,11616
E14000815,Mid Dorset and North Poole,0,15339
E14000816,Mid Norfolk,0,16086
E14000817,Mid Sussex,0,19673
E14000818,Mid Worcestershire,0,23326
E14000824,Mole Valley,0,24137
E14000827,New Forest East,0,21995
E14000828,New Forest West,0,23431
E14000829,Newark,0,18149
E14000830,Newbury,0,24380
E14000835,Newton Abbot,0,17160
E14000837,North Cornwall,0,7200
E14000838,North Devon,0,4332
E14000839,North Dorset,0,25777
E14000841,North East Bedfordshire,0,20862
E14000842,North East Cambridgeshire,0,21270
E14000843,North East Derbyshire,0,2860
E14000844,North East Hampshire,0,27772
E14000845,North East Hertfordshire,0,16835
E14000846,North East Somerset,0,10235
E14000847,North Herefordshire,0,21602
E14000849,North Shropshire,0,16355
E14000850,North Somerset,0,17103
E14000851,North Swindon,0,8335
E14000852,North Thanet,0,10738
E14000854,North Warwickshire,0,8510
E14000855,North West Cambridgeshire,0,18008
E14000857,North West Hampshire,0,22679
E14000858,North West Leicestershire,0,13286
E14000859,North West Norfolk,0,13788
E14000860,North Wiltshire,0,22877
E14000868,Nuneaton,0,4739
E14000869,Old Bexley and Sidcup,0,15466
E14000872,Orpington,0,19461
E14000877,Penrith and The Border,0,15910
E14000879,"Plymouth, Moor View",0,5019
E14000881,Poole,0,14209
E14000883,Portsmouth North,0,9965
E14000888,Rayleigh and Wickford,0,23450
E14000890,Reading West,0,2876
E14000892,Redditch,0,7363
E14000893,Reigate,0,17614
E14000894,Ribble Valley,0,13199
E14000895,Richmond (Yorks),0,23108
E14000898,Rochester and Strood,0,9850
E14000899,Rochford and Southend East,0,5548
E14000900,Romford,0,13778
E14000901,Romsey and Southampton North,0,18046
E14000902,Rossendale and Darwen,0,3216
E14000905,Rugby,0,8212
E14000906,"Ruislip, Northwood and Pinner",0,13980
E14000907,Runnymede and Weybridge,0,18050
E14000908,Rushcliffe,0,8010
E14000909,Rutland and Melton,0,23104
E14000910,Saffron Walden,0,24966
E14000912,Salisbury,0,17333
E14000913,Scarborough and Whitby,0,3435
E14000917,Selby and Ainsty,0,13772
E14000918,Sevenoaks,0,21917
E14000924,Sherwood,0,5198
E14000925,Shipley,0,4681
E14000926,Shrewsbury and Atcham,0,6627
E14000927,Sittingbourne and Sheppey,0,15211
E14000928,Skipton and Ripon,0,19985
E14000929,Sleaford and North Hykeham,0,25237
E14000931,Solihull,0,20571
E14000932,Somerton and Frome,0,22906
E14000933,South Basildon and East Thurrock,0,11490
E14000934,South Cambridgeshire,0,15952
E14000935,South Derbyshire,0,11970
E14000936,South Dorset,0,11695
E14000937,South East Cambridgeshire,0,16158
E14000938,South East Cornwall,0,17443
E14000939,South Holland and The Deepings,0,24897
E14000940,South Leicestershire,0,18631
E14000941,South Norfolk,0,16678
E14000942,South Northamptonshire,0,22840
E14000943,South Ribble,0,7421
E14000945,South Staffordshire,0,22733
E14000946,South Suffolk,0,17749
E14000948,South Thanet,0,6387
E14000949,South West Bedfordshire,0,14168
E14000950,South West Devon,0,15816
E14000951,South West Hertfordshire,0,19550
E14000952,South West Norfolk,0,18312
E14000953,South West Surrey,0,21590
E14000954,South West Wiltshire,0,18326
E14000957,Southend West,0,10000
E14000958,Southport,0,2914
E14000959,Spelthorne,0,13425
E14000960,St Albans,0,6109
E14000961,St Austell and Newquay,0,11142
E14000965,Stafford,0,7729
E14000966,Staffordshire Moorlands,0,10830
E14000968,Stevenage,0,3386
E14000975,Stone,0,17495
E14000976,Stourbridge,0,7654
E14000977,Stratford-on-Avon,0,21958
E14000981,Suffolk Coastal,0,16012
E14000983,Surrey Heath,0,24943
E14000984,Sutton and Cheam,0,12698
E14000985,Sutton Coldfield,0,15339
E14000986,Tamworth,0,12347
E14000987,Tatton,0,14787
E14000988,Taunton Deane,0,15887
E14000990,Tewkesbury,0,22574
E14000991,The Cotswolds,0,25499
E14000992,The Wrekin,0,9564
E14000993,Thirsk and Malton,0,19001
E14000994,Thornbury and Yate,0,12071
E14000996,Tiverton and Honiton,0,19801
E14000997,Tonbridge and Malling,0,23508
E14000999,Torbay,0,14283
E14001000,Torridge and West Devon,0,20686
E14001001,Totnes,0,13477
E14001003,Truro and Falmouth,0,3792
E14001004,Tunbridge Wells,0,16465
E14001007,Uxbridge and South Ruislip,0,5034
E14001011,Walsall North,0,2601
E14001015,Wantage,0,17380
E14001022,Waveney,0,9215
E14001023,Wealden,0,23628
E14001025,Wellingborough,0,12460
E14001026,Wells,0,7582
E14001027,Welwyn Hatfield,0,7369
E14001031,West Dorset,0,19091
E14001034,West Suffolk,0,17063
E14001035,West Worcestershire,0,21328
E14001038,Weston-Super-Mare,0,11544
E14001040,Wimbledon,0,5622
E14001041,Winchester,0,9999
E14001042,Windsor,0,22384
E14001045,Witham,0,18646
E14001046,Witney,0,21241
E14001047,Woking,0,16724
E14001048,Wokingham,0,18798
E14001052,Worcester,0,2508
E14001055,Worthing West,0,12090
E14001056,Wycombe,0,6578
E14001057,Wyre and Preston North,0,12246
E14001058,Wyre Forest,0,13334
E14001060,Yeovil,0,14723
E14001062,York Outer,0,8289
W07000054,Monmouth,0,8206
W07000059,Clwyd West,0,3437
W07000063,Montgomeryshire,0,9285
W07000066,Carmarthen West and South Pembrokeshire,0,3110
W07000068,Brecon and Radnorshire,0,8038
S14000002,Aberdeen South,0,4752
S14000004,Angus,0,2645
S14000006,"Ayr, Carrick and Cumnock",0,2774
S14000007,Banff and Buchan,0,3693
S14000008,"Berwickshire, Roxburgh and Selkirk",0,11060
S14000013,Dumfries and Galloway,0,5643
S14000014,"Dumfriesshire, Clydesdale and Tweeddale",0,9441
S14000021,East Renfrewshire,0,4712
S14000037,Gordon,0,2607
S14000046,Moray,0,4159
S14000050,Ochil and South Perthshire,0,3359
S14000058,West Aberdeenshire and Kincardine,0,7950
N06000001,Belfast East,0,8474
N06000005,East Antrim,0,15923
N06000006,East Londonderry,0,8842
N06000009,Lagan Valley,0,19229
N06000012,North Antrim,0,20643
N06000014,South Antrim,0,3208
N06000016,Strangford,0,18343
N06000017,Upper Bann,0,7992
E14000598,"Brighton, Pavilion",0,14699
E14000537,Ashton-under-Lyne,0,11295
E14000540,Barking,0,21608
E14000541,Barnsley Central,0,15546
E14000542,Barnsley East,0,13283
E14000546,Bassetlaw,0,4852
E14000548,Batley and Spen,0,8961
E14000549,Battersea,0,2416
E14000553,Bermondsey and Old Southwark,0,12972
E14000555,Bethnal Green and Bow,0,35393
E14000559,Birkenhead,0,25514
E14000560,"Birmingham, Edgbaston",0,6917
E14000561,"Birmingham, Erdington",0,7285
E14000562,"Birmingham, Hall Green",0,33944
E14000563,"Birmingham, Hodge Hill",0,31026
E14000564,"Birmingham, Ladywood",0,28714
E14000565,"Birmingham, Northfield",0,4667
E14000566,"Birmingham, Perry Barr",0,18383
E14000567,"Birmingham, Selly Oak",0,15207
E14000568,"Birmingham, Yardley",0,16574
E14000570,Blackburn,0,20368
E14000571,Blackley and Broughton,0,19601
E14000573,Blackpool South,0,2523
E14000574,Blaydon,0,13477
E14000575,Blyth Valley,0,7915
E14000577,Bolsover,0,5288
E14000578,Bolton North East,0,3797
E14000579,Bolton South East,0,13126
E14000581,Bootle,0,36200
E14000587,Bradford East,0,20540
E14000588,Bradford South,0,6700
E14000589,Bradford West,0,21902
E14000591,Brent Central,0,27997
E14000592,Brent North,0,17061
E14000593,Brentford and Isleworth,0,12182
E14000597,"Brighton, Kemptown",0,9868
E14000599,Bristol East,0,13394
E14000600,Bristol North West,0,4761
E14000601,Bristol South,0,15987
E14000602,Bristol West,0,37336
E14000609,Burnley,0,6353
E14000611,Bury North,0,4375
E14000612,Bury South,0,5965
E14000615,Camberwell and Peckham,0,37316
E14000617,Cambridge,0,12661
E14000632,Chesterfield,0,9605
E14000637,Chorley,0,7512
E14000640,City of Chester,0,9176
E14000641,City of Durham,0,12364
E14000649,Coventry North East,0,15580
E14000650,Coventry North West,0,8580
E14000651,Coventry South,0,7947
E14000654,Croydon Central,0,5652
E14000655,Croydon North,0,32365
E14000657,Dagenham and Rainham,0,4652
E14000658,Darlington,0,3280
E14000661,Denton and Reddish,0,14077
E14000663,Derby South,0,11248
E14000666,Dewsbury,0,3321
E14000667,Don Valley,0,5169
E14000668,Doncaster Central,0,10131
E14000669,Doncaster North,0,14024
E14000673,Dulwich and West Norwood,0,28156
E14000674,Ealing Central and Acton,0,13807
E14000675,Ealing North,0,19693
E14000676,"Ealing, Southall",0,22090
E14000677,Easington,0,14892
E14000679,East Ham,0,39883
E14000687,Edmonton,0,21115
E14000688,Ellesmere Port and Neston,0,11390
E14000690,Eltham,0,6296
E14000691,Enfield North,0,10247
E14000692,"Enfield, Southgate",0,4355
E14000696,Erith and Thamesmead,0,10014
E14000698,Exeter,0,16117
E14000701,Feltham and Heston,0,15603
E14000708,Garston and Halewood,0,32149
E14000709,Gateshead,0,17350
E14000710,Gedling,0,4694
E14000716,Great Grimsby,0,2565
E14000718,Greenwich and Woolwich,0,20714
E14000720,Hackney North and Stoke Newington,0,35139
E14000721,Hackney South and Shoreditch,0,37931
E14000723,Halifax,0,5376
E14000725,Halton,0,25405
E14000726,Hammersmith,0,18651
E14000727,Hampstead and Kilburn,0,15560
E14000732,Harrow West,0,13314
E14000733,Hartlepool,0,7650
E14000737,Hayes and Harlington,0,18115
E14000740,Hemsworth,0,10174
E14000747,Heywood and Middleton,0,7617
E14000748,High Peak,0,2322
E14000750,Holborn and St Pancras,0,30509
E14000752,Hornsey and Wood Green,0,30738
E14000754,Houghton and Sunderland South,0,12341
E14000755,Hove,0,18757
E14000756,Huddersfield,0,12005
E14000758,Hyndburn,0,5815
E14000759,Ilford North,0,9639
E14000760,Ilford South,0,31647
E14000763,Islington North,0,33215
E14000764,Islington South and Finsbury,0,20263
E14000765,Jarrow,0,17263
E14000771,Kingston upon Hull East,0,10396
E14000772,Kingston upon Hull North,0,14322
E14000773,Kingston upon Hull West and Hessle,0,8025
E14000775,Knowsley,0,42214
E14000776,Lancaster and Fleetwood,0,6661
E14000777,Leeds Central,0,23698
E14000778,Leeds East,0,12752
E14000779,Leeds North East,0,16991
E14000780,Leeds North West,0,4224
E14000781,Leeds West,0,15965
E14000782,Leicester East,0,22428
E14000783,Leicester South,0,26261
E14000784,Leicester West,0,11060
E14000785,Leigh,0,9554
E14000787,Lewisham East,0,21213
E14000788,Lewisham West and Penge,0,23162
E14000789,"Lewisham, Deptford",0,34899
E14000790,Leyton and Wanstead,0,22607
E14000793,"Liverpool, Riverside",0,35947
E14000794,"Liverpool, Walton",0,32551
E14000795,"Liverpool, Wavertree",0,29466
E14000796,"Liverpool, West Derby",0,32908
E14000800,Luton North,0,14364
E14000801,Luton South,0,13925
E14000805,Makerfield,0,13542
E14000807,Manchester Central,0,31445
E14000808,"Manchester, Gorton",0,31730
E14000809,"Manchester, Withington",0,29875
E14000819,Middlesbrough,0,13873
E14000823,Mitcham and Morden,0,21375
E14000831,Newcastle upon Tyne Central,0,14937
E14000832,Newcastle upon Tyne East,0,19261
E14000833,Newcastle upon Tyne North,0,10349
E14000836,"Normanton, Pontefract and Castleford",0,14499
E14000840,North Durham,0,12939
E14000853,North Tyneside,0,19284
E14000856,North West Durham,0,8792
E14000864,Norwich South,0,15596
E14000865,Nottingham East,0,19590
E14000866,Nottingham North,0,11160
E14000867,Nottingham South,0,15162
E14000870,Oldham East and Saddleworth,0,8182
E14000871,Oldham West and Royton,0,17198
E14000873,Oxford East,0,23284
E14000880,"Plymouth, Sutton and Devonport",0,6807
E14000882,Poplar and Limehouse,0,27712
E14000885,Preston,0,15723
E14000889,Reading East,0,3749
E14000891,Redcar,0,9485
E14000897,Rochdale,0,14819
E14000903,Rother Valley,0,3882
E14000904,Rotherham,0,11387
E14000911,Salford and Eccles,0,19132
E14000914,Scunthorpe,0,3431
E14000915,Sedgefield,0,6059
E14000916,Sefton Central,0,15618
E14000919,Sheffield Central,0,27748
E14000920,Sheffield South East,0,11798
E14000921,"Sheffield, Brightside and Hillsborough",0,19143
E14000922,"Sheffield, Hallam",0,2125
E14000923,"Sheffield, Heeley",0,13828
E14000930,Slough,0,16998
E14000944,South Shields,0,14508
E14000956,"Southampton, Test",0,11503
E14000962,St Helens North,0,18406
E14000963,St Helens South and Whiston,0,24343
E14000967,Stalybridge and Hyde,0,8084
E14000969,Stockport,0,14477
E14000970,Stockton North,0,8715
E14000972,Stoke-on-Trent Central,0,3897
E14000973,Stoke-on-Trent North,0,2359
E14000978,Streatham,0,26285
E14000979,Stretford and Urmston,0,19705
E14000982,Sunderland Central,0,9997
E14000998,Tooting,0,15458
E14001002,Tottenham,0,34584
E14001006,Tynemouth,0,11666
E14001008,Vauxhall,0,20250
E14001010,Wallasey,0,23320
E14001012,Walsall South,0,8892
E14001013,Walthamstow,0,32017
E14001014,Wansbeck,0,10435
E14001016,Warley,0,16483
E14001017,Warrington North,0,9582
E14001020,Washington and Sunderland West,0,12940
E14001024,Weaver Vale,0,3928
E14001028,Wentworth and Dearne,0,14803
E14001029,West Bromwich East,0,7713
E14001030,West Bromwich West,0,4460
E14001032,West Ham,0,36754
E14001033,West Lancashire,0,11689
E14001036,Westminster North,0,11512
E14001039,Wigan,0,16027
E14001043,Wirral South,0,8323
E14001044,Wirral West,0,5365
E14001049,Wolverhampton North East,0,4587
E14001050,Wolverhampton South East,0,8514
E14001051,Wolverhampton South West,0,2185
E14001053,Workington,0,3925
E14001054,Worsley and Eccles South,0,8379
E14001059,Wythenshawe and Sale East,0,14944
E14001061,York Central,0,18575
W07000041,Ynys Môn,0,5259
W07000042,Delyn,0,4240
W07000043,Alyn and Deeside,0,5235
W07000044,Wrexham,0,1832
W07000045,Llanelli,0,12024
W07000046,Gower,0,3269
W07000047,Swansea West,0,10598
W07000048,Swansea East,0,13168
W07000049,Aberavon,0,16761
W07000050,Cardiff Central,0,17196
W07000051,Cardiff North,0,4174
W07000052,Rhondda,0,13746
W07000053,Torfaen,0,10240
W07000055,Newport East,0,8003
W07000056,Newport West,0,5658
W07000060,Vale of Clwyd,0,2379
W07000062,Clwyd South,0,4356
W07000069,Neath,0,12631
W07000070,Cynon Valley,0,13238
W07000071,Merthyr Tydfil and Rhymney,0,16334
W07000072,Blaenau Gwent,0,11907
W07000073,Bridgend,0,4700
W07000074,Ogmore,0,13871
W07000075,Pontypridd,0,11448
W07000076,Caerphilly,0,12078
W07000077,Islwyn,0,11412
W07000079,Cardiff West,0,12551
W07000080,Cardiff South and Penarth,0,14864
S14000020,East Lothian,0,3083
S14000024,Edinburgh South,0,15514
E14000547,Bath,0,5694
E14000770,Kingston and Surbiton,0,4124
E14000848,North Norfolk,0,3512
E14001005,Twickenham,0,9762
S14000009,"Caithness, Sutherland and Easter Ross",0,2044
S14000018,East Dunbartonshire,0,5339
S14000026,Edinburgh West,0,2988
S14000051,Orkney and Shetland,0,4563
W07000061,Dwyfor Meirionnydd,0,4850
W07000067,Carmarthen East and Dinefwr,0,3908
N06000004,Belfast West,0,21652
N06000010,Mid Ulster,0,12890
N06000011,Newry And Armagh,0,12489
N06000018,West Tyrone,0,10342
S14000001,Aberdeen North,0,4139
S14000012,"Cumbernauld, Kilsyth and Kirkintilloch East",0,4264
S14000015,Dundee East,0,6645
S14000016,Dundee West,0,5262
S14000019,"East Kilbride, Strathaven and Lesmahagow",0,3866
S14000022,Edinburgh East,0,3425
S14000028,Falkirk,0,4923
S14000029,Glasgow Central,0,2267
S14000031,Glasgow North,0,1060
S14000033,Glasgow North West,0,2561
S14000034,Glasgow South,0,2027
S14000036,Glenrothes,0,3267
S14000039,"Inverness, Nairn, Badenoch and Strathspey",0,4924
S14000040,Kilmarnock and Loudoun,0,6269
S14000043,Linlithgow and East Falkirk,0,2919
S14000044,Livingston,0,3878
S14000027,Na h-Eileanan An Iar,0,1007
S14000048,North Ayrshire and Arran,0,3633
S14000052,Paisley and Renfrewshire North,0,2613
S14000053,Paisley and Renfrewshire South,0,2541
S14000055,"Ross, Skye and Lochaber",0,5919
S14000059,West Dunbartonshire,0,2288
E14000608,Buckingham,0,25725
