AREACD,AREANM,Time1,Time2,Time3,Time4,Time5,Time6
E06000001,Hartlepool,96.18817363,96.18817363,96.16631516,96.14450195,96.98193088,96.98193088
E06000002,Middlesbrough,102.942682,103.1128861,103.0748879,103.0559266,101.7020421,101.7020421
E06000003,Redcar and Cleveland,100.299256,100.299256,100.549193,100.6441717,100.6441717,100.6441717
E06000004,Stockton-on-Tees,95.63382102,95.63382102,95.63382102,95.63382102,95.63382102,95.63382102
E06000005,Darlington,96.86500445,96.86500445,97.05267498,97.05267498,96.86500445,96.86500445
E06000006,Halton,98.56714156,98.56714156,98.56714156,98.56714156,98.32715549,98.32715549
E06000007,Warrington,96.05768448,96.05768448,96.07932328,96.05768448,95.65461956,95.65461956
E06000008,Blackburn with Darwen,109.4849447,109.4849447,109.3716029,108.9254714,106.8555851,106.8555851
E06000009,Blackpool,113.6520841,113.6520841,113.0907193,113.056168,112.3113675,112.3113675
E06000010,"Kingston upon Hull, City of",109.541892,109.541892,109.5990249,109.3716029,109.3152033,109.3152033
E06000011,East Riding of Yorkshire,92.3065531,92.3065531,92.31393642,92.31393642,92.29180474,92.29180474
E06000012,North East Lincolnshire,102.8116945,102.480333,102.7003725,102.718865,101.9624641,101.9624641
E06000013,North Lincolnshire,93.52036937,93.52036937,93.52036937,93.52036937,93.52036937,93.52036937
E06000014,York,103.0369904,103.0369904,103.0369904,102.8489964,102.9614934,102.9614934
E06000015,Derby,104.977025,105.3262691,105.3262691,105.3704869,105.1943691,105.1943691
E06000016,Leicester,106.9531582,106.9531582,107.2993347,107.5004833,107.4752054,107.4752054
E06000017,Rutland,80.33081815,80.27703289,80.29274949,80.27703289,80.27703289,80.27703289
E06000018,Nottingham,105.957074,105.8653861,106.1420682,106.1886561,106.003119,106.003119
E06000019,"Herefordshire, County of",79.3451348,79.3451348,79.3451348,79.3451348,79.3451348,79.3451348
E06000020,Telford and Wrekin,94.14637829,94.30935838,94.30935838,94.29111536,94.34594311,94.34594311
E06000021,Stoke-on-Trent,106.1420682,106.1886561,105.9111632,105.8197394,105.6835999,105.6835999
E06000022,Bath and North East Somerset,98.48661118,98.40661707,98.62112799,98.72983123,98.72983123,98.72983123
E06000023,"Bristol, City of",107.3996034,107.4499663,107.2993347,107.3996034,107.1500725,107.1500725
E06000024,North Somerset,95.86486477,95.86486477,95.86486477,95.84365422,95.17643442,95.17643442
E06000025,South Gloucestershire,95.10705702,94.96968245,94.96968245,95.00874677,95.06761836,95.06761836
E06000026,Plymouth,101.3623896,101.2122937,101.2621386,102.1211224,102.1211224,102.1211224
E06000027,Torbay,102.5899213,102.5899213,102.5899213,102.156628,101.8403173,101.8403173
E06000030,Swindon,97.88664506,97.88664506,97.91210643,98.04024962,98.04024962,98.04024962
E06000031,Peterborough,95.61306571,95.61306571,95.65461956,95.97155948,95.97155948,95.97155948
E06000032,Luton,104.977025,104.8909468,104.6778582,105.1724958,105.1943691,105.1943691
E06000033,Southend-on-Sea,108.5443559,108.5443559,108.5443559,108.437011,108.7066546,108.7066546
E06000034,Thurrock,99.11811837,99.11811837,99.17460385,99.01988594,98.44654821,98.44654821
E06000035,Medway,101.3959728,101.4972295,101.5651567,101.5651567,101.5651567,101.5651567
E06000036,Bracknell Forest,92.68334053,92.68334053,93.28754221,93.11662257,93.13276666,93.13276666
E06000037,West Berkshire,87.09315159,87.09315159,87.19002777,87.0562819,87.10055074,87.10055074
E06000038,Reading,102.156628,102.156628,102.156628,102.156628,102.5167674,102.5167674
E06000039,Slough,108.6253125,108.6253125,108.8705047,109.1750068,109.2029558,109.2029558
E06000040,Windsor and Maidenhead,98.75715967,98.75715967,98.83951711,98.88090474,98.86709327,98.86709327
E06000041,Wokingham,91.01286578,91.01286578,91.05742669,91.0894019,91.05742669,91.05742669
E06000042,Milton Keynes,94.03032342,93.70738255,93.69023093,93.97722113,93.93318733,93.93318733
E06000043,Brighton and Hove,113.4749155,113.4749155,112.781963,112.3113675,111.9171032,111.9171032
E06000044,Portsmouth,111.8521864,112.0476075,112.0476075,112.0476075,110.5995812,110.5995812
E06000045,Southampton,105.4593062,105.4593062,105.4593062,105.3704869,105.4370529,105.4370529
E06000046,Isle of Wight,92.94877672,92.94877672,93.04431689,93.06033696,93.06033696,93.06033696
E06000047,County Durham,93.41988456,93.41988456,93.43655903,93.40323935,93.79360782,93.79360782
E06000049,Cheshire East,94.02145244,93.98605097,94.03920243,93.91563106,93.77630224,93.77630224
E06000050,Cheshire West and Chester,96.00377591,96.00377591,96.07932328,96.07932328,96.09015961,96.09015961
E06000051,Shropshire,86.2317721,86.2317721,86.25106637,86.25106637,86.11731608,86.11731608
E06000052,Cornwall,86.86085193,86.9759238,87.08576022,87.11537597,87.16006195,87.16006195
E06000054,Wiltshire,86.02362224,86.02362224,86.19975317,86.2317721,86.18062636,86.18062636
E06000055,Bedford,94.12843352,94.12843352,94.17335479,93.52036937,93.75039985,93.75039985
E06000056,Central Bedfordshire,89.8062683,90.08404473,90.29035362,90.30197564,90.11805548,90.11805548
E06000057,Northumberland,88.97042784,88.97042784,88.97042784,88.98996773,88.98996773,88.98996773
E06000058,"Bournemouth, Christchurch and Poole",102.9614934,102.9614934,102.6634599,102.480333,102.2636939,102.2636939
E06000059,Dorset,89.79536334,89.79536334,89.77359728,89.77359728,89.73025257,89.73025257
E06000060,Buckinghamshire,92.29180474,92.29180474,92.3065531,92.21843066,92.26238281,92.26238281
E06000061,North Northamptonshire,94.97195221,95.04291487,95.26721525,95.25031583,95.29356392,95.29356392
E06000062,West Northamptonshire,87.05624009,87.05368979,87.00718616,86.920502,86.84081384,86.84081384
E07000008,Cambridge,100.612436,100.612436,101.162632,101.4972295,101.19572,101.19572
E07000009,East Cambridgeshire,87.64905021,87.64905021,87.64905021,87.64905021,87.20130212,87.20130212
E07000010,Fenland,90.93074252,90.93074252,90.93074252,90.93074252,90.93074252,90.93074252
E07000011,Huntingdonshire,91.80449207,91.80449207,91.80449207,92.11671601,92.0950712,92.0950712
E07000012,South Cambridgeshire,84.69147353,84.69147353,84.72553957,84.72553957,84.55271836,84.55271836
E07000026,Allerdale,91.0446701,91.0446701,91.14726993,91.14726993,91.14726993,91.14726993
E07000027,Barrow-in-Furness,105.3704869,105.3704869,105.3704869,105.3704869,105.2382121,105.2382121
E07000028,Carlisle,93.72456682,93.72456682,93.70738255,93.70738255,93.65601723,93.65601723
E07000029,Copeland,89.35091406,89.35091406,89.35091406,89.26916218,89.25900703,89.25900703
E07000030,Eden,78.02786745,78.02786745,78.0237463,78.0237463,78.0237463,78.0237463
E07000031,South Lakeland,86.28984684,86.28984684,86.28984684,86.30933292,86.30933292,86.30933292
E07000032,Amber Valley,94.17335479,93.89810435,93.91563106,93.91563106,93.86314756,93.86314756
E07000033,Bolsover,94.82451292,94.82451292,94.85338149,94.83412631,94.83412631,94.83412631
E07000034,Chesterfield,97.81059011,97.81059011,97.56060421,97.73502893,97.73502893,97.73502893
E07000035,Derbyshire Dales,81.67975067,81.67975067,81.65928304,81.65928304,81.65448404,81.65448404
E07000036,Erewash,100.8523491,100.8523491,100.8201061,100.8040146,100.7879428,100.7879428
E07000037,High Peak,98.32715549,98.32715549,98.32715549,98.32715549,98.40661707,98.40661707
E07000038,North East Derbyshire,92.72962736,92.72962736,92.80729627,92.82291012,93.14084969,93.14084969
E07000039,South Derbyshire,91.67305672,91.67305672,91.67305672,91.78360561,90.94962173,90.94962173
E07000040,East Devon,89.93835731,89.93835731,89.80081388,89.79536334,89.86652849,89.86652849
E07000041,Exeter,104.1375446,104.1375446,103.854533,103.8145436,103.8145436,103.8145436
E07000042,Mid Devon,79.66612987,79.66612987,79.6774534,79.6774534,79.67871418,79.67871418
E07000043,North Devon,86.67139434,86.67139434,86.18699478,86.67139434,86.18699478,86.18699478
E07000044,South Hams,81.45741006,81.36783874,81.39892704,81.63177524,81.67492435,81.67492435
E07000045,Teignbridge,91.81844411,91.81844411,91.86043608,91.86043608,91.81844411,91.81844411
E07000046,Torridge,78.85134518,78.85134518,78.85134518,78.85134518,78.86478219,78.86478219
E07000047,West Devon,80.88086719,80.88086719,80.88086719,80.88086719,80.88086719,80.88086719
E07000061,Eastbourne,104.3017256,104.3017256,104.3017256,104.3017256,104.0358461,104.0358461
E07000062,Hastings,107.1500725,107.1500725,107.2743635,107.6529703,107.7554105,107.7554105
E07000063,Lewes,91.31673182,91.31673182,91.43608089,91.0829973,91.0829973,91.0829973
E07000064,Rother,88.53966862,88.53966862,88.53966862,88.58112781,88.58112781,88.58112781
E07000065,Wealden,89.01937701,89.01937701,89.0095603,89.11827293,89.09838663,89.09838663
E07000066,Basildon,98.22202192,98.22202192,98.22202192,98.19588349,98.15678193,98.15678193
E07000067,Braintree,86.77592774,86.77592774,86.77592774,86.76890285,88.10780738,88.10780738
E07000068,Brentwood,94.09264408,94.09264408,94.09264408,94.09264408,94.09264408,94.09264408
E07000069,Castle Point,100.9984209,100.9984209,100.9984209,100.9984209,100.9984209,100.9984209
E07000070,Chelmsford,93.04431689,93.04431689,93.04431689,93.04431689,92.96463241,92.96463241
E07000071,Colchester,94.66245116,94.81490859,95.28640587,95.24628205,95.28640587,95.28640587
E07000072,Epping Forest,93.41155829,93.41155829,93.32045379,93.34521455,93.34521455,93.34521455
E07000073,Harlow,97.31591459,97.31591459,97.19550358,97.19550358,97.02904475,97.02904475
E07000074,Maldon,86.46088541,86.46088541,86.46088541,87.31132064,87.31132064,87.31132064
E07000075,Rochford,96.8766423,96.8766423,96.8766423,96.8766423,96.8766423,96.8766423
E07000076,Tendring,96.03608896,96.03608896,96.0145353,95.97155948,95.97155948,95.97155948
E07000077,Uttlesford,81.30323568,81.30323568,81.30323568,81.32718348,81.29240563,81.29240563
E07000078,Cheltenham,103.0748879,103.0748879,102.9991931,103.0748879,103.1891883,103.1891883
E07000079,Cotswold,82.66968452,82.66968452,83.85013641,83.85013641,83.86036127,83.86036127
E07000080,Forest of Dean,85.69844892,85.69844892,85.69844892,85.69844892,85.69844892,85.69844892
E07000081,Gloucester,101.162632,101.162632,101.4972295,101.4972295,101.4972295,101.4972295
E07000082,Stroud,88.42125298,88.42125298,88.44840213,88.44840213,88.35383765,88.35383765
E07000083,Tewkesbury,89.05877432,89.05877432,89.05877432,89.05877432,89.05877432,89.05877432
E07000084,Basingstoke and Deane,89.6979041,89.6979041,89.6925258,89.77903299,89.53819754,89.53819754
E07000085,East Hampshire,89.34064589,89.34064589,89.2084353,88.9315042,89.16321558,89.16321558
E07000086,Eastleigh,98.09190078,98.59410458,98.67535842,97.96319711,97.96319711,97.96319711
E07000087,Fareham,93.60492335,93.60492335,93.62192303,93.74178183,93.70738255,93.70738255
E07000088,Gosport,101.7364793,101.7364793,102.7373818,102.7373818,102.7373818,102.7373818
E07000089,Hart,93.21390906,93.21390906,93.21390906,93.29575983,93.1732499,93.1732499
E07000090,Havant,99.13221553,99.13221553,99.10403731,99.10403731,98.63466242,98.63466242
E07000091,New Forest,93.06033696,93.06033696,93.04431689,93.06033696,93.06033696,93.06033696
E07000092,Rushmoor,99.88817216,99.88817216,99.88817216,99.88817216,99.88817216,99.88817216
E07000093,Test Valley,84.89680738,84.89680738,84.89680738,84.89680738,84.89680738,84.89680738
E07000094,Winchester,88.34489829,88.34489829,87.60086386,87.60086386,87.67327665,87.67327665
E07000095,Broxbourne,103.0938744,103.0938744,103.1509876,103.1509876,103.0748879,103.0748879
E07000096,Dacorum,98.7982687,98.7982687,98.89473188,98.90857465,98.92243316,98.92243316
E07000098,Hertsmere,101.42964,101.8751053,101.8751053,101.5992484,100.549193,100.549193
E07000099,North Hertfordshire,91.90263173,91.90263173,91.78360643,91.81844411,91.78360643,91.78360643
E07000102,Three Rivers,96.95844834,96.95844834,98.18283504,98.13078677,98.41991293,98.41991293
E07000103,Watford,104.5934559,104.5934559,104.6567137,104.6567137,104.6567137,104.6567137
E07000105,Ashford,85.82569959,85.82569959,85.93752456,85.81971713,85.81971713,85.81971713
E07000106,Canterbury,95.63382102,95.63382102,95.67545902,95.92875471,95.95013704,95.95013704
E07000107,Dartford,94.8053122,94.8053122,95.35699836,95.35699836,94.31849247,94.31849247
E07000108,Dover,91.67992421,91.67992421,91.70745069,91.70745069,91.70745069,91.70745069
E07000109,Gravesham,107.6019831,107.6019831,107.6019831,107.6019831,107.6019831,107.6019831
E07000110,Maidstone,93.45326088,93.45326088,93.15703478,93.32045379,93.32045379,93.32045379
E07000111,Sevenoaks,90.03892716,90.03892716,90.01646595,89.90512331,89.90512331,89.90512331
E07000112,Folkestone and Hythe,96.37575349,96.37575349,96.37575349,95.88611997,95.91807947,95.91807947
E07000113,Swale,92.35094314,92.35094314,92.98051535,92.99642368,92.85421581,92.85421581
E07000114,Thanet,105.6835999,105.6835999,105.6835999,105.6835999,105.6384824,105.6384824
E07000115,Tonbridge and Malling,92.60671547,92.60671547,92.50051707,92.60671547,92.56104952,92.56104952
E07000116,Tunbridge Wells,93.74178183,93.74178183,93.74178183,93.74178183,93.74178183,93.74178183
E07000117,Burnley,106.4710894,106.4710894,107.9882325,106.4710894,106.9531582,106.9531582
E07000118,Chorley,96.63475677,96.63475677,96.63475677,96.61199231,96.63475677,96.63475677
E07000119,Fylde,97.38877598,97.38877598,97.65995374,97.88664506,97.88664506,97.88664506
E07000120,Hyndburn,108.8157129,108.5443559,108.4637837,108.5443559,108.5443559,108.5443559
E07000121,Lancaster,101.0638635,101.0638635,101.0638635,101.0638635,99.69487185,99.69487185
E07000122,Pendle,105.9111632,105.9111632,105.9111632,105.9111632,105.8197407,105.8197407
E07000123,Preston,107.002164,107.002164,107.1500725,107.1500725,107.1500725,107.1500725
E07000124,Ribble Valley,87.6894768,87.6894768,87.6894768,87.6894768,87.6894768,87.6894768
E07000125,Rossendale,100.9333014,101.4633925,101.4633925,101.4633925,101.4633925,101.4633925
E07000126,South Ribble,99.30264995,99.30264995,99.3169598,99.33128533,99.38875287,99.38875287
E07000127,West Lancashire,92.10227965,92.10227965,92.10227965,91.88854324,91.87447916,91.87447916
E07000128,Wyre,95.35699836,95.35699836,95.46890054,95.46890054,95.46890054,95.46890054
E07000129,Blaby,97.65995374,97.65995374,97.58536136,97.58536136,97.59776057,97.59776057
E07000130,Charnwood,98.27447188,98.27447188,98.16980095,98.86709327,99.06189051,99.06189051
E07000131,Harborough,87.36511589,87.36511589,87.36511589,87.36511589,87.36511589,87.36511589
E07000132,Hinckley and Bosworth,95.00874677,95.00874677,95.00874677,94.91136834,94.91136834,94.91136834
E07000133,Melton,85.16337395,85.16337395,85.16337395,85.16337395,85.16337395,85.16337395
E07000134,North West Leicestershire,90.06145333,90.06145333,90.06145333,90.07274153,90.02768779,90.02768779
E07000135,Oadby and Wigston,99.69487185,99.69487185,99.69487185,99.69487185,99.93320043,99.93320043
E07000136,Boston,85.82270739,87.04893447,87.04893447,87.09315159,87.09315159,87.09315159
E07000137,East Lindsey,85.23014167,85.78989874,85.73956528,85.73956528,85.73956528,85.73956528
E07000138,Lincoln,101.8403173,101.8403173,101.8403173,101.8403173,101.8403173,101.8403173
E07000139,North Kesteven,90.49026837,90.46648627,90.46648627,90.46648627,90.46648627,90.46648627
E07000140,South Holland,85.31409915,85.31409915,85.31409915,85.31409915,85.31409915,85.31409915
E07000141,South Kesteven,85.4355384,85.4355384,85.4355384,85.4355384,85.4355384,85.4355384
E07000142,West Lindsey,84.02491745,84.78447007,84.78447007,84.78447007,84.78447007,84.78447007
E07000143,Breckland,82.39649329,82.39649329,82.42284458,82.39649329,82.44937148,82.44937148
E07000144,Broadland,89.46480828,89.34064528,89.06865758,89.06865758,89.06865758,89.06865758
E07000145,Great Yarmouth,99.40316126,98.92243316,98.95019899,99.11811837,98.06604771,98.06604771
E07000146,King's Lynn and West Norfolk,84.79435689,84.79435689,84.79435689,84.77460098,84.77460098,84.77460098
E07000147,North Norfolk,80.41420913,80.41420913,80.41831768,80.43398171,80.41420913,80.41420913
E07000148,Norwich,108.1189919,108.1189919,107.2993347,107.3493911,106.7103209,106.7103209
E07000149,South Norfolk,82.79490975,82.7916926,82.79490975,82.79490975,82.79490975,82.79490975
E07000163,Craven,89.60699088,89.60699088,89.59105974,89.56458238,89.35091406,89.35091406
E07000164,Hambleton,79.76071814,79.76071814,79.76071814,79.76071814,79.76071814,79.76071814
E07000165,Harrogate,89.66569241,89.66569241,89.36119702,89.62295563,89.59105974,89.59105974
E07000166,Richmondshire,80.08162939,80.08162939,80.12589094,80.12589094,80.12589094,80.12589094
E07000167,Ryedale,79.13111947,79.13111947,79.13111947,79.1215387,79.1215387,79.1215387
E07000168,Scarborough,93.22206251,93.22206251,93.25474532,93.22206251,93.22206251,93.22206251
E07000169,Selby,83.54575927,83.54575927,83.54575927,83.51526406,83.51526406,83.51526406
E07000170,Ashfield,96.34241641,96.58927318,96.63475677,97.12386352,97.12386352,97.12386352
E07000171,Bassetlaw,90.78125181,90.78125181,90.78125181,90.78125181,90.75044896,90.75044896
E07000172,Broxtowe,100.7718905,100.9658212,100.8685007,100.6282942,100.6282942,100.6282942
E07000173,Gedling,98.04025037,98.04025037,98.27447188,98.5402371,98.77084696,98.77084696
E07000174,Mansfield,96.49886622,96.49886622,96.40919368,96.34241641,96.34241641,96.34241641
E07000175,Newark and Sherwood,91.62513402,91.62513402,91.65248545,91.58426885,91.58426885,91.58426885
E07000176,Rushcliffe,93.67310782,93.45326088,93.45326088,93.45326088,93.45326088,93.45326088
E07000177,Cherwell,86.28984684,86.28984684,86.63350856,87.06732,87.06732,87.06732
E07000178,Oxford,104.9339251,104.9339251,104.9339251,104.9339251,105.3262691,105.3262691
E07000179,South Oxfordshire,87.4193644,87.4193644,87.4193644,87.91213638,87.91213638,87.91213638
E07000180,Vale of White Horse,86.38792274,86.65070011,86.66103804,86.8430629,86.8430629,86.8430629
E07000181,West Oxfordshire,87.57690202,87.57690202,87.57690202,87.58088928,87.57690202,87.57690202
E07000187,Mendip,87.24659769,87.23902615,87.23902615,88.34936679,88.34936679,88.34936679
E07000188,Sedgemoor,87.49371997,87.49371997,87.49371997,88.42125298,88.3852171,88.3852171
E07000189,South Somerset,87.5292396,87.5292396,87.6409951,87.6409951,87.5292396,87.5292396
E07000192,Cannock Chase,98.2089455,98.2089455,98.28762134,98.28762134,98.30078537,98.30078537
E07000193,East Staffordshire,93.57947827,94.10157869,94.0569836,94.0480895,94.03032342,94.03032342
E07000194,Lichfield,90.6102412,90.6102412,90.6102412,90.71976216,90.71976216,90.71976216
E07000195,Newcastle-under-Lyme,98.19588349,98.19588349,98.23511272,98.27447188,98.14377723,98.14377723
E07000196,South Staffordshire,94.27290801,94.27290801,94.30935838,94.31849247,94.31849247,94.31849247
E07000197,Stafford,91.65248545,91.6661947,91.17959416,91.17959416,91.14727069,91.14727069
E07000198,Staffordshire Moorlands,89.13821394,89.13821394,89.13821394,89.21852174,88.38072603,88.38072603
E07000199,Tamworth,95.71725739,95.71725739,95.66503418,95.46890054,95.10705702,95.10705702
E07000200,Babergh,81.19540555,81.19540555,81.19540555,81.19540555,81.18700975,81.18700975
E07000202,Ipswich,109.8294329,109.8294329,109.8294329,109.258989,109.258989,109.258989
E07000203,Mid Suffolk,80.10367353,80.10367353,80.10367353,80.1214334,79.80071174,79.80071174
E07000207,Elmbridge,101.162632,101.162632,101.19572,100.7398446,100.7398446,100.7398446
E07000208,Epsom and Ewell,96.78387608,96.78387608,96.63475677,96.76080386,96.76080386,96.76080386
E07000209,Guildford,90.51411983,90.51411983,90.51411983,90.51411983,90.51411983,90.51411983
E07000210,Mole Valley,91.65248545,91.65248545,93.35348259,93.35348259,93.35348259,93.35348259
E07000211,Reigate and Banstead,94.83412631,94.83412631,94.8630233,94.8053122,94.67191211,94.67191211
E07000212,Runnymede,97.81059011,97.81059011,97.69743068,97.74758847,97.68492443,97.68492443
E07000213,Spelthorne,99.28835653,99.28835653,99.30264995,99.35998594,99.94824533,99.94824533
E07000214,Surrey Heath,97.70995044,97.70995044,97.70995044,97.65995374,97.65995374,97.65995374
E07000215,Tandridge,91.14082069,91.14082069,91.14082069,91.14082069,91.14082069,91.14082069
E07000216,Waverley,92.20382928,91.97341394,91.97341394,91.97341394,91.97341394,91.97341394
E07000217,Woking,98.92243316,98.92243316,98.14377723,99.25982073,99.25982073,99.25982073
E07000218,North Warwickshire,90.5740609,90.5740609,90.62233719,90.58610273,90.50218452,90.50218452
E07000219,Nuneaton and Bedworth,98.5402371,98.5402371,98.55368183,98.56714156,98.56714156,98.56714156
E07000220,Rugby,92.05911534,92.05911534,91.97341394,91.97341394,92.05911534,92.05911534
E07000221,Stratford-on-Avon,81.75046638,81.75046638,82.60309258,82.60309258,82.63083639,82.63083639
E07000222,Warwick,98.01450935,98.01450935,98.01450935,97.96319711,98.06604771,98.06604771
E07000223,Adur,103.1509865,103.1509865,103.4205485,103.1509865,103.1509865,103.1509865
E07000224,Arun,100.1454623,100.1454623,100.054061,100.054061,99.20294546,99.20294546
E07000225,Chichester,86.39781993,86.31909966,86.34849792,86.37475223,86.30933292,86.30933292
E07000226,Crawley,102.2995689,102.2995689,102.4439908,102.8489964,102.8489964,102.8489964
E07000227,Horsham,91.48967043,91.36956765,91.36956765,91.32331783,91.329909,91.329909
E07000228,Mid Sussex,94.54959804,94.54959804,94.54959804,94.54959804,94.54959804,94.54959804
E07000229,Worthing,107.1006205,107.1006205,107.002164,107.3493911,107.3493911,107.3493911
E07000234,Bromsgrove,89.18830316,89.18830316,89.1482045,89.12325325,89.09838663,89.09838663
E07000235,Malvern Hills,81.9012642,81.9012642,81.90383082,82.16970936,82.16970936,82.16970936
E07000236,Redditch,89.86103051,89.86103051,89.75189421,89.88304473,89.76273869,89.76273869
E07000237,Worcester,100.69192,100.69192,101.162632,101.245503,101.19572,101.19572
E07000238,Wychavon,81.65568283,81.65568283,81.66288629,81.66529102,81.66288629,81.66288629
E07000239,Wyre Forest,90.70752067,90.68919077,90.68919077,90.68919077,90.68919077,90.68919077
E07000240,St Albans,100.1454623,100.4236239,100.2067588,100.1454623,100.0844551,100.0844551
E07000241,Welwyn Hatfield,95.71725863,96.27604425,96.29812438,96.29812438,95.5923486,95.5923486
E07000242,East Hertfordshire,89.50665691,89.50665691,90.19225542,90.19225542,90.16363464,90.16363464
E07000243,Stevenage,100.8685007,100.8685007,100.8685007,100.8685007,100.8685007,100.8685007
E07000244,East Suffolk,89.3099262,89.3099262,89.44396992,89.36119702,89.32015138,89.32015138
E07000245,West Suffolk,86.79000075,86.72692379,86.74088496,86.74088496,86.74088496,86.74088496
E07000246,Somerset West and Taunton,88.50758993,88.50758993,88.56728079,88.56267152,88.54426287,88.54426287
E08000001,Bolton,107.5004833,107.5004833,107.9102653,107.9622031,107.8326567,107.8326567
E08000002,Bury,99.57737225,100.8362173,100.3924185,101.5651567,101.8577003,101.8577003
E08000003,Manchester,112.1790244,112.4446386,112.3113675,112.5788556,112.377886,112.377886
E08000004,Oldham,104.9339251,104.3430545,104.4260567,104.977025,104.998622,104.998622
E08000005,Rochdale,102.9803308,102.9803308,103.2466805,103.854533,103.8145436,103.8145436
E08000006,Salford,105.0202496,105.0202496,105.107062,105.107062,105.0635943,105.0635943
E08000007,Stockport,106.4710894,106.2353812,106.3763888,106.3763888,106.003119,106.003119
E08000008,Tameside,103.5965296,103.5965296,103.5768709,103.4205485,103.4205485,103.4205485
E08000009,Trafford,107.5511554,107.9622031,108.0143024,108.6523846,108.0665641,108.0665641
E08000010,Wigan,101.2954718,101.2954718,101.2954718,101.2621386,101.0967051,101.0967051
E08000011,Knowsley,104.1375446,104.1375446,104.3017256,104.3017256,104.3430545,104.3430545
E08000012,Liverpool,110.9047979,110.9664602,111.2152143,111.2779325,110.539151,110.539151
E08000013,St. Helens,100.7078748,100.6441717,100.5807772,100.5807772,100.5807772,100.5807772
E08000014,Sefton,107.1500725,107.1500725,106.9531582,107.0513179,107.002164,107.002164
E08000015,Wirral,108.437011,108.4905988,108.0143024,107.9102653,107.9102653,107.9102653
E08000016,Barnsley,100.5807772,100.5807772,100.549193,100.5334305,100.549193,100.549193
E08000017,Doncaster,100.517687,100.486257,100.6441717,100.6441717,100.6759845,100.6759845
E08000018,Rotherham,100.3302357,100.3302357,101.2954718,101.3288901,101.2621386,101.2621386
E08000019,Sheffield,105.5934924,105.5039062,105.5039062,105.5486348,105.2821777,105.2821777
E08000021,Newcastle upon Tyne,103.894634,103.894634,104.2194074,104.3430545,104.2194074,104.2194074
E08000022,North Tyneside,103.2274909,103.2274909,103.2274909,103.2274909,103.2274909,103.2274909
E08000023,South Tyneside,104.2605109,104.2605109,103.6556655,103.6556655,103.6162149,103.6162149
E08000024,Sunderland,99.87319811,99.87319811,100.0844551,100.0844551,99.84330104,99.84330104
E08000025,Birmingham,105.5934924,105.5934924,105.5486348,105.5486348,105.0635943,105.0635943
E08000026,Coventry,109.4849447,109.6563475,109.5990249,109.6563475,109.6563475,109.6563475
E08000027,Dudley,102.3355345,102.6082705,102.4077451,102.8116945,102.8489964,102.8489964
E08000028,Sandwell,107.6529703,107.6529703,107.7554105,107.7041115,107.6529703,107.6529703
E08000029,Solihull,99.20294461,99.20294461,99.20294461,99.11811837,99.3169598,99.3169598
E08000030,Walsall,104.0358461,103.9348422,103.894634,104.015589,104.0967819,104.0967819
E08000031,Wolverhampton,103.8345247,103.8145436,103.7945896,103.3430162,103.4205485,103.4205485
E08000032,Bradford,107.2993347,107.3493911,107.2494304,106.9531582,106.9042969,106.9042969
E08000033,Calderdale,98.70256422,98.70256422,98.81200318,98.81200318,98.62112799,98.62112799
E08000034,Kirklees,102.0151476,102.4439908,102.4439908,102.2995689,102.0503815,102.0503815
E08000035,Leeds,102.3715931,102.4077451,102.480333,102.2995689,102.1211224,102.1211224
E08000036,Wakefield,96.98193088,96.98193088,97.14769428,97.02904475,97.10008421,97.10008421
E08000037,Gateshead,101.1791657,101.1791657,101.8056176,101.1461197,100.9170714,100.9170714
E09000002,Barking and Dagenham,112.781963,113.4044915,113.3693769,113.3693769,113.264412,113.264412
E09000003,Barnet,109.3152033,109.3152033,109.258989,109.2309499,109.428182,109.428182
E09000004,Bexley,106.9531582,106.9531582,107.6019831,107.6019831,107.6019831,107.6019831
E09000005,Brent,115.4774818,115.4774818,115.1295665,115.3996543,115.6340325,115.6340325
E09000006,Bromley,102.6634599,102.6634599,102.6634599,102.6634599,102.6634599,102.6634599
E09000007,Camden,129.4981239,129.4981239,129.6388797,129.9225667,129.3580802,129.3580802
E09000008,Croydon,108.0665641,108.0665641,108.1715805,108.1715805,107.7554105,107.7554105
E09000009,Ealing,113.1253325,113.1253325,112.0476075,112.6463184,111.9171032,111.9171032
E09000010,Enfield,106.9531582,107.002164,106.3763888,106.5663565,106.5663565,106.5663565
E09000011,Greenwich,113.056168,112.9872506,113.056168,113.056168,112.0148962,112.0148962
E09000012,Hackney,121.8777188,121.8777188,122.404564,122.404564,122.404564,122.404564
E09000013,Hammersmith and Fulham,125.7679618,126.0748141,126.6996712,126.9538665,126.9538665,126.9538665
E09000014,Haringey,117.2678464,117.3529466,117.3529466,117.5241713,117.6967634,117.6967634
E09000015,Harrow,109.5990249,109.541892,109.541892,109.541892,109.541892,109.541892
E09000016,Havering,102.7003725,103.1128861,103.1509876,103.0559266,102.9614934,102.9614934
E09000017,Hillingdon,106.4710894,106.4710894,106.5663565,106.4710894,106.4710894,106.4710894
E09000018,Hounslow,108.8157129,108.8157129,108.8979669,108.3835916,108.5982832,108.5982832
E09000019,Islington,127.731527,127.731527,127.731527,127.731527,127.731527,127.731527
E09000020,Kensington and Chelsea,127.4697592,127.4697592,127.4697592,127.2105515,127.4697592,127.4697592
E09000021,Kingston upon Thames,109.428182,110.3590636,110.4789226,110.4789226,111.3408688,111.3408688
E09000022,Lambeth,120.3644488,120.3644488,120.2669924,120.2669924,120.2669924,120.2669924
E09000023,Lewisham,114.8630192,114.8630192,115.1679341,115.1679341,114.5999409,114.5999409
E09000024,Merton,110.6298722,110.6298722,110.5995812,110.7820961,111.1527094,111.1527094
E09000025,Newham,113.9028451,114.1933868,114.3402666,115.8711052,116.2723617,116.2723617
E09000026,Redbridge,110.5995812,110.5995812,111.2779325,111.2779325,111.3093738,111.3093738
E09000027,Richmond upon Thames,114.4141146,114.4141146,113.8308735,114.637313,114.9388178,114.9388178
E09000028,Southwark,113.7591597,113.4044915,113.4044915,113.5455903,113.4044915,113.4044915
E09000029,Sutton,107.8068682,107.8068682,107.7041115,107.7811195,107.002164,107.002164
E09000030,Tower Hamlets,117.3529466,117.3529466,117.438391,117.1830832,118.1343656,118.1343656
E09000031,Waltham Forest,113.6877111,113.6877111,113.6877111,113.7591597,113.6877111,113.6877111
E09000032,Wandsworth,114.7122662,114.7122662,114.7122662,114.7122662,114.7122662,114.7122662
E09000033,Westminster,137.7293506,137.5443549,137.7293506,135.0635839,135.0635839,135.0635839
E92000001,England,100,100.0417114,100.066343,100.0977031,100.0066678,100.001664
