AREACD,value,AREANM
2000528,0.59,Hebburn UD
2001170,0.61,Prudhoe UD
2000536,0.63,Southwick on Wear UD
2001173,0.63,Seghill UD
2001175,0.63,Weetslade UD
2000520,0.64,Blaydon UD
2000532,0.64,Leadgate UD
2001020,0.65,Shoreditch ME
2001158,0.65,Ashington UD
2000516,0.66,Annfield Plain UD
2000526,0.66,Felling UD
2000531,0.66,Jarrow MU
2000539,0.67,Stanley UD (Durham)
2000541,0.67,Tanfield UD
2001005,0.67,Finsbury ME
2001159,0.67,Bedlingtonshire UD
2000521,0.68,Brandon and Byshottles UD
2000550,0.68,Easington RD
2001001,0.68,Bethnal Green ME
2001162,0.68,Cramlington UD
2001163,0.68,Earsdon UD
2001174,0.68,Wallsend MU
2000547,0.69,Chester le Street RD
2000553,0.69,Lanchester RD
2001022,0.69,Stepney ME
2001169,0.69,Newburn UD
2000534,0.7,Seaham Harbour UD
2000552,0.7,Houghton le Spring RD
2000513,0.71,South Shields CB
2000529,0.71,Hetton UD
2000512,0.72,Gateshead CB
2000522,0.72,Chester le Street UD
2000557,0.72,Sunderland RD
2000533,0.73,Ryton UD
2000543,0.73,Whickham UD
2001021,0.73,Southwark ME
2001161,0.73,Blyth UD
2001172,0.73,Seaton Delaval UD
2000840,0.74,Haydock UD
2000544,0.75,Willington UD
2000549,0.75,Durham RD
2001000,0.75,Bermondsey ME
2000514,0.76,Sunderland CB
2000523,0.76,Consett UD
2000530,0.76,Houghton le Spring UD
2000542,0.76,Tow Law UD
2001017,0.76,Poplar ME
2001157,0.76,Amble UD
2001168,0.76,Newbiggin by the Sea UD
2000524,0.77,Crook UD
2000545,0.77,Auckland RD
2001827,0.77,Whitwood UD
2000554,0.78,Sedgefield RD
2001154,0.78,"Newcastle upon Tyne, City and County of CB"
2001155,0.78,Tynemouth CB
2001184,0.78,Morpeth RD
2001810,0.78,Southowram UD
2000537,0.79,Spennymoor UD
2000798,0.79,St. Helens CB
2000527,0.8,Hartlepool MU
2000847,0.8,Ince-in-Makerfield UD
2001377,0.8,Quarry Bank UD
2000518,0.81,Benfieldside UD
2001166,0.81,Longbenton UD
2001728,0.81,Darton UD
2001731,0.81,Dodworth UD
2000594,0.82,Tilbury UD
2001019,0.82,St. Pancras ME
2001733,0.82,Drighlington UD
2001828,0.82,Wombwell UD
2000806,0.83,Ashton-in-Makerfield UD
2001160,0.83,Berwick upon Tweed (County of a Town) MU
2001167,0.83,Morpeth MU
2001211,0.83,Nottingham RD
2001380,0.83,Sedgley UD
2001708,0.83,Ardsley UD
2001717,0.83,Birstall UD
2001739,0.83,Featherstone UD
2001740,0.83,Flockton UD
2001779,0.83,Monk Bretton UD
2001797,0.83,Royston UD (Yorkshire (West Riding))
2001806,0.83,Skelmanthorpe UD
2001378,0.84,Rowley Regis UD
2001387,0.84,Tipton UD
2001659,0.84,Eston UD
2001709,0.84,Ardsley East and West UD
2001716,0.84,Birkenshaw UD
2001754,0.84,Hemsworth UD
2000571,0.85,West Ham CB
2000808,0.85,Aspull UD
2001012,0.85,Islington ME
2001365,0.85,Bilston UD
2001369,0.85,Coseley UD
2001382,0.85,Smallthorne UD
2001713,0.85,Batley MU
2001726,0.85,Cudworth UD
2001780,0.85,Morley MU
2001814,0.85,Spenborough UD
2001855,0.85,Wakefield RD
2000555,0.86,South Shields RD
2000835,0.86,Golborne UD
2000885,0.86,Skelmersdale UD
2001080,0.86,Nantyglo and Blaina UD
2001381,0.86,Short Heath UD
2001742,0.86,Gildersome UD
2001829,0.86,Worsborough UD
2000286,0.87,Ellesmere Port and Whitby UD
2000535,0.87,Shildon UD
2000802,0.87,Wigan CB
2000803,0.87,Abram UD
2001186,0.87,Norham and Islandshires RD
2001367,0.87,Brownhills UD
2001370,0.87,Darlaston UD
2001722,0.87,Castleford UD
2001767,0.87,Kirkheaton UD
2001785,0.87,Ossett MU
2001817,0.87,Stanley UD (Yorkshire (West Riding))
2001838,0.87,Hemsworth RD
2000903,0.88,Widnes MU
2001085,0.88,Tredegar UD
2001360,0.88,West Bromwich CB
2001614,0.88,Lye and Wollescote UD
2001674,0.88,Thornaby on Tees MU
2001699,0.88,Dewsbury CB
2001727,0.88,Darfield UD
2001766,0.88,Kirkburton UD
2001770,0.88,Lepton UD
2001775,0.88,Methley UD
2001782,0.88,New Mill UD
2001783,0.88,Normanton UD
2000853,0.89,Lees UD
2000871,0.89,Orrell UD
2000893,0.89,Tyldesley with Shakerley UD
2001011,0.89,Holborn ME
2001075,0.89,Ebbw Vale UD
2001372,0.89,Kidsgrove UD
2001405,0.89,Stoke upon Trent RD
2001658,0.89,Middlesbrough CB
2001706,0.89,Adwick le Street UD
2001761,0.89,Hoyland Nether UD
2001796,0.89,Rothwell UD (Yorkshire (West Riding))
2001826,0.89,Whitley Upper UD
2000405,0.9,Clay Cross UD
2000572,0.9,Barking Town UD
2001177,0.9,Alnwick RD
2001753,0.9,Heckmondwike UD
2000801,0.91,Warrington CB
2000809,0.91,Atherton UD
2000813,0.91,Billinge UD
2000843,0.91,Hindley UD
2001060,0.91,Yiewsley UD
2001180,0.91,Castle Ward RD
2001358,0.91,Stoke on Trent CB
2001366,0.91,Brierley Hill UD
2001391,0.91,Willenhall UD
2001607,0.91,Dudley CB
2001625,0.91,Halesowen RD
2001719,0.91,Brighouse MU
2001736,0.91,Emley UD
2001837,0.91,Halifax RD
2001945,0.91,Flint MU
2000830,0.92,Failsworth UD
2000854,0.92,Leigh MU
2001156,0.92,Alnwick UD
2001178,0.92,Belford RD
2001389,0.92,Wednesbury MU
2001398,0.92,Kingswinford RD
2001548,0.92,Foleshill RD
2001697,0.92,Barnsley CB
2001725,0.92,Conisbrough UD
2001789,0.92,Pontefract MU
2000381,0.93,Whitehaven MU
2000436,0.93,Plymouth CB
2000515,0.93,West Hartlepool CB
2000525,0.93,"Durham, City of MU"
2000856,0.93,Litherland UD
2000895,0.93,Upholland UD
2000900,0.93,Westhoughton UD
2000915,0.93,Leigh RD
2001069,0.93,Abertillery UD
2001251,0.93,Oakengates UD
2001368,0.93,Cannock UD
2001673,0.93,Skelton and Brotton UD
2001718,0.93,Bolton upon Dearne UD
2001769,0.93,Knottingley UD
2001778,0.93,Mirfield UD
2001819,0.93,Swinton UD
2001847,0.93,Rotherham RD
2001957,0.93,Aberavon MU
2000369,0.94,"Carlisle, City of CB"
2000511,0.94,Darlington CB
2000519,0.94,Bishop Auckland UD
2000859,0.94,Little Hulton UD
2000868,0.94,Newton-in-Makerfield UD
2000879,0.94,Rainford UD
2001068,0.94,Abersychan UD
2001182,0.94,Haltwhistle RD
2001198,0.94,Mansfield Woodhouse UD
2001546,0.94,Coventry RD
2001746,0.94,Greetland UD
2001771,0.94,Linthwaite UD
2001773,0.94,Marsden UD
2001793,0.94,Rawmarsh UD
2001845,0.94,Pontefract RD
2001943,0.94,Buckley UD
2000423,0.95,Blackwell RD
2000790,0.95,Bootle CB
2001008,0.95,Hackney ME
2001032,0.95,Edmonton UD
2001053,0.95,Tottenham UD
2001072,0.95,Blaenavon UD
2001083,0.95,Rhymney UD
2001195,0.95,Huthwaite UD
2001703,0.95,Rotherham CB
2001729,0.95,Denby and Cumberworth UD
2001801,0.95,Shelf UD
2001821,0.95,Thurnscoe UD
2001870,0.95,Brynmawr UD
2001942,0.95,Wrexham RD
2000540,0.96,Stockton on Tees MU
2000558,0.96,Weardale RD
2000805,0.96,Adlington UD
2000814,0.96,Blackrod UD
2000886,0.96,Standish with Langtree UD
2000888,0.96,Swinton and Pendlebury UD
2000902,0.96,Whitworth UD
2000999,0.96,Battersea ME
2001002,0.96,Camberwell ME
2001004,0.96,Deptford ME
2001006,0.96,Fulham ME
2001009,0.96,Hammersmith ME
2001071,0.96,Bedwellty UD
2001201,0.96,Warsop UD
2001701,0.96,Huddersfield CB
2001705,0.96,"Wakefield, City of CB"
2001756,0.96,Holme UD
2001831,0.96,Barnsley RD
2000350,0.97,Torpoint UD
2000370,0.97,Arlecdon and Frizington UD
2000372,0.97,Cleator Moor UD
2000652,0.97,West Dean RD
2000799,0.97,Salford CB
2000811,0.97,Bacup MU
2000828,0.97,Droylsden UD
2001066,0.97,Abercarn UD
2001077,0.97,Llantarnam UD
2001181,0.97,Glendale RD
2001371,0.97,Heathtown or Wednesfield Heath UD
2001392,0.97,Wolstanton United UD
2001410,0.97,Walsall RD
2001707,0.97,Altofts UD
2001743,0.97,Golcar UD
2001757,0.97,Holmfirth UD
2001759,0.97,Horbury UD
2001763,0.97,Hunsworth UD
2001816,0.97,Stainland UD
2001825,0.97,Wath upon Dearne UD
2001965,0.97,Glyncorwg UD
2001974,0.97,Rhondda UD
2000538,0.98,Stanhope UD
2000556,0.98,Stockton RD
2000786,0.98,Barrow-in-Furness CB
2000793,0.98,"Liverpool, City of CB"
2000831,0.98,Farnworth UD
2000832,0.98,Fleetwood UD
2000849,0.98,Kearsley UD
2000876,0.98,Prescot UD
2001014,0.98,Lambeth ME
2001246,0.98,Dawley UD
2001359,0.98,Walsall CB
2001363,0.98,Audley UD
2001390,0.98,Wednesfield UD
2001724,0.98,Clayton West UD
2001735,0.98,Elland UD
2001745,0.98,Greasbrough UD
2001749,0.98,Handsworth UD
2001776,0.98,Mexborough UD
2001944,0.98,Connah's Quay UD
2001966,0.98,Maesteg UD
2000400,0.99,Bolsover UD
2000569,0.99,East Ham CB
2000584,0.99,Grays Thurrock UD
2000729,0.99,Crayford UD
2000817,0.99,Chadderton UD
2000848,0.99,Irlam UD
2000927,0.99,Ashby Woulds UD
2001007,0.99,Greenwich ME
2001029,0.99,Brentford UD
2001048,0.99,Southall Norwood UD
2001058,0.99,Willesden UD
2001079,0.99,Mynyddislwyn UD
2001082,0.99,Pontypool UD
2001364,0.99,Biddulph UD
2001617,0.99,Oldbury UD
2001663,0.99,Loftus UD
2001730,0.99,Denholme UD
2001772,0.99,Luddenden Foot UD
2001791,0.99,Queensbury UD
2001795,0.99,Rishworth UD
2001808,0.99,Slaithwaite UD
2001809,0.99,South Crosland UD
2001858,0.99,Wortley RD
2001964,0.99,Gelligaer UD
2002006,0.99,Milford Haven UD
2000296,1,Lower Bebington UD
2000305,1,Runcorn UD
2000418,1,Swadlincote District UD
2000425,1,Chesterfield RD
2000593,1,Shoeburyness UD
2000596,1,Walthamstow UD
2000745,1,Northfleet UD
2000747,1,Queenborough MU
2000795,1,Oldham CB
2000984,1,Roxby cum Risby UD
2001065,1,Newport CB
2001660,1,Guisborough UD
2001841,1,Kiveton Park RD
2001955,1,Merthyr Tydfil CB
2001956,1,Swansea CB
2001970,1,Ogmore and Garw UD
2001978,1,Llantrisant and Llantwitfardre RD
2002039,1,Tamworth RD (Warwickshire)
2000268,1.01,Birkenhead CB
2000375,1.01,Harrington UD
2000733,1.01,Erith UD
2000789,1.01,Bolton CB
2000819,1.01,Church UD
2000872,1.01,Oswaldtwistle UD
2000880,1.01,Ramsbottom UD
2000881,1.01,Rawtenstall MU
2000985,1.01,Scunthorpe and Frodingham UD
2001084,1.01,Risca UD
2001197,1.01,Mansfield MU
2001212,1.01,Skegby RD
2001357,1.01,Smethwick CB
2001375,1.01,Newcastle under Lyme MU
2001470,1.01,Mitcham UD
2001704,1.01,"Sheffield, City of CB"
2001818,1.01,Stocksbridge UD
2001962,1.01,Caerphilly UD
2001979,1.01,Neath RD
2000285,1.02,Dukinfield MU
2000300,1.02,Middlewich UD
2000374,1.02,Egremont UD
2000383,1.02,Workington MU
2000404,1.02,Chesterfield MU
2000820,1.02,Clayton-le-Moors UD
2000883,1.02,Royton UD
2001027,1.02,City of London CD
2001179,1.02,Bellingham RD
2001196,1.02,Kirkby in Ashfield UD
2001200,1.02,Sutton in Ashfield UD
2001537,1.02,Nuneaton MU
2001544,1.02,Atherstone RD
2001700,1.02,Halifax CB
2001702,1.02,"Leeds, City of CB"
2001714,1.02,Bentley with Arksey UD
2001758,1.02,Honley UD
2001812,1.02,Sowerby Bridge UD
2001822,1.02,Thurstonland UD
2001844,1.02,Penistone RD
2001878,1.02,Vaynor and Penderyn RD
2001958,1.02,Aberdare UD
2001968,1.02,Mountain Ash UD
2002043,1.02,Winchcomb RD (Worcestershire)
2000371,1.03,Aspatria UD
2000389,1.03,Longtown RD
2000406,1.03,Dronfield UD
2000414,1.03,New Mills UD
2000546,1.03,Barnard Castle RD
2001026,1.03,Woolwich ME
2001171,1.03,Rothbury UD
2001187,1.03,Rothbury RD
2001385,1.03,Tamworth MU
2001535,1.03,Bulkington UD
2001610,1.03,Bromsgrove UD
2001698,1.03,"Bradford, City of CB"
2001762,1.03,Hoyland Swaine UD
2001788,1.03,Penistone UD
2001852,1.03,Tadcaster RD
2001954,1.03,"Cardiff, City of CB"
2001969,1.03,Neath MU
2001972,1.03,Pontypridd UD
2000409,1.04,Heanor UD
2000410,1.04,Ilkeston MU
2000426,1.04,Clowne RD
2000727,1.04,Cheriton UD
2000730,1.04,Dartford UD
2000774,1.04,Hoo RD
2000794,1.04,"Manchester, City of CB"
2000796,1.04,Preston CB
2000823,1.04,Crompton UD
2000844,1.04,Horwich UD
2000924,1.04,Wigan RD
2001165,1.04,Hexham UD
2001183,1.04,Hexham RD
2001376,1.04,Perry Barr UD
2001634,1.04,"Kingston upon Hull, City and County of CB"
2001723,1.04,Clayton UD
2001741,1.04,Garforth UD
2001777,1.04,Midgley UD
2001790,1.04,Pudsey MU
2001981,1.04,Pontardawe RD
2000304,1.05,Northwich UD
2000394,1.05,Alfreton UD
2000613,1.05,Orsett RD
2000797,1.05,Rochdale CB
2000807,1.05,Ashton-under-Lyne MU
2000852,1.05,Lathom and Burscough UD
2000857,1.05,Littleborough UD
2000866,1.05,Mossley MU
2000873,1.05,Padiham UD
2000897,1.05,Walton-le-Dale UD
2000916,1.05,Limehurst RD
2001040,1.05,Hanwell UD
2001501,1.05,Portslade by Sea UD
2001551,1.05,Nuneaton RD
2001751,1.05,Haworth UD
2001802,1.05,Shelley UD
2001950,1.05,Hawarden RD
2001980,1.05,Penybont RD
2001982,1.05,Swansea RD
2000767,1.06,Dartford RD
2000791,1.06,Burnley CB
2000815,1.06,Brierfield UD
2000838,1.06,Great Harwood UD
2000845,1.06,Hurst UD
2000928,1.06,Coalville UD
2001037,1.06,Greenford UD
2001076,1.06,Llanfrechfa Upper UD
2001361,1.06,Wolverhampton CB
2001533,1.06,"Birmingham, City of CB"
2001534,1.06,"Coventry, City of CB"
2001589,1.06,Amesbury RD
2001765,1.06,Keighley MU
2001820,1.06,Thurlstone UD
2001834,1.06,Doncaster RD
2001959,1.06,Barry UD
2001961,1.06,Briton Ferry UD
2001975,1.06,Cowbridge RD
2000294,1.07,Hyde MU
2000308,1.07,Stalybridge MU
2000311,1.07,Winsford UD
2000378,1.07,Maryport UD
2000551,1.07,Hartlepool RD
2000827,1.07,Denton UD
2000860,1.07,Little Lever UD
2000923,1.07,Whiston RD
2001070,1.07,Bedwas and Machen UD
2001081,1.07,Panteg UD
2001318,1.07,Aldershot UD
2001395,1.07,Cheadle RD
2001711,1.07,Barkisland UD
2001737,1.07,Farnley Tyas UD
2001879,1.07,Ystradgynlais RD
2001898,1.07,Kidwelly MU
2001906,1.07,Llanelly RD
2001934,1.07,Chirk RD
2001941,1.07,Uwchaled RD
2001947,1.07,Mold UD
2000269,1.08,"Chester, City and County of CB"
2000408,1.08,Heage UD
2000428,1.08,Hartshorn and Seals RD
2000586,1.08,Harwich MU
2000588,1.08,Leyton UD
2000818,1.08,Chorley MU
2000976,1.08,Broughton UD
2001016,1.08,Paddington ME
2001028,1.08,Acton UD
2001042,1.08,Hayes UD
2001193,1.08,Eastwood UD
2001263,1.08,Cleobury Mortimer RD
2001668,1.08,Redcar UD
2001805,1.08,Silsden UD
2001967,1.08,Margam UD
2000284,1.09,Crewe MU
2000391,1.09,Whitehaven RD
2000399,1.09,Belper UD
2000639,1.09,East Dean and United Parishes RD
2000755,1.09,Sittingbourne UD
2000822,1.09,Colne MU
2000869,1.09,Norden UD
2000898,1.09,Wardle UD
2000938,1.09,Ashby de la Zouch RD
2001023,1.09,Stoke Newington ME
2001203,1.09,Worksop UD
2001272,1.09,Wellington RD (Shropshire)
2001394,1.09,Cannock RD
2001400,1.09,Lichfield RD
2001738,1.09,Farsley UD
2001748,1.09,Gunthwaite and Ingbirchworth UD
2001815,1.09,Springhead UD
2001839,1.09,Hunslet RD
2001859,1.09,"York, City of CB"
2001897,1.09,Cwmamman UD
2001933,1.09,Wrexham MU
2001951,1.09,Holywell RD
2000416,1.1,Ripley UD
2000626,1.1,Kingswood UD
2000723,1.1,Bexley UD
2000810,1.1,Audenshaw UD
2000825,1.1,Dalton-in-Furness UD
2000839,1.1,Haslingden MU
2000863,1.1,Middleton MU
2000878,1.1,Radcliffe UD
2001034,1.1,Feltham UD
2001064,1.1,Uxbridge RD
2001133,1.1,Irthlingborough UD
2001373,1.1,Leek UD
2001715,1.1,Bingley UD
2001774,1.1,Meltham UD
2001830,1.1,Yeadon UD
2002035,1.1,Spalding RD (Lincolnshire (The Parts of Kesteven))
2000276,1.11,Bollington UD
2000388,1.11,Cockermouth RD
2000407,1.11,Glossop MU
2000787,1.11,Blackburn CB
2000792,1.11,Bury CB
2000842,1.11,Heywood MU
2000867,1.11,Nelson MU
2000910,1.11,Chorley RD
2001033,1.11,Enfield UD
2001044,1.11,Heston and Isleworth UD
2001046,1.11,Kingsbury UD
2001088,1.11,Chepstow RD
2001131,1.11,Finedon UD
2001379,1.11,Rugeley UD
2001600,1.11,Pewsey RD
2001618,1.11,Redditch UD
2001712,1.11,Barnoldswick UD
2001747,1.11,Guiseley UD
2001784,1.11,Oakworth UD
2001894,1.11,Ammanford UD
2001901,1.11,Llanelly MU
2000270,1.12,Stockport CB
2000282,1.12,Compstall UD
2000307,1.12,Sandbach UD
2000384,1.12,Alston with Garrigill RD
2000396,1.12,Ashbourne UD
2000548,1.12,Darlington RD
2000676,1.12,Cheshunt UD
2000782,1.12,Strood RD
2000812,1.12,Barrowford UD
2000855,1.12,Leyland UD
2000864,1.12,Milnrow UD
2000891,1.12,Trawden UD
2001056,1.12,Wealdstone UD
2001063,1.12,Staines RD
2001092,1.12,St. Mellons RD
2001194,1.12,Hucknall UD
2001362,1.12,Amblecote UD
2001800,1.12,Selby UD
2001811,1.12,Sowerby UD
2001940,1.12,St. Asaph (Denbigh) RD
2002014,1.12,Pembroke RD
2000303,1.13,Neston and Parkgate UD
2000619,1.13,"Bristol, City and County of CB"
2000651,1.13,Warmley RD
2000829,1.13,Eccles MU
2000908,1.13,Burnley RD
2000921,1.13,Warrington RD
2000948,1.13,Market Bosworth RD
2000971,1.13,Grimsby CB
2001051,1.13,Sunbury on Thames UD
2001130,1.13,Desborough UD
2001285,1.13,Midsomer Norton UD
2001317,1.13,"Southampton, County of a Town CB"
2001383,1.13,Stafford MU
2001399,1.13,Leek RD
2001465,1.13,Ham UD
2001616,1.13,North Bromsgrove UD
2001654,1.13,Riccall RD
2001681,1.13,Guisborough RD
2001760,1.13,Horsforth UD
2001854,1.13,Todmorden RD
2001916,1.13,Llandudno UD
2001921,1.13,Conway RD
2000213,1.14,Luton MU
2000290,1.14,Higher Bebington UD
2000320,1.14,Northwich RD
2000692,1.14,Ware UD
2000804,1.14,Accrington MU
2000882,1.14,Rishton UD
2000889,1.14,Thornton UD
2000890,1.14,Tottington UD
2000904,1.14,Withnell UD
2000909,1.14,Bury RD
2000936,1.14,Thurmaston UD
2001018,1.14,St. Marylebone ME
2001059,1.14,Wood Green UD
2001204,1.14,Basford RD
2001214,1.14,Stapleford RD
2001288,1.14,Radstock UD
2001384,1.14,Stone UD
2001500,1.14,Newhaven UD
2001552,1.14,Rugby RD
2001619,1.14,Stourbridge MU
2001734,1.14,Earby UD
2001786,1.14,Otley UD
2001813,1.14,Soyland UD
2002009,1.14,Pembroke MU
2000243,1.15,Chepping Wycombe MU
2000292,1.15,Hoole UD
2000302,1.15,Nantwich UD
2000570,1.15,Southend on Sea CB
2000685,1.15,Letchworth UD
2000742,1.15,Margate MU
2000816,1.15,Carnforth UD
2000826,1.15,Darwen MU
2000870,1.15,Ormskirk UD
2000892,1.15,Turton UD
2000905,1.15,Worsley UD
2000912,1.15,Fylde RD
2001074,1.15,Chepstow UD
2001189,1.15,Arnold UD
2001261,1.15,Chirbury RD
2001268,1.15,Newport RD
2001467,1.15,Kingston on Thames MU
2001584,1.15,Swindon MU
2001595,1.15,Highworth RD
2001752,1.15,Hebden Bridge UD
2001803,1.15,Shepley UD
2001804,1.15,Shipley UD
2001895,1.15,Burry Port UD
2001936,1.15,Llangollen RD
2002008,1.15,Neyland UD
2002011,1.15,Haverfordwest RD
2000376,1.16,Holme Cultram UD
2000710,1.16,Ramsey UD
2000726,1.16,Chatham MU
2000821,1.16,Clitheroe MU
2000922,1.16,West Lancashire RD
2001089,1.16,Magor RD
2001191,1.16,Carlton UD
2001254,1.16,Wellington UD (Shropshire)
2001271,1.16,Teme RD
2001402,1.16,Newcastle under Lyme RD
2001489,1.16,Brighton CB
2001678,1.16,Croft RD
2001755,1.16,Hipperholme UD
2001787,1.16,Oxenhope UD
2001823,1.16,Tickhill UD
2001840,1.16,Keighley RD
2001935,1.16,Glan Conway (administered by Conway RD)
2000274,1.17,Altrincham UD
2000279,1.17,Bromborough UD
2000283,1.17,Congleton MU
2000309,1.17,Tarporley UD
2000341,1.17,Penryn MU
2000386,1.17,Brampton RD
2000580,1.17,Clacton UD
2000615,1.17,Romford RD
2000737,1.17,Gravesend MU
2000753,1.17,Sheerness UD
2000777,1.17,Malling RD
2000901,1.17,Whitefield UD
2001003,1.17,Chelsea ME
2001030,1.17,Chiswick UD
2001055,1.17,Uxbridge UD
2001256,1.17,Wenlock MU
2001264,1.17,Clun RD
2001269,1.17,Oswestry RD
2001323,1.17,Eastleigh and Bishopstoke UD
2001327,1.17,Gosport and Alverstoke UD
2001469,1.17,Merton and Morden UD
2001620,1.17,Stourport UD
2001853,1.17,Thorne RD
2001960,1.17,Bridgend UD
2000219,1.18,Luton RD
2000298,1.18,Macclesfield MU
2000301,1.18,Mottram in Longdendale UD
2000315,1.18,Congleton RD
2000422,1.18,Belper RD
2000424,1.18,Chapel en le Frith RD
2000427,1.18,Glossop Dale RD
2000566,1.18,Thorney RD
2000591,1.18,Romford UD
2000693,1.18,Watford UD
2000824,1.18,Croston UD
2000992,1.18,Grimsby RD
2001091,1.18,Pontypool RD
2001164,1.18,Gosforth UD
2001176,1.18,Whitley and Monkseaton UD
2001188,1.18,"Nottingham, City and County of CB"
2001597,1.18,Marlborough RD
2001744,1.18,Goole UD
2001798,1.18,Saddleworth UD
2001824,1.18,Todmorden MU
2001904,1.18,Llandilo Fawr RD
2002038,1.18,Tamworth RD (Staffordshire)
2000249,1.19,Slough UD
2000278,1.19,Bredbury and Romiley UD
2000280,1.19,Buglawton UD
2000340,1.19,Paul UD
2000382,1.19,Wigton UD
2000434,1.19,Unnamed RD (administered by Basford RD)
2000595,1.19,Waltham Holy Cross UD
2000625,1.19,Coleford UD
2000641,1.19,Lydney RD
2000743,1.19,Milton Regis UD
2000977,1.19,Cleethorpes UD
2001024,1.19,Wandsworth ME
2001132,1.19,Higham Ferrers MU
2001199,1.19,Newark MU
2001253,1.19,Shrewsbury MU
2001267,1.19,Ludlow RD
2001290,1.19,Street UD
2001598,1.19,Melksham RD
2001611,1.19,Droitwich MU
2001710,1.19,Baildon UD
2001781,1.19,Mytholmroyd UD
2001799,1.19,Scammonden UD
2001876,1.19,Crickhowell RD
2000266,1.2,Newmarket RD
2000291,1.2,Hollingworth UD
2000401,1.2,Bonsall UD
2000411,1.2,Long Eaton UD
2000415,1.2,North Darley UD
2000614,1.2,Rochford RD
2000703,1.2,St. Albans RD
2000749,1.2,"Rochester, City of MU"
2000778,1.2,Milton RD
2000850,1.2,Kirkham UD
2000851,1.2,Lancaster MU
2000929,1.2,Hinckley UD
2000945,1.2,Hinckley RD
2001036,1.2,Friern Barnet UD
2001138,1.2,Rushden UD
2001316,1.2,Portsmouth CB
2001428,1.2,Hartismere RD
2001732,1.2,Doncaster MU
2001946,1.2,Holywell UD
2001977,1.2,Llandaff and Dinas Powis RD
2000316,1.21,Disley RD
2000321,1.21,Runcorn RD
2000379,1.21,Millom UD
2000443,1.21,Buckfastleigh UD
2000567,1.21,Whittlesey RD
2000568,1.21,Wisbech RD
2000741,1.21,Maidstone MU
2000746,1.21,Penge UD
2000748,1.21,Ramsgate MU
2000765,1.21,Bromley RD
2000781,1.21,Sheppey RD
2000861,1.21,Longridge UD
2000930,1.21,Loughborough MU
2000935,1.21,Shepshed UD
2000953,1.21,Long Sutton UD
2001050,1.21,Staines UD
2001067,1.21,Abergavenny MU
2001073,1.21,Caerleon UD
2001260,1.21,Burford RD
2001262,1.21,Church Stretton RD
2001302,1.21,Clutton RD
2001320,1.21,Andover MU
2001427,1.21,East Stow RD
2001459,1.21,Epsom UD
2001518,1.21,Bognor UD
2001613,1.21,Kidderminster MU
2001645,1.21,Withernsea UD
2001656,1.21,Sherburn RD
2001669,1.21,Richmond MU (Yorkshire (North Riding))
2001690,1.21,Richmond RD
2001721,1.21,Calverley UD
2001881,1.21,Unnamed RD (administered by Neath RD)
2000235,1.22,Wallingford RD
2000244,1.22,Chesham UD
2000387,1.22,Carlisle RD
2000393,1.22,Derby CB
2000402,1.22,Brampton and Walton UD
2000417,1.22,South Darley UD
2000517,1.22,Barnard Castle UD
2000565,1.22,North Witchford RD
2000736,1.22,Gillingham MU
2000762,1.22,Wrotham UD
2000906,1.22,Barton-upon-Irwell RD
2000913,1.22,Garstang RD
2000918,1.22,Preston RD
2000958,1.22,East Elloe RD
2000978,1.22,Crowle UD
2000979,1.22,Gainsborough UD
2001119,1.22,Marshland RD
2001137,1.22,Rothwell UD (Northamptonshire)
2001192,1.22,East Retford MU
2001258,1.22,Atcham RD
2001325,1.22,Farnborough UD
2001352,1.22,South Stoneham RD
2001523,1.22,Southwick UD
2001536,1.22,Kenilworth UD
2001542,1.22,Warwick MU
2001549,1.22,Meriden RD
2001609,1.22,Bewdley MU
2001612,1.22,Evesham MU
2001661,1.22,Hinderwell UD
2001692,1.22,Startforth RD
2001903,1.22,Carmarthen RD
2001932,1.22,Ruthin MU
2001939,1.22,Ruthin RD
2001949,1.22,Rhyl UD
2002013,1.22,Narberth RD
2002040,1.22,Tetbury RD (Wiltshire)
2000224,1.23,New Windsor MU
2000288,1.23,Handforth UD
2000492,1.23,Portland UD
2000559,1.23,Chatteris UD
2000578,1.23,Chelmsford MU
2000620,1.23,"Gloucester, City and County of CB"
2000636,1.23,Chipping Sodbury RD
2000709,1.23,Old Fletton UD
2000740,1.23,Lydd MU
2000772,1.23,Faversham RD
2000972,1.23,"Lincoln, City and County of CB"
2001013,1.23,Kensington ME
2001025,1.23,"Westminster, City of ME"
2001054,1.23,Twickenham UD
2001147,1.23,Kettering RD
2001149,1.23,Northampton RD
2001321,1.23,Basingstoke MU
2001356,1.23,Burton upon Trent CB
2001419,1.23,Leiston cum Sizewell UD
2001512,1.23,Newhaven RD
2001606,1.23,Wilton RD
2001623,1.23,Evesham RD
2001835,1.23,Goole RD
2001976,1.23,Gower RD
2001995,1.23,Llanidloes MU
2002003,1.23,Newtown and Llanidloes RD
2000220,1.24,Reading CB
2000228,1.24,Abingdon RD
2000236,1.24,Wantage RD
2000297,1.24,Lymm UD
2000322,1.24,Tarvin RD
2000348,1.24,Saltash MU
2000421,1.24,Bakewell RD
2000446,1.24,Dartmouth MU
2000480,1.24,Plympton St. Mary RD
2000508,1.24,Wareham and Purbeck RD
2000618,1.24,Tendring RD
2000681,1.24,Hemel Hempstead MU
2000682,1.24,Hertford MU
2000686,1.24,Rickmansworth UD
2000695,1.24,Barnet RD
2000955,1.24,Sutton Bridge UD
2001015,1.24,Lewisham ME
2001117,1.24,King's Lynn RD
2001250,1.24,Newport UD
2001252,1.24,Oswestry MU
2001255,1.24,Wem UD
2001276,1.24,Bridgwater MU
2001331,1.24,Romsey MU
2001446,1.24,Moulton RD
2001458,1.24,Egham UD
2001521,1.24,Littlehampton UD
2001543,1.24,Alcester RD
2001554,1.24,Southam RD
2001578,1.24,Chippenham MU
2001608,1.24,"Worcester, City and County of CB"
2001643,1.24,Norton UD
2001666,1.24,Northallerton UD
2001849,1.24,Selby RD
2002000,1.24,Forden RD
2000209,1.25,Biggleswade UD
2000216,1.25,Biggleswade RD
2000295,1.25,Knutsford UD
2000299,1.25,Marple UD
2000319,1.25,Nantwich RD
2000395,1.25,Alvaston and Boulton UD
2000431,1.25,Repton RD
2000458,1.25,Okehampton MU
2000597,1.25,Walton on the Naze UD
2000926,1.25,Ashby de la Zouch UD
2000952,1.25,Holbeach UD
2000975,1.25,Brigg UD
2000991,1.25,Glanford Brigg RD
2001052,1.25,Teddington UD
2001086,1.25,Usk UD
2001087,1.25,Abergavenny RD
2001105,1.25,Walsoken UD
2001206,1.25,Blyth and Cuckney RD
2001209,1.25,Misterton RD
2001231,1.25,Headington RD
2001240,1.25,Ketton RD
2001354,1.25,Whitchurch RD
2001388,1.25,Uttoxeter UD
2001412,1.25,Ipswich CB
2001449,1.25,Croydon CB
2001453,1.25,Caterham UD
2001454,1.25,Chertsey UD
2001468,1.25,Leatherhead UD
2001560,1.25,Kendal MU
2001577,1.25,Calne MU
2001621,1.25,Bromsgrove RD
2001624,1.25,Feckenham RD
2001635,1.25,Beverley MU
2001682,1.25,Helmsley RD
2001807,1.25,Skipton UD
2001908,1.25,Newcastle in Emlyn RD
2001930,1.25,Llangollen UD
2001971,1.25,Penarth UD
2002034,1.25,Spalding RD (Lincolnshire (The Parts of Holland))
2000221,1.26,Abingdon MU
2000239,1.26,Aylesbury MU
2000260,1.26,Wycombe RD
2000271,1.26,Wallasey CB
2000392,1.26,Wigton RD
2000403,1.26,Buxton MU
2000432,1.26,Shardlow RD
2000561,1.26,March UD
2000562,1.26,Whittlesey UD
2000605,1.26,Bumpstead RD
2000656,1.26,"Hereford, City of MU"
2000696,1.26,Berkhampstead RD
2000714,1.26,Norman Cross RD
2000721,1.26,Ashford UD
2000758,1.26,Tonbridge UD
2000776,1.26,Maidstone RD
2000894,1.26,Ulverston UD
2000911,1.26,Clitheroe RD
2000919,1.26,Sefton RD
2000925,1.26,"Leicester, City of CB"
2000932,1.26,Melton Mowbray UD
2000937,1.26,Wigston Magna UD
2001144,1.26,Easton on the Hill RD
2001190,1.26,Beeston UD
2001270,1.26,Shifnal RD
2001297,1.26,Yeovil MU
2001341,1.26,Fareham RD
2001403,1.26,Seisdon RD
2001420,1.26,Lowestoft MU
2001457,1.26,East and West Molesey UD
2001461,1.26,Farnham UD
2001463,1.26,Godalming MU
2001464,1.26,Guildford MU
2001490,1.26,Eastbourne CB
2001591,1.26,Calne RD
2001646,1.26,Beverley RD
2001648,1.26,Driffield RD
2001649,1.26,Escrick RD
2001686,1.26,Middlesbrough RD
2001687,1.26,Northallerton RD
2001693,1.26,Stokesley RD
2001720,1.26,Burley in Wharfedale UD
2001851,1.26,Skipton RD
2001931,1.26,Llanrwst UD
2001937,1.26,Llanrwst RD
2001987,1.26,Mallwyd UD
2000210,1.27,Dunstable MU
2000222,1.27,Maidenhead MU
2000317,1.27,Macclesfield RD
2000318,1.27,Malpas RD
2000323,1.27,Tintwistle RD
2000324,1.27,Wirral RD
2000364,1.27,St. Germans RD
2000397,1.27,Bakewell UD
2000503,1.27,Dorchester RD
2000573,1.27,Braintree UD
2000603,1.27,Billericay RD
2000612,1.27,Ongar RD
2000642,1.27,Marston Sicca RD
2000645,1.27,Pebworth RD
2000673,1.27,Barnet UD
2000684,1.27,Hoddesdon UD
2000846,1.27,Huyton with Roby UD
2000914,1.27,Lancaster RD
2000964,1.27,Stamford MU
2000966,1.27,Branston RD
2001043,1.27,Hendon UD
2001094,1.27,"Norwich, City and County of CB"
2001127,1.27,Northampton CB
2001134,1.27,Kettering UD
2001215,1.27,Unnamed RD (administered by Shardlow RD)
2001292,1.27,Watchet UD
2001324,1.27,Fareham UD
2001336,1.27,Andover RD
2001337,1.27,Basingstoke RD
2001374,1.27,"Lichfield, City and County of MU"
2001393,1.27,Blore Heath RD
2001401,1.27,Mayfield RD
2001404,1.27,Stafford RD
2001443,1.27,Cosford RD
2001480,1.27,Woking UD
2001539,1.27,Rugby UD
2001593,1.27,Cricklade and Wootton Bassett RD
2001627,1.27,Martley RD
2001652,1.27,Patrington RD
2001953,1.27,St. Asaph (Flint) RD
2000211,1.28,Kempston UD
2000247,1.28,Marlow UD
2000314,1.28,Chester RD
2000420,1.28,Ashbourne RD
2000504,1.28,Poole RD
2000579,1.28,Chingford UD
2000587,1.28,Ilford UD
2000590,1.28,Maldon MU
2000606,1.28,Chelmsford RD
2000608,1.28,Epping RD
2000638,1.28,Dursley RD
2000644,1.28,Northleach RD
2000788,1.28,Blackpool CB
2000963,1.28,Sleaford UD
2001038,1.28,Hampton UD
2001148,1.28,Middleton Cheney RD
2001151,1.28,Potterspury RD
2001153,1.28,Wellingborough RD
2001249,1.28,Market Drayton UD
2001257,1.28,Whitchurch UD
2001266,1.28,Ellesmere RD
2001273,1.28,Wem RD
2001406,1.28,Stone RD
2001448,1.28,Thingoe RD
2001626,1.28,Kidderminster RD
2001650,1.28,Howden RD
2001651,1.28,Norton RD (Yorkshire (East Riding))
2001768,1.28,Knaresborough UD
2001914,1.28,Conway MU
2001991,1.28,Edeirnion RD
2002005,1.28,Haverfordwest (County of a Town) MU
2002020,1.28,Knighton RD
2000233,1.29,Hungerford RD
2000289,1.29,Hazel Grove and Bramhall UD
2000398,1.29,Baslow and Bubnell UD
2000450,1.29,Holsworthy UD
2000491,1.29,Poole (County of a Town) MU
2000496,1.29,Wareham MU
2000509,1.29,Weymouth RD
2000632,1.29,Tewkesbury MU
2000637,1.29,Cirencester RD
2000683,1.29,Hitchin UD
2000688,1.29,"St. Albans, City of MU"
2000699,1.29,Hatfield RD
2000702,1.29,Hitchin RD
2000732,1.29,Dover MU
2000751,1.29,Sandwich MU
2000779,1.29,Romney Marsh RD
2000875,1.29,Preesall UD
2000877,1.29,Prestwich UD
2000887,1.29,Stretford UD
2000899,1.29,Waterloo with Seaforth UD
2000939,1.29,Barrow upon Soar RD
2000956,1.29,Boston RD
2000961,1.29,Grantham MU
2000974,1.29,Barton upon Humber UD
2000994,1.29,Isle of Axholme RD
2001099,1.29,King's Lynn MU
2001112,1.29,East and West Flegg RD
2001139,1.29,Wellingborough UD
2001222,1.29,Wheatley UD
2001235,1.29,Woodstock RD
2001244,1.29,Bridgnorth MU
2001274,1.29,Whitchurch RD (Shropshire)
2001283,1.29,Highbridge UD
2001299,1.29,Bath RD
2001301,1.29,Chard RD
2001305,1.29,Keynsham RD
2001397,1.29,Gnosall RD
2001429,1.29,Hoxne RD
2001437,1.29,Hadleigh UD
2001441,1.29,Brandon RD
2001452,1.29,Carshalton UD
2001522,1.29,Shoreham by Sea UD
2001556,1.29,Warwick RD
2001576,1.29,Bradford on Avon UD
2001601,1.29,Ramsbury RD
2001602,1.29,Salisbury RD
2001622,1.29,Droitwich RD
2001629,1.29,Rock RD
2001653,1.29,Pocklington RD
2001655,1.29,Sculcoates RD
2001664,1.29,Malton UD
2001691,1.29,Scarborough RD
2001792,1.29,Rawdon UD
2001865,1.29,Aethwy RD
2001998,1.29,Newtown and Llanllwchaiarn UD
2002001,1.29,Llanfyllin RD
2002012,1.29,Llanfyrnach RD
2002024,1.29,Faringdon RD (Berkshire)
2002037,1.29,Thrapston RD (Northamptonshire)
2000327,1.3,Camborne UD
2000362,1.3,St. Austell RD
2000419,1.3,Wirksworth UD
2000430,1.3,Norton RD (Derbyshire)
2000438,1.3,Axminster UD
2000453,1.3,Ivybridge UD
2000610,1.3,Lexden and Winstree RD
2000629,1.3,Stow on the Wold UD
2000630,1.3,Stroud UD
2000647,1.3,Stroud RD
2000660,1.3,Ross UD
2000664,1.3,Hereford RD
2000689,1.3,Sawbridgeworth UD
2000874,1.3,Poulton-le-Fylde UD
2000907,1.3,Blackburn RD
2000942,1.3,Blaby RD
2000957,1.3,Crowland RD
2001057,1.3,Wembley UD
2001090,1.3,Monmouth RD
2001136,1.3,Raunds UD
2001146,1.3,Hardingstone RD
2001210,1.3,Newark RD
2001223,1.3,Witney UD
2001234,1.3,Witney RD
2001238,1.3,Peterborough RD
2001259,1.3,Bridgnorth RD
2001295,1.3,Weston super Mare UD
2001343,1.3,Hartley Wintney RD
2001409,1.3,Uttoxeter RD
2001426,1.3,Bosmere and Claydon RD
2001430,1.3,Mutford and Lothingland RD
2001431,1.3,Plomesgate RD
2001433,1.3,Wangford RD
2001445,1.3,Mildenhall RD
2001478,1.3,Wimbledon MU
2001481,1.3,Chertsey RD
2001573,1.3,Shanklin UD
2001579,1.3,Devizes MU
2001586,1.3,Warminster UD
2001603,1.3,Tisbury RD
2001628,1.3,Pershore RD
2001647,1.3,Bridlington RD
2001657,1.3,Skirlaugh RD
2001862,1.3,Holyhead UD
2000215,1.31,Bedford RD
2000245,1.31,Eton UD
2000251,1.31,Amersham RD
2000254,1.31,Eton RD
2000256,1.31,Long Crendon RD
2000361,1.31,Redruth RD
2000435,1.31,"Exeter, City and County of CB"
2000506,1.31,Sherborne RD
2000574,1.31,Brentwood UD
2000577,1.31,Burnham on Crouch UD
2000581,1.31,Colchester MU
2000589,1.31,Loughton UD
2000624,1.31,Cirencester UD
2000631,1.31,Tetbury UD
2000672,1.31,Baldock UD
2000690,1.31,Stevenage UD
2000700,1.31,Hemel Hempstead RD
2000706,1.31,Welwyn RD
2000769,1.31,East Ashford RD
2000943,1.31,Castle Donington RD
2000962,1.31,Ruskington UD
2001115,1.31,Freebridge Lynn RD
2001217,1.31,Banbury MU
2001228,1.31,Crowmarsh RD
2001248,1.31,Ludlow MU
2001278,1.31,Chard MU
2001351,1.31,Romsey RD
2001386,1.31,Tettenhall UD
2001408,1.31,Tutbury RD
2001414,1.31,Beccles MU
2001434,1.31,Woodbridge RD
2001447,1.31,Thedwastre RD
2001475,1.31,The Maldens and Coombe UD
2001492,1.31,Battle UD
2001508,1.31,Eastbourne RD
2001540,1.31,Stratford on Avon MU
2001590,1.31,Bradford on Avon RD
2001604,1.31,Warminster RD
2001675,1.31,Whitby UD
2001832,1.31,Bishopthorpe RD
2001833,1.31,Bowland RD
2001872,1.31,Hay UD
2001929,1.31,Denbigh MU
2000212,1.32,Leighton Buzzard UD
2000217,1.32,Eaton Bray RD
2000231,1.32,Easthampstead RD
2000252,1.32,Aylesbury RD
2000306,1.32,Sale UD
2000328,1.32,Falmouth MU
2000344,1.32,Redruth UD
2000373,1.32,Cockermouth UD
2000380,1.32,Penrith UD
2000412,1.32,Matlock UD
2000576,1.32,Buckhurst Hill UD
2000621,1.32,Awre UD
2000634,1.32,Campden RD
2000666,1.32,Ledbury RD
2000678,1.32,East Barnet Valley UD
2000704,1.32,Ware RD
2000724,1.32,Broadstairs and St. Peter's UD
2000725,1.32,Bromley MU
2000734,1.32,Faversham MU
2000756,1.32,Southborough UD
2000800,1.32,Southport CB
2000968,1.32,Grantham RD
2000969,1.32,Sleaford RD
2000970,1.32,Uffington RD
2000982,1.32,Mablethorpe UD
2000998,1.32,Welton RD
2001035,1.32,Finchley UD
2001041,1.32,Harrow on the Hill UD
2001111,1.32,Downham RD
2001125,1.32,Walsingham RD
2001145,1.32,Gretton RD
2001220,1.32,Henley on Thames MU
2001227,1.32,Chipping Norton RD
2001307,1.32,Long Ashton RD
2001308,1.32,Shepton Mallet RD
2001322,1.32,Christchurch MU
2001345,1.32,Hursley RD
2001423,1.32,Stowmarket UD
2001425,1.32,Blything RD
2001432,1.32,Samford RD
2001450,1.32,Barnes UD
2001582,1.32,Melksham UD
2001587,1.32,Westbury UD
2001592,1.32,Chippenham RD
2001892,1.32,Tregaron RD
2001896,1.32,Carmarthen (County of a Town) MU
2001918,1.32,Penmaenmawr UD
2001948,1.32,Prestatyn UD
2001992,1.32,Penllyn RD
2002019,1.32,Colwyn RD
2002029,1.32,Tetbury RD (Gloucestershire)
2000241,1.33,Bletchley UD
2000265,1.33,Melbourn RD
2000310,1.33,Wilmslow UD
2000312,1.33,Yeardsley cum Whaley UD
2000313,1.33,Bucklow RD
2000390,1.33,Penrith RD
2000489,1.33,Dorchester MU
2000495,1.33,Swanage UD
2000497,1.33,Weymouth and Melcombe Regis MU
2000560,1.33,"Ely, City of UD"
2000564,1.33,Ely RD
2000582,1.33,Epping UD
2000611,1.33,Maldon RD
2000658,1.33,Ledbury UD
2000775,1.33,Isle of Thanet RD
2000780,1.33,Sevenoaks RD
2000920,1.33,Ulverston RD
2001108,1.33,Blofield RD
2001113,1.33,Erpingham RD
2001114,1.33,Forehoe RD
2001120,1.33,Mitford and Launditch RD
2001123,1.33,Swaffham RD
2001229,1.33,Culham RD
2001282,1.33,Glastonbury MU
2001355,1.33,Winchester RD
2001476,1.33,Walton upon Thames UD
2001520,1.33,Horsham UD
2001583,1.33,"Salisbury, City of MU"
2001637,1.33,Cottingham UD
2001680,1.33,Flaxton RD
2001842,1.33,Knaresborough RD
2001843,1.33,Pateley Bridge RD
2001850,1.33,Settle RD
2001887,1.33,Aberayron RD
2001890,1.33,Lampeter RD
2001938,1.33,Llansilin RD
2001952,1.33,Overton RD
2001973,1.33,Porthcawl UD
2000214,1.34,Ampthill RD
2000226,1.34,Wantage UD
2000262,1.34,Caxton and Arrington RD
2000366,1.34,Stratton RD
2000441,1.34,Bideford MU
2000459,1.34,Ottery St. Mary UD
2000475,1.34,Culmstock RD
2000481,1.34,St. Thomas RD
2000487,1.34,Blandford Forum MU
2000510,1.34,Wimborne and Cranborne RD
2000599,1.34,Witham UD
2000601,1.34,Woodford UD
2000650,1.34,Thornbury RD
2000653,1.34,Wheatenhurst RD
2000662,1.34,Bromyard RD
2000668,1.34,Ross RD
2000735,1.34,Folkestone MU
2000917,1.34,Lunesdale RD
2000954,1.34,Spalding UD
2000989,1.34,Caistor RD
2001062,1.34,South Mimms RD
2001098,1.34,East Dereham UD
2001106,1.34,Wells UD
2001107,1.34,Aylsham RD
2001110,1.34,Docking RD
2001143,1.34,Daventry RD
2001236,1.34,"Peterborough, City of MU"
2001304,1.34,Frome RD
2001319,1.34,Alton UD
2001335,1.34,Alton RD
2001353,1.34,Stockbridge RD
2001418,1.34,Halesworth UD
2001436,1.34,Glemsford UD
2001442,1.34,Clare RD
2001471,1.34,Reigate MU
2001472,1.34,Richmond MU (Surrey)
2001483,1.34,Epsom RD
2001486,1.34,Guildford RD
2001496,1.34,East Grinstead UD
2001519,1.34,"Chichester, City of MU"
2001530,1.34,Thakeham RD
2001594,1.34,Devizes RD
2001605,1.34,Westbury and Whorwellsdown RD
2001665,1.34,Masham UD
2001685,1.34,Malton RD
2001694,1.34,Thirsk RD
2001836,1.34,Great Ouseburn RD
2001868,1.34,Valley RD
2001869,1.34,Brecknock MU
2001926,1.34,Ogwen RD
2001999,1.34,Welshpool MU
2002002,1.34,Machynlleth RD
2002022,1.34,Painscastle RD
2002028,1.34,Stow on the Wold RD (Gloucestershire)
2000264,1.35,Linton RD
2000334,1.35,Looe UD
2000429,1.35,Hayfield RD
2000485,1.35,Torrington RD
2000563,1.35,Wisbech MU
2000665,1.35,Kington RD
2000674,1.35,Bishop's Stortford UD
2000697,1.35,Buntingford RD
2000701,1.35,Hertford RD
2000713,1.35,Huntingdon RD
2000720,1.35,"Canterbury, City and County of CB"
2000763,1.35,Blean RD
2000785,1.35,West Ashford RD
2001096,1.35,Diss UD
2001104,1.35,Thetford MU
2001116,1.35,Henstead RD
2001118,1.35,Loddon and Clavering RD
2001207,1.35,East Retford RD
2001265,1.35,Drayton RD
2001280,1.35,Crewkerne UD
2001333,1.35,"Winchester, City of MU"
2001346,1.35,Kingsclere RD
2001415,1.35,Bungay UD
2001456,1.35,Dorking UD
2001474,1.35,Sutton UD
2001484,1.35,Farnham RD
2001509,1.35,East Grinstead RD
2001510,1.35,Hailsham RD
2001517,1.35,Arundel MU
2001569,1.35,Newport MU
2001581,1.35,Marlborough MU
2001599,1.35,Mere RD
2001631,1.35,Tenbury RD
2001641,1.35,Hessle UD
2001677,1.35,Bedale RD
2001695,1.35,Wath RD
2001794,1.35,"Ripon, City of MU"
2001917,1.35,Llanfairfechan UD
2001923,1.35,Glaslyn RD
2001928,1.35,Colwyn Bay and Colwyn UD
2000218,1.36,Eaton Socon RD
2000263,1.36,Chesterton RD
2000273,1.36,Alsager UD
2000347,1.36,St. Just UD
2000442,1.36,Brixham UD
2000464,1.36,South Molton MU
2000479,1.36,Okehampton RD
2000482,1.36,South Molton RD
2000494,1.36,Sherborne UD
2000500,1.36,Blandford RD
2000617,1.36,Stansted RD
2000675,1.36,Bushey UD
2000691,1.36,Tring UD
2000698,1.36,Hadham RD
2000705,1.36,Watford RD
2000764,1.36,Bridge RD
2000784,1.36,Tonbridge RD
2000933,1.36,Oadby UD
2000946,1.36,Loughborough RD
2000965,1.36,Bourne RD
2000990,1.36,Gainsborough RD
2001031,1.36,Ealing MU
2001109,1.36,Depwade RD
2001122,1.36,Smallburgh RD
2001124,1.36,Thetford RD
2001140,1.36,Brackley RD
2001226,1.36,Bicester RD
2001243,1.36,Bishop's Castle MU
2001284,1.36,Ilminster UD
2001462,1.36,Frimley UD
2001485,1.36,Godstone RD
2001491,1.36,Hastings CB
2001503,1.36,Seaford UD
2001506,1.36,Chailey RD
2001516,1.36,Uckfield RD
2001527,1.36,Midhurst RD
2001532,1.36,Westhampnett RD
2001562,1.36,Shap UD
2001585,1.36,Trowbridge UD
2001874,1.36,Brecknock RD
2001909,1.36,Whitland RD
2001910,1.36,"Bangor, City of MU"
2001927,1.36,Abergele and Pensarn UD
2002026,1.36,Holsworthy RD (Devonshire)
2000229,1.37,Bradfield RD
2000250,1.37,Wolverton UD
2000258,1.37,Wing RD
2000281,1.37,Cheadle and Gatley UD
2000293,1.37,Hoylake and West Kirby UD
2000440,1.37,Barnstaple MU
2000449,1.37,Great Torrington MU
2000451,1.37,Honiton MU
2000456,1.37,Newton Abbot UD
2000465,1.37,Tavistock UD
2000473,1.37,Broadwood Widger RD
2000478,1.37,Newton Abbot RD
2000604,1.37,Braintree RD
2000627,1.37,Nailsworth UD
2000633,1.37,Westbury on Severn UD
2000640,1.37,Gloucester RD
2000643,1.37,Newent RD
2000669,1.37,Weobley RD
2000728,1.37,Chislehurst UD
2000738,1.37,Herne Bay UD
2000739,1.37,Hythe MU
2000750,1.37,Sandgate (part of) UD
2000770,1.37,Eastry RD
2000773,1.37,Hollingbourne RD
2000833,1.37,Formby UD
2000931,1.37,Market Harborough UD
2000996,1.37,Sibsey RD
2001047,1.37,Ruislip Northwood UD
2001093,1.37,Great Yarmouth CB
2001101,1.37,North Walsham UD
2001141,1.37,Brixworth RD
2001287,1.37,Portishead UD
2001314,1.37,Yeovil RD
2001334,1.37,Alresford RD
2001342,1.37,Fordingbridge RD
2001348,1.37,New Forest RD
2001349,1.37,Petersfield RD
2001444,1.37,Melford RD
2001479,1.37,Windlesham UD
2001505,1.37,Battle RD
2001513,1.37,Rye RD
2001525,1.37,East Preston RD
2001553,1.37,Solihull RD
2001563,1.37,Windermere UD
2001580,1.37,Malmesbury MU
2001596,1.37,Malmesbury RD
2001639,1.37,Great Driffield UD
2001683,1.37,Kirkby Moorside RD
2001856,1.37,Wetherby RD
2001857,1.37,Wharfedale RD
2001911,1.37,Bethesda UD
2001963,1.37,Cowbridge MU
2001993,1.37,Unnamed RD (administered by Machynlleth (Merioneth) RD)
2000223,1.38,Newbury MU
2000225,1.38,Wallingford MU
2000246,1.38,Linslade UD
2000275,1.38,Ashton-upon-Mersey UD
2000345,1.38,St. Austell UD
2000377,1.38,Keswick UD
2000470,1.38,Axminster RD
2000484,1.38,Tiverton RD
2000493,1.38,Shaftesbury MU
2000501,1.38,Bridport RD
2000607,1.38,Dunmow RD
2000616,1.38,Saffron Walden RD
2000667,1.38,Leominster RD
2000694,1.38,Ashwell RD
2000744,1.38,New Romney MU
2000761,1.38,Whitstable UD
2000768,1.38,Dover RD
2000896,1.38,Urmston UD
2000950,1.38,Melton Mowbray RD
2000951,1.38,Boston MU
2001039,1.38,Hampton Wick UD
2001045,1.38,Hornsey MU
2001121,1.38,St. Faith's RD
2001128,1.38,Brackley MU
2001129,1.38,Daventry MU
2001152,1.38,Towcester RD
2001208,1.38,Leake RD
2001289,1.38,Shepton Mallet UD
2001291,1.38,Taunton MU
2001306,1.38,Langport RD
2001338,1.38,Catherington RD
2001344,1.38,Havant RD
2001421,1.38,Saxmundham UD
2001482,1.38,Dorking RD
2001488,1.38,Reigate RD
2001494,1.38,Burgess Hill UD
2001528,1.38,Petworth RD
2001529,1.38,Steyning West RD
2001588,1.38,Wilton MU
2001632,1.38,Upton on Severn RD
2001696,1.38,Whitby RD
2002021,1.38,New Radnor RD
2002036,1.38,Oundle RD (Northamptonshire)
2000230,1.39,Cookham RD
2000356,1.39,East Kerrier RD
2000439,1.39,Bampton UD
2000467,1.39,Tiverton MU
2000486,1.39,Totnes RD
2000505,1.39,Shaftesbury RD
2000583,1.39,Frinton on Sea UD
2000661,1.39,Bredwardine RD
2000663,1.39,Dore RD
2000707,1.39,Godmanchester MU
2000947,1.39,Lutterworth RD
2000987,1.39,Winterton UD
2000995,1.39,Louth RD
2001126,1.39,Wayland RD
2001225,1.39,Banbury RD
2001275,1.39,"Bath, City of CB"
2001296,1.39,Wiveliscombe UD
2001311,1.39,Wells RD
2001312,1.39,Williton RD
2001339,1.39,Christchurch RD
2001439,1.39,Newmarket UD
2001440,1.39,Sudbury MU
2001460,1.39,Esher and the Dittons UD
2001473,1.39,Surbiton UD
2001487,1.39,Hambledon RD
2001499,1.39,Lewes MU
2001515,1.39,Ticehurst RD
2001541,1.39,Sutton Coldfield MU
2001564,1.39,East Westmorland RD
2001630,1.39,Shipston on Stour RD
2001644,1.39,Pocklington UD
2001684,1.39,Leyburn RD
2001877,1.39,Hay RD
2001880,1.39,Unnamed RD (administered by Rhayader RD)
2001888,1.39,Aberystwyth RD
2001907,1.39,Llanybyther RD
2001922,1.39,Geirionydd RD
2001989,1.39,Deudraeth RD
2001996,1.39,Machynlleth UD
2002027,1.39,Faringdon RD (Gloucestershire)
2002031,1.39,Winchcomb RD (Gloucestershire)
2002042,1.39,Tewkesbury RD (Worcestershire)
2000227,1.4,Wokingham MU
2000234,1.4,Newbury RD
2000237,1.4,Windsor RD
2000257,1.4,Newport Pagnell RD
2000349,1.4,Stratton and Bude UD
2000351,1.4,"Truro, City of MU"
2000469,1.4,Totnes MU
2000472,1.4,Bideford RD
2000474,1.4,Crediton RD
2000477,1.4,Kingsbridge RD
2000502,1.4,Cerne RD
2000602,1.4,Belchamp RD
2000655,1.4,Bromyard UD
2000659,1.4,Leominster MU
2000679,1.4,Great Berkhampstead UD
2000719,1.4,Unnamed RD (administered by Barnack RD)
2000766,1.4,Cranbrook RD
2000771,1.4,Elham RD
2000858,1.4,Little Crosby UD
2000993,1.4,Horncastle RD
2000997,1.4,Spilsby RD
2001142,1.4,Crick RD
2001185,1.4,Newcastle upon Tyne RD
2001216,1.4,"Oxford, City of CB"
2001300,1.4,Bridgwater RD
2001330,1.4,Petersfield UD
2001340,1.4,Droxford RD
2001416,1.4,Eye MU
2001435,1.4,Bury St. Edmunds MU
2001497,1.4,Haywards Heath UD
2001531,1.4,Westbourne RD
2001555,1.4,Stratford on Avon RD
2001565,1.4,South Westmorland RD
2001566,1.4,West Ward RD
2001572,1.4,Sandown UD
2001679,1.4,Easingwold RD
2001688,1.4,Pickering RD
2001891,1.4,Llandyssil RD
2000238,1.41,Wokingham RD
2000255,1.41,Hambleden RD
2000333,1.41,Liskeard MU
2000343,1.41,Phillack UD
2000355,1.41,Camelford RD
2000483,1.41,Tavistock RD
2000507,1.41,Sturminster RD
2000585,1.41,Halstead UD
2000712,1.41,St. Neots UD
2000960,1.41,Bourne UD
2000967,1.41,Claypole RD
2001010,1.41,Hampstead ME
2001219,1.41,Chipping Norton MU
2001232,1.41,Henley RD
2001241,1.41,Oakham RD
2001247,1.41,Ellesmere UD
2001281,1.41,Frome UD
2001293,1.41,Wellington UD (Somersetshire)
2001294,1.41,"Wells, City of MU"
2001313,1.41,Wincanton RD
2001396,1.41,Dudley RD
2001493,1.41,Bexhill MU
2001524,1.41,Worthing MU
2001633,1.41,Unnamed RD (administered by Newent RD)
2001640,1.41,Hedon MU
2001642,1.41,Hornsea UD
2001750,1.41,Harrogate MU
2001899,1.41,Llandilo UD
2001986,1.41,Ffestiniog UD
2001990,1.41,Dolgelley RD
2002030,1.41,Tewkesbury RD (Gloucestershire)
2000336,1.42,Ludgvan UD
2000339,1.42,Padstow UD
2000346,1.42,St. Ives MU (Cornwall)
2000360,1.42,Liskeard RD
2000385,1.42,Bootle RD
2000476,1.42,Honiton RD
2000499,1.42,Beaminster RD
2000609,1.42,Halstead RD
2000628,1.42,Newnham UD
2000687,1.42,Royston UD (Hertfordshire)
2000722,1.42,Beckenham UD
2001205,1.42,Bingham RD
2001213,1.42,Southwell RD
2001233,1.42,Thame RD
2001303,1.42,Dulverton RD
2001315,1.42,Bournemouth CB
2001350,1.42,Ringwood RD
2001502,1.42,Rye MU
2001504,1.42,Uckfield UD
2001526,1.42,Horsham RD
2001558,1.42,Appleby MU
2001568,1.42,East Cowes UD
2001636,1.42,Bridlington MU
2001662,1.42,Kirklington cum Upsland UD
2001866,1.42,Dwyran RD
2001867,1.42,Twrcelyn RD
2001905,1.42,Llandovery RD
2001925,1.42,Lleyn RD
2002004,1.42,Fishguard UD
2002023,1.42,Rhayader RD
2002032,1.42,Oundle RD (Huntingdonshire)
2000354,1.43,Calstock RD
2000433,1.43,Sudbury RD
2000457,1.43,Northam UD
2000488,1.43,Bridport MU
2000671,1.43,Wigmore RD
2000680,1.43,Harpenden UD
2000731,1.43,Deal MU
2000759,1.43,Royal Tunbridge Wells MU
2000986,1.43,Skegness UD
2001078,1.43,Monmouth MU
2001218,1.43,Bicester UD
2001224,1.43,Woodstock MU
2001286,1.43,Minehead UD
2001309,1.43,Taunton RD
2001326,1.43,Fleet UD
2001417,1.43,Felixstowe UD
2001547,1.43,Farnborough RD
2001550,1.43,Monks Kirby RD
2001924,1.43,Gwyrfai RD
2002025,1.43,Holsworthy RD (Cornwall)
2000253,1.44,Buckingham RD
2000437,1.44,Ashburton UD
2000445,1.44,Crediton UD
2000460,1.44,Paignton UD
2000468,1.44,Torquay MU
2000623,1.44,Cheltenham MU
2000716,1.44,St. Ives RD
2000754,1.44,Sidcup UD
2000757,1.44,Tenterden MU
2000884,1.44,St. Anne's-on-the-Sea UD
2000934,1.44,Quorndon UD
2001049,1.44,Southgate UD
2001097,1.44,Downham Market UD
2001239,1.44,Oakham UD
2001298,1.44,Axbridge RD
2001328,1.44,Havant UD
2001347,1.44,Lymington RD
2001545,1.44,Brailes RD
2001567,1.44,Cowes UD
2001689,1.44,Reeth RD
2001994,1.44,Llanfyllin MU
2002033,1.44,Thrapston RD (Huntingdonshire)
2000240,1.45,Beaconsfield UD
2000332,1.45,Launceston MU
2000363,1.45,St. Columb Major RD
2000454,1.45,Kingsbridge UD
2000670,1.45,Whitchurch RD (Herefordshire)
2000783,1.45,Tenterden RD
2000949,1.45,Market Harborough RD
2001277,1.45,Burnham on Sea UD
2001310,1.45,Wellington RD (Somersetshire)
2001413,1.45,Aldeburgh MU
2001438,1.45,Haverhill UD
2001451,1.45,Beddington and Wallington UD
2001498,1.45,Hove MU
2001507,1.45,Cuckfield RD
2001538,1.45,Royal Leamington Spa MU
2001571,1.45,St. Helens UD
2001638,1.45,Filey UD
2001667,1.45,Pickering UD
2001676,1.45,Aysgarth RD
2001863,1.45,Llangefni UD
2001875,1.45,Builth RD
2001997,1.45,Montgomery MU
2000357,1.46,Helston RD
2000447,1.46,Dawlish UD
2000463,1.46,Sidmouth UD
2000490,1.46,Lyme Regis MU
2000834,1.46,Fulwood UD
2001061,1.46,Hendon RD
2001103,1.46,Swaffham UD
2001424,1.46,Woodbridge UD
2001495,1.46,Cuckfield UD
2001511,1.46,Hastings RD
2001559,1.46,Grasmere UD
2001575,1.46,Isle of Wight RD
2001672,1.46,Scarborough MU
2001846,1.46,Ripon RD
2002010,1.46,Tenby MU
2000242,1.47,Buckingham MU
2000259,1.47,Winslow RD
2000261,1.47,Cambridge MU
2000267,1.47,Swavesey RD
2000272,1.47,Alderley Edge UD
2000471,1.47,Barnstaple RD
2000622,1.47,Charlton Kings UD
2000677,1.47,Chorleywood UD
2000752,1.47,Sevenoaks UD
2001242,1.47,Uppingham RD
2001329,1.47,Lymington MU
2001332,1.47,Warblington UD
2001557,1.47,Ambleside UD
2001574,1.47,Ventnor UD
2001670,1.47,Saltburn by the Sea UD
2001860,1.47,Amlwch UD
2001913,1.47,Carnarvon MU
2000326,1.48,Callington UD
2000337,1.48,Madron UD
2000575,1.48,Brightlingsea UD
2000717,1.48,St. Neots RD
2000862,1.48,Lytham UD
2000940,1.48,Belvoir RD
2000981,1.48,Louth MU
2001095,1.48,Cromer UD
2001230,1.48,Goring RD
2001237,1.48,Barnack RD
2001466,1.48,Haslemere UD
2001477,1.48,Weybridge UD
2001900,1.48,Llandovery MU
2000208,1.49,Bedford MU
2000325,1.49,Bodmin MU
2000330,1.49,Hayle UD
2000592,1.49,Saffron Walden MU
2000600,1.49,Wivenhoe UD
2000837,1.49,Great Crosby UD
2001411,1.49,Unnamed RD (administered by Shifnal RD)
2001514,1.49,Steyning East RD
2001848,1.49,Sedbergh RD
2001884,1.49,Cardigan MU
2001889,1.49,Cardigan RD
2000248,1.5,Newport Pagnell UD
2000365,1.5,"Scilly, Isles of RD"
2000368,1.5,West Penwith RD
2000635,1.5,Cheltenham RD
2000944,1.5,Hallaton RD
2001102,1.5,Sheringham UD
2001221,1.5,Thame UD
2001615,1.5,Malvern UD
2001883,1.5,Aberystwyth MU
2002018,1.5,Presteigne UD
2000329,1.51,Fowey MU
2000338,1.51,Newquay UD
2000342,1.51,Penzance MU
2000353,1.51,Bodmin RD
2000359,1.51,Launceston RD
2000455,1.51,Lynton UD
2000466,1.51,Teignmouth UD
2000657,1.51,Kington UD
2000841,1.51,Heysham UD
2000983,1.51,Market Rasen UD
2001279,1.51,Clevedon UD
2001983,1.51,Bala UD
2001985,1.51,Dolgelley UD
2002016,1.51,Knighton UD
2000287,1.52,Hale UD
2000367,1.52,Truro RD
2000448,1.52,Exmouth UD
2000941,1.52,Billesdon RD
2001455,1.52,Coulsdon and Purley UD
2002015,1.52,St. Dogmells RD
2000498,1.53,Wimborne Minster UD
2001893,1.53,Unnamed RD (administered by Machynlleth (Cardigan) RD)
2002007,1.53,Narberth UD
2000462,1.54,Seaton UD
2000980,1.54,Horncastle UD
2000207,1.55,Ampthill UD
2000335,1.55,Lostwithiel MU
2000413,1.55,Matlock Bath and Scarthin Nick UD
2001150,1.55,Oxendon RD
2001422,1.55,Southwold MU
2001902,1.55,Newcastle Emlyn UD
2001984,1.55,Barmouth UD
2000331,1.56,Helston MU
2000352,1.56,Wadebridge UD
2000598,1.56,Wanstead UD
2001135,1.56,Oundle UD
2001245,1.56,Church Stretton UD
2000711,1.57,St. Ives MU (Huntingdonshire)
2000865,1.57,Morecambe MU
2001100,1.57,New Hunstanton UD
2001764,1.57,Ilkley UD
2001864,1.57,Menai Bridge UD
2001920,1.58,Pwllheli MU
2001988,1.58,Towyn UD
2002017,1.58,Llandrindod Wells UD
2000708,1.59,Huntingdon MU
2000760,1.59,Walmer UD
2000973,1.59,Alford UD
2002041,1.6,Stow on the Wold RD (Worcestershire)
2000461,1.61,Salcombe UD
2001873,1.61,Llanwrtyd UD
2001919,1.61,Portmadoc UD
2000836,1.63,Grange UD
2001885,1.63,Lampeter MU
2001570,1.64,Ryde MU
2000452,1.65,Ilfracombe UD
2001671,1.65,Scalby UD
2000444,1.66,Budleigh Salterton UD
2001871,1.66,Builth Wells UD
2000277,1.68,Bowdon UD
2001561,1.68,Kirkby Lonsdale UD
2001202,1.7,West Bridgford UD
2001861,1.72,Beaumaris MU
2001912,1.72,Bettws y Coed UD
2001915,1.75,Criccieth UD
2001886,1.77,New Quay UD
2000988,1.82,Woodhall Spa UD
2001882,1.82,Aberayron UD
