name,group,min,max,direction
Bulgaria,Country,14.1,18.2,up
Poland,Country,15.3,13.3,down
Romania,Country,9.7,12.2,up
Slovakia,Country,11.1,10,down
Czechia,Country,13.8,8.4,down
Lithuania,Country,5.3,7.3,up
Latvia,Country,2.1,6.6,up
Croatia,Country,3.6,6.4,up
Greece,Country,1.2,6.2,up
Hungary,Country,6.9,6.1,down
Slovenia,Country,6.8,5,down
Cyprus,Country,-1,4.4,up
Estonia,Country,0.3,3.6,up
Italy,Country,6.6,3.5,down
England,Country,6.3,3.2,down
United Kingdom,Country,5.8,3.1,down
Scotland,Country,3.5,3,down
Austria,Country,2.3,3,up
Portugal,Country,5,3,down
Netherlands,Country,2.4,2.3,down
Wales,Country,3.7,2.1,down
Spain,Country,4.3,1.8,down
Northern Ireland,Country,1.9,1.7,down
France,Country,2.4,1.3,down
Belgium,Country,3.2,0.9,down
Malta,Country,-1,-0.7,up
Switzerland,Country,0.8,-0.7,down
Finland,Country,-5.2,-1.7,up
Denmark,Country,-5.5,-2.8,up
Luxembourg,Country,-1.9,-3.4,down
Iceland,Country,-7.1,-3.9,up
Sweden,Country,-1.5,-4,down
Norway,Country,-8,-4.1,up
