date,average,nonCovidDeaths,covidDeaths
13/03/2020,12686,12534,5
20/03/2020,11935,11996,103
27/03/2020,11517,11882,539
03/04/2020,11664,14722,3475
10/04/2020,11873,13999,6213
17/04/2020,11805,15129,8758
24/04/2020,11801,15217,8237
01/05/2020,11312,13310,6035
08/05/2020,10857,9962,3930
15/05/2020,11520,12126,3810
22/05/2020,11248,10918,2589
29/05/2020,9449,9233,1822
05/06/2020,11283,10374,1588
12/06/2020,10684,10070,1114
19/06/2020,10688,9824,783
26/06/2020,10562,9609,606
03/07/2020,10467,9839,532
10/07/2020,10506,9535,366
17/07/2020,10319,9790,295
24/07/2020,10260,9915,217
31/07/2020,10284,10051,193
07/08/2020,10352,10063,152
14/08/2020,10315,10429,139
21/08/2020,10395,10834,138
28/08/2020,9455,10249,101
04/09/2020,10399,8927,78
11/09/2020,10569,11057,99
18/09/2020,10527,10627,139
25/09/2020,10682,10647,215
02/10/2020,10853,11120,321
09/10/2020,11162,10885,438
16/10/2020,11202,11171,670
23/10/2020,11070,11177,978
30/10/2020,11227,10903,1379
06/11/2020,11701,11197,1937
13/11/2020,11756,11136,2466
20/11/2020,11803,11226,2697
27/11/2020,11777,10728,3040
04/12/2020,12136,10791,2835
11/12/2020,12285,10873,2756
18/12/2020,13138,11385,2986
25/12/2020,9281,9834,2912
01/01/2021,9237,8156,3144
08/01/2021,11706,13445,6057
15/01/2021,12230,12264,7245
22/01/2021,14981,11653,8422
29/01/2021,14426,11475,8433
05/02/2021,13832,11337,7320
12/02/2021,13519,11033,5691
19/02/2021,13203,11135,4079
26/02/2021,13138,11091,2914
05/03/2021,12704,10835,2105
12/03/2021,13070,10834,1501
19/03/2021,12671,10632,963
26/03/2021,12013,10649,719
02/04/2021,11546,9011,400
09/04/2021,11698,9979,379
16/04/2021,11910,11456,362
23/04/2021,11848,11068,260
30/04/2021,11865,10791,205
07/05/2021,11294,9071,129
14/05/2021,10905,11402,151
21/05/2021,11542,11106,107
28/05/2021,11264,10885,95
04/06/2021,9459,9007,98
11/06/2021,11326,11526,84
18/06/2021,10703,10710,102
25/06/2021,10693,9946,99
02/07/2021,10607,10043,109
09/07/2021,10456,10920,183
16/07/2021,10539,10787,218
23/07/2021,10354,10784,327
30/07/2021,10311,11115,404
06/08/2021,10306,10990,527
13/08/2021,10370,11150,571
20/08/2021,10340,10873,570
27/08/2021,10415,10926,668
03/09/2021,9479,9536,659
10/09/2021,10446,11544,857
17/09/2021,10596,11593,851
24/09/2021,10559,11153,888
01/10/2021,10709,11171,783
08/10/2021,10893,11680,666
15/10/2021,11185,11967,713
22/10/2021,11213,11969,792
29/10/2021,11095,11605,859
05/11/2021,11266,12025,995
12/11/2021,11733,12593,1020
19/11/2021,11808,12665,952
26/11/2021,11821,12186,817
03/12/2021,11809,12458,792
10/12/2021,12157,12736,764
17/12/2021,12330,13265,755
24/12/2021,13101,13761,852
31/12/2021,9295,9156,582
07/01/2022,15141,12879,1022
14/01/2022,16116,13711,1561
21/01/2022,15776,12767,1673
28/01/2022,15413,12453,1545
04/02/2022,14752,12094,1391
11/02/2022,14204,11985,1186
18/02/2022,13617,11778,970
25/02/2022,13384,11788,879
04/03/2022,12690,11939,816
11/03/2022,12960,11966,821
18/03/2022,12512,11666,829
25/03/2022,11896,11352,1006
01/04/2022,11041,10387,1063
08/04/2022,11717,11144,1134
15/04/2022,11968,10153,1152
22/04/2022,11508,11011,1185
29/04/2022,11666,12825,1249
06/05/2022,10802,10476,839
13/05/2022,11194,12818,796
20/05/2022,11450,12431,615
27/05/2022,11195,11820,469
03/06/2022,9380,7682,211
10/06/2022,11332,12956,335
17/06/2022,10698,12019,309
24/06/2022,10596,11947,347
01/07/2022,10550,11429,412
08/07/2022,10586,11120,529
15/07/2022,10710,11252,696
22/07/2022,10600,11592,864
29/07/2022,10638,11624,923
05/08/2022,10646,11357,802
12/08/2022,10700,11118,675
19/08/2022,10581,11855,622
26/08/2022,10684,11837,505
02/09/2022,9492,9852,350
09/09/2022,11138,11782,414
16/09/2022,11018,11793,348
23/09/2022,10934,9754,274
30/09/2022,10972,12166,343
07/10/2022,11255,12365,449
14/10/2022,11534,12646,625
21/10/2022,11641,12775,737
28/10/2022,11431,12156,718
04/11/2022,11706,12738,708
11/11/2022,12230,12558,583
18/11/2022,12295,12785,471
25/11/2022,12217,12714,400
02/12/2022,12241,12512,372
09/12/2022,12531,12974,381
16/12/2022,12838,13635,435
23/12/2022,13637,16039,514
30/12/2022,9299,10465,469
06/01/2023,14945,16151,842
13/01/2023,16540,18888,1060
20/01/2023,16048,17064,882
27/01/2023,15632,15310,660
03/02/2023,14934,14591,540
10/02/2023,14298,13843,495
17/02/2023,13762,13246,476
24/02/2023,13372,13132,476
03/03/2023,12694,13049,564
10/03/2023,13017,12442,605
17/03/2023,12514,13064,619
