name,category,value
Pre 1919,ABHS (all addresses) ,10450
1919-1929,ABHS (all addresses) ,2130
1930-1944,ABHS (all addresses) ,5705
1945-1964,ABHS (all addresses) ,8945
1965-1982,ABHS (all addresses) ,9555
1983-1992,ABHS (all addresses) ,3500
1993-2011,ABHS (all addresses) ,7535
Post 2012,ABHS (all addresses) ,8230
Unknown,ABHS (all addresses) ,3310
Pre 1919,ABHS (occupied addresses) ,8660
1919-1929,ABHS (occupied addresses) ,1965
1930-1944,ABHS (occupied addresses) ,5330
1945-1964,ABHS (occupied addresses) ,8325
1965-1982,ABHS (occupied addresses) ,8585
1983-1992,ABHS (occupied addresses) ,2915
1993-2011,ABHS (occupied addresses) ,6065
Post 2012,ABHS (occupied addresses) ,6365
Unknown,ABHS (occupied addresses) ,915
