group,0 to 4,5 to 9,10 to 49,50 to 249,250+
2011,67.38377393,12.57976299,14.37253115,4.813126709,0.850805226
2012,67.31683824,12.68436578,14.44825718,4.683643369,0.866895431
2013,66.86338153,12.56417822,14.90705223,4.797875479,0.867512541
2014,68.2721455,12.13652184,14.25283485,4.496463456,0.842034355
2015,70.87139845,11.42957534,12.86517418,4.070876418,0.762975605
2016,73.65986395,10.04988662,11.75510204,3.814058957,0.721088435
2017,75.77433628,9.600189633,10.61551833,3.377844501,0.632111252
2018,75.57569043,9.97863417,10.33077471,3.458099232,0.656801456
2019,74.79237338,10.73419893,10.3832807,3.435099622,0.655047374
2020,76.76785714,9.907142857,9.528571429,3.175,0.621428571
2021,78.76480268,9.315607757,8.505695202,2.852441031,0.561453325
