AREACD,AREANM,EU,Total,Goods,Services
AD,Andorra,FALSE,32,-3,35
AE,United Arab Emirates,FALSE,3358,1989,1369
AF,Afghanistan,FALSE,29,18,11
AG,Antigua and Barbuda,FALSE,-42,18,-60
AI,Anguilla,FALSE,5,5,0
AL,Albania,FALSE,-98,14,-112
AM,Armenia,FALSE,-70,10,-80
AO,Angola,FALSE,178,223,-45
AQ,Antarctica,FALSE,0,0,0
AR,Argentina,FALSE,-490,-416,-74
AS,American Samoa,FALSE,-21,0,-21
AT,Austria,TRUE,-1842,-1795,-47
AU,Australia,FALSE,5204,1891,3313
AW,Aruba,FALSE,-1,4,-5
AZ,Azerbaijan,FALSE,444,102,342
BA,Bosnia and Herzegovina,FALSE,15,3,12
BB,Barbados,FALSE,-73,47,-120
BD,Bangladesh,FALSE,-1863,-1936,73
BE,Belgium,TRUE,-5020,-8392,3372
BF,Burkina Faso,FALSE,24,14,10
BG,Bulgaria,TRUE,-424,-179,-245
BH,Bahrain,FALSE,485,248,237
BI,Burundi,FALSE,1,1,0
BJ,Benin,FALSE,29,25,4
BM,Bermuda,FALSE,1199,186,1013
BN,Brunei,FALSE,61,30,31
BO,Bolivia,FALSE,7,1,6
BQ,"Bonaire, Sint Eustatius and Saba",FALSE,0,0,0
BR,Brazil,FALSE,264,-209,473
BS,The Bahamas,FALSE,217,68,149
BT,Bhutan,FALSE,3,0,3
BV,Bouvet Island,FALSE,0,0,0
BW,Botswana,FALSE,548,13,535
BY,Belarus,FALSE,4,34,-30
BZ,Belize,FALSE,-38,-43,5
CA,Canada,FALSE,3046,-682,3728
CC,Cocos Islands,FALSE,0,0,0
CD,Congo (Democratic Republic),FALSE,-94,37,-131
CF,Central African Republic,FALSE,2,0,2
CG,Congo,FALSE,-23,20,-43
CH,Switzerland,FALSE,6485,618,5867
CI,Ivory Coast,FALSE,-171,-265,94
CK,Cook Islands,FALSE,-1,0,-1
CL,Chile,FALSE,336,27,309
CM,Cameroon,FALSE,-82,-7,-75
CN,China,FALSE,-39094,-44764,5670
CO,Colombia,FALSE,9,-81,90
CR,Costa Rica,FALSE,-364,-163,-201
CU,Cuba,FALSE,-20,1,-21
CV,Cape Verde,FALSE,-12,1,-13
CW,Curacao,FALSE,42,11,31
CX,Christmas Island,FALSE,-1,-1,0
CY,Cyprus,TRUE,70,-237,307
CZ,Czechia,TRUE,-2522,-2567,45
DE,Germany,TRUE,-16072,-24164,8092
DJ,Djibouti,FALSE,2,2,0
DK,Denmark,TRUE,-198,-2296,2098
DM,Dominica,FALSE,11,10,1
DO,Dominican Republic,FALSE,3,43,-40
DZ,Algeria,FALSE,-750,-839,89
EC,Ecuador,FALSE,-127,-147,20
EE,Estonia,TRUE,-8,-45,37
EG,Egypt,FALSE,843,581,262
ER,Eritrea,FALSE,6,1,5
ES,Spain,TRUE,-9339,-6594,-2745
ET,Ethiopia,FALSE,300,220,80
FI,Finland,TRUE,-306,-1048,742
FJ,Fiji,FALSE,21,6,15
FK,Falkland Islands,FALSE,83,62,21
FM,Micronesia,FALSE,6,0,6
FO,Faroe Islands,FALSE,-847,-208,-639
FR,France,TRUE,-2048,-3687,1639
GA,Gabon,FALSE,45,3,42
GD,Grenada,FALSE,25,11,14
GE,Georgia,FALSE,101,43,58
GH,Ghana,FALSE,313,309,4
GI,Gibraltar,FALSE,915,389,526
GL,Greenland,FALSE,6,-1,7
GM,The Gambia,FALSE,159,25,134
GN,Guinea,FALSE,50,23,27
GQ,Equatorial Guinea,FALSE,67,30,37
GR,Greece,TRUE,-920,-93,-827
GS,South Georgia,FALSE,0,0,0
GT,Guatemala,FALSE,-46,-51,5
GU,Guam,FALSE,10,3,7
GW,Guinea Bissau,FALSE,0,0,0
GY,Guyana,FALSE,500,54,446
HK,Hong Kong,FALSE,1614,-210,1824
HM,Heard and McDonald Islands,FALSE,-1,0,-1
HN,Honduras,FALSE,-105,-108,3
HR,Croatia,TRUE,-198,4,-202
HT,Haiti,FALSE,14,7,7
HU,Hungary,TRUE,-464,-1011,547
ID,Indonesia,FALSE,-5,-431,426
IE,Irish Republic,TRUE,21257,7973,13284
IL,Israel,FALSE,75,-179,254
IN,India,FALSE,-7496,-3609,-3887
IO,British Indian Ocean Territory,FALSE,3,0,3
IQ,Iraq,FALSE,341,358,-17
IR,Iran,FALSE,78,54,24
IS,Iceland,FALSE,-194,-117,-77
IT,Italy,TRUE,-6975,-8492,1517
JE,Jersey,FALSE,-997,0,-997
JM,Jamaica,FALSE,-226,-2,-224
JO,Jordan,FALSE,403,150,253
JP,Japan,FALSE,-67,-1468,1401
KE,Kenya,FALSE,-42,-99,57
KG,Kyrgyzstan,FALSE,21,1,20
KH,Cambodia,FALSE,-392,-463,71
KI,Kiribati,FALSE,-77,0,-77
KM,Comoros,FALSE,0,0,0
KN,St Kitts and Nevis,FALSE,-13,5,-18
KP,North Korea,FALSE,-4,0,-4
KR,South Korea,FALSE,2395,1161,1234
KW,Kuwait,FALSE,1006,-85,1091
KY,Cayman Islands,FALSE,3172,50,3122
KZ,Kazakhstan,FALSE,222,-178,400
LA,Laos,FALSE,27,-5,32
LB,Lebanon,FALSE,316,126,190
LC,St Lucia,FALSE,-67,17,-84
LI,Liechtenstein,FALSE,74,-8,82
LK,Sri Lanka,FALSE,-443,-422,-21
LR,Liberia,FALSE,14,-9,23
LS,Lesotho,FALSE,5,1,4
LT,Lithuania,TRUE,-567,-432,-135
LU,Luxembourg,TRUE,3465,250,3215
LV,Latvia,TRUE,-716,-648,-68
LY,Libya,FALSE,-969,-1023,54
MA,Morocco incl. Western Sahara,FALSE,-388,-339,-49
MD,Moldova,FALSE,-1090,-17,-1073
ME,Montenegro,FALSE,33,30,3
MG,Madagascar,FALSE,-8,-15,7
MH,Marshall Islands,FALSE,-122,0,-122
MK,North Macedonia,FALSE,1326,1469,-143
ML,Mali,FALSE,63,31,32
MM,Myanmar (Burma),FALSE,-137,-233,96
MN,Mongolia,FALSE,280,27,253
MO,Macao,FALSE,236,190,46
MP,Northern Mariana Islands,FALSE,0,0,0
MR,Mauritania,FALSE,6,-16,22
MS,Montserrat,FALSE,0,0,0
MT,Malta,TRUE,442,290,152
MU,Mauritius,FALSE,-146,-31,-115
MV,Maldives,FALSE,-85,8,-93
MW,Malawi,FALSE,21,3,18
MX,Mexico,FALSE,-16,-246,230
MY,Malaysia,FALSE,479,-530,1009
MZ,Mozambique,FALSE,320,22,298
NA,Namibia,FALSE,63,49,14
NC,New Caledonia,FALSE,15,11,4
NE,Niger,FALSE,9,9,0
NF,Norfolk Island,FALSE,0,0,0
NG,Nigeria,FALSE,851,472,379
NI,Nicaragua,FALSE,-43,-48,5
NL,Netherlands,TRUE,4010,-4701,8711
NO,Norway,FALSE,-21775,-23551,1776
NP,Nepal,FALSE,-14,-3,-11
NR,Nauru,FALSE,0,0,0
NU,Niue Island,FALSE,-1,0,-1
NZ,New Zealand,FALSE,674,110,564
OM,Oman,FALSE,637,229,408
PA,Panama,FALSE,109,120,-11
PE,Peru,FALSE,-409,-459,50
PF,French Polynesia,FALSE,23,5,18
PG,Papua New Guinea,FALSE,-102,-102,0
PH,Philippines,FALSE,-204,-117,-87
PK,Pakistan,FALSE,-1102,-790,-312
PL,Poland,TRUE,-6969,-5988,-981
PN,Pitcairn,FALSE,0,0,0
PS,Occupied Palestinian Territory,FALSE,11,-1,12
PT,Portugal,TRUE,-2194,-1385,-809
PW,Palau,FALSE,-3,0,-3
PY,Paraguay,FALSE,8,2,6
QA,Qatar,FALSE,409,-523,932
RO,Romania,TRUE,-1878,-1302,-576
RS,Serbia,FALSE,-103,-111,8
RU,Russia,FALSE,-6570,-7495,925
RW,Rwanda,FALSE,18,10,8
SA,Saudi Arabia,FALSE,6458,1298,5160
SB,Solomon Islands,FALSE,10,9,1
SC,Seychelles,FALSE,-78,-55,-23
SD,Sudan,FALSE,81,42,39
SE,Sweden,TRUE,-1045,-1521,476
SG,Singapore,FALSE,4662,2445,2217
SH,St. Helena,FALSE,22,20,2
SI,Slovenia,TRUE,-128,-171,43
SK,Slovakia,TRUE,-1547,-1211,-336
SL,Sierra Leone,FALSE,47,34,13
SM,San Marino,FALSE,-8,-9,1
SN,Senegal,FALSE,166,110,56
SO,Somalia,FALSE,24,14,10
SR,Suriname,FALSE,21,10,11
SS,South Sudan,FALSE,20,6,14
ST,Sao Tome and Principe,FALSE,0,0,0
SV,El Salvador,FALSE,20,17,3
SX,Sint Maarten,FALSE,7,9,-2
SY,Syria,FALSE,6,1,5
SZ,Eswatini,FALSE,-8,-18,10
TC,Turks and Caicos Islands,FALSE,17,8,9
TD,Chad,FALSE,12,10,2
TF,French Southern Territories,FALSE,-7,0,-7
TG,Togo,FALSE,93,53,40
TH,Thailand,FALSE,-841,-1140,299
TJ,Tajikistan,FALSE,2,0,2
TK,Tokelau Islands,FALSE,4,0,4
TL,East Timor,FALSE,58,0,58
TM,Turkmenistan,FALSE,34,11,23
TN,Tunisia,FALSE,-39,12,-51
TO,Tonga,FALSE,-1,0,-1
TR,Turkey,FALSE,-5177,-5912,735
TT,Trinidad and Tobago,FALSE,87,8,79
TV,Tuvalu,FALSE,-4,0,-4
TW,Taiwan,FALSE,-45,-1750,1705
TZ,Tanzania,FALSE,45,81,-36
UA,Ukraine,FALSE,-268,-164,-104
UG,Uganda,FALSE,108,38,70
UM,US Minor Outlying Islands,FALSE,-38,0,-38
US,United States inc Puerto Rico,FALSE,49164,7719,41445
UY,Uruguay,FALSE,32,-2,34
UZ,Uzbekistan,FALSE,-95,-180,85
VA,Vatican City,FALSE,-1,-1,0
VC,St Vincent,FALSE,18,14,4
VE,Venezuela,FALSE,62,-16,78
VG,British Virgin Islands,FALSE,527,-12,539
VI,US Virgin Islands,FALSE,18,2,16
VN,Vietnam,FALSE,-3669,-3809,140
VU,Vanuatu,FALSE,1,0,1
WF,Wallis and Futuna,FALSE,10,0,10
WS,Samoa,FALSE,-62,-5,-57
XK,Kosovo,FALSE,13,13,0
YE,Yemen,FALSE,59,41,18
ZA,South Africa,FALSE,-4018,-5011,993
ZM,Zambia,FALSE,104,57,47
ZW,Zimbabwe,FALSE,36,36,0
