date,hospital,deaths
30/03/2020,x,6.4
06/04/2020,x,6.4
13/04/2020,x,6.6
20/04/2020,x,6.9
27/04/2020,x,6.7
03/05/2020,x,6.8
10/05/2020,x,7
17/05/2020,x,6.8
24/05/2020,x,6.9
31/05/2020,x,7.4
07/06/2020,x,7.1
14/06/2020,x,6.8
21/06/2020,x,7
28/06/2020,x,7.1
05/07/2020,x,7.1
12/07/2020,x,7.1
19/07/2020,x,7.1
26/07/2020,x,7
02/08/2020,x,7.2
09/08/2020,x,7.2
16/08/2020,x,7.2
30/08/2020,x,7.2
13/09/2020,x,7.2
20/09/2020,x,7
27/09/2020,x,6.9
04/10/2020,x,6.9
11/10/2020,x,7
18/10/2020,x,6.9
25/10/2020,x,6.8
01/11/2020,x,6.7
08/11/2020,x,6.8
15/11/2020,x,6.7
22/11/2020,x,6.9
29/11/2020,x,6.8
06/12/2020,x,6.8
13/12/2020,x,6.9
20/12/2020,x,6.7
03/01/2021,x,6.9
10/01/2021,x,6.5
17/01/2021,x,6.4
24/01/2021,x,6.4
31/01/2021,x,6.4
07/02/2021,x,6.5
14/02/2021,x,6.5
21/02/2021,x,6.6
28/02/2021,x,6.7
07/03/2021,x,6.8
14/03/2021,x,6.9
21/03/2021,x,6.9
28/03/2021,x,6.7
04/04/2021,x,7.2
11/04/2021,x,6.9
18/04/2021,x,7.1
25/04/2021,x,7.1
03/05/2021,x,7
09/05/2021,x,7
16/05/2021,x,7
23/05/2021,x,7.1
31/05/2021,x,7.1
06/06/2021,x,7.3
13/06/2021,x,7.2
20/06/2021,x,7.1
27/06/2021,x,7
04/07/2021,x,7.2
11/07/2021,x,7.1
18/07/2021,x,7.1
25/07/2021,x,7.2
01/08/2021,x,7.1
