AREACD,AREANM,SOC1,Employees,Change in median pay,Median pay
SOC111,Chief Executives and Senior Officials,"Managers, Driectors & Senior Officials",120910,-1.6,40.15
SOC112,Production Managers and Directors,"Managers, Driectors & Senior Officials",438240,7.9,22.59
SOC113,Functional Managers and Directors,"Managers, Driectors & Senior Officials",1128550,0.7,28.91
SOC115,Financial Institution Managers and Directors,"Managers, Driectors & Senior Officials",129380,-11.4,23.53
SOC116,Managers and Directors in Transport and Logistics,"Managers, Driectors & Senior Officials",210660,9,15.66
SOC117,Senior Officers in Protective Services,"Managers, Driectors & Senior Officials",52590,2.3,27.39
SOC118,Health and Social Services Managers and Directors,"Managers, Driectors & Senior Officials",98960,10.6,24.73
SOC119,Managers and Directors in Retail and Wholesale,"Managers, Driectors & Senior Officials",300290,14.1,13.71
SOC121,Managers and Proprietors in Agriculture Related Srvcs,"Managers, Driectors & Senior Officials",35530,13.5,14.26
SOC122,Managers and Proprietors in Hsptlty and Leisure Srvcs,"Managers, Driectors & Senior Officials",258580,6.8,11.85
SOC124,Managers and Proprietors in Health and Care Services,"Managers, Driectors & Senior Officials",81280,12.3,17.32
SOC125,Managers and Proprietors in Other Services,"Managers, Driectors & Senior Officials",545540,1.8,16.21
SOC211,Natural and Social Science Professionals,Professional Occupations,289030,4.7,19.89
SOC212,Engineering Professionals,Professional Occupations,532280,7.2,21.37
SOC213,IT and Telecommunications Professionals,Professional Occupations,1372970,9.7,22.98
SOC214,Conservation and Environment Professionals,Professional Occupations,63490,4,17.6
SOC215,Research and Development Managers ,Professional Occupations,71060,10.1,24.8
SOC221,Health Professionals,Professional Occupations,649530,5.8,24.44
SOC222,Therapy Professionals,Professional Occupations,205760,8.8,19.38
SOC223,Nursing and Midwifery Professionals,Professional Occupations,587700,14.8,19.37
SOC231,Teaching and Educational Professionals,Professional Occupations,1653170,8.3,24.17
SOC241,Legal Professionals,Professional Occupations,241710,5.7,26.6
SOC242,"Business, Research and Administrative Professionals",Professional Occupations,919690,12.5,23
SOC243,"Architects, Town Planners and Surveyors",Professional Occupations,248150,11,20.55
SOC244,Welfare Professionals,Professional Occupations,223600,15.2,19.24
SOC245,Librarians and Related Professionals,Professional Occupations,41320,9.3,14.37
SOC246,Quality and Regulatory Professionals,Professional Occupations,178070,9.1,21.37
SOC247,Media Professionals,Associate Professional and Technical Occupations,221290,12.4,18.73
SOC311,"Science, Engineering and Production Technicians",Associate Professional and Technical Occupations,315280,6.1,13.87
SOC312,Draughtspersons and Related Architectural Technicians,Associate Professional and Technical Occupations,70830,7.6,15.2
SOC313,Information Technology Technicians,Associate Professional and Technical Occupations,256460,3.1,14.98
SOC321,Health Associate Professionals,Associate Professional and Technical Occupations,182340,9.2,14.81
SOC323,Welfare and Housing Associate Professionals,Associate Professional and Technical Occupations,372560,9.9,13.42
SOC331,Protective Service Occupations,Associate Professional and Technical Occupations,337240,14.4,19.67
SOC341,"Artistic, Literary and Media Occupations",Associate Professional and Technical Occupations,424580,4.6,15.34
SOC342,Design Occupations,Associate Professional and Technical Occupations,188480,6.7,13.82
SOC344,Sports and Fitness Occupations,Associate Professional and Technical Occupations,168060,-5.3,11.25
SOC351,Transport Associate Professionals,Associate Professional and Technical Occupations,#N/A,#N/A,#N/A
SOC352,Legal Associate Professionals,Associate Professional and Technical Occupations,105330,1.5,13.83
SOC353,"Business, Finance and Related Associate Professionals",Associate Professional and Technical Occupations,892070,6.3,17.16
SOC354,"Sales, Marketing and Related Associate Professionals",Associate Professional and Technical Occupations,1003680,9.4,18.59
SOC355,Conservation and Environmental Assct Professionals,Associate Professional and Technical Occupations,7540,7.2,12.3
SOC356,Public Services and Other Associate Professionals,Associate Professional and Technical Occupations,584620,13.3,16.23
SOC411,Administrative Occupations: Gvrnmnt and Related Orgs,Administrative & Secretarial Occupations,471110,17.3,13.24
SOC412,Administrative Occupations: Finance,Administrative &Secretarial Occupations,805210,9.5,12.49
SOC413,Administrative Occupations: Records,Administrative &Secretarial Occupations,415370,11.4,11.62
SOC415,Other Administrative Occupations,Administrative &Secretarial Occupations,791400,15.8,11.64
SOC416,Administrative Occupations: Office Mngrs and Sprvsrs,Administrative &Secretarial Occupations,216660,7,14.99
SOC421,Secretarial and Related Occupations,Administrative &Secretarial Occupations,587610,11.6,10.78
SOC511,Agricultural and Related Trades,Skilled Trades Occupations,315200,13.7,10.8
SOC521,"Metal Forming, Welding and Related Trades",Skilled Trades Occupations,63750,13.5,13.05
SOC522,"Metal Machining, Fitting and Instrument Making Trades",Skilled Trades Occupations,248400,11,14.66
SOC523,Vehicle Trades,Skilled Trades Occupations,281990,9.4,13.13
SOC524,Electrical and Electronic Trades,Skilled Trades Occupations,402050,6.9,15.74
SOC525,"Skilled Metal, Electrical and Electronic Trds Sprvsrs",Skilled Trades Occupations,34030,12.9,17.45
SOC531,Construction and Building Trades,Skilled Trades Occupations,705650,11.6,13.39
SOC532,Building Finishing Trades,Skilled Trades Occupations,162630,7,12.04
SOC533,Construction and Building Trades Supervisors,Skilled Trades Occupations,49170,16,17.15
SOC541,Textiles and Garments Trades,Skilled Trades Occupations,41260,4.8,10
SOC542,Printing Trades,Skilled Trades Occupations,27280,7,11.52
SOC543,Food Preparation and Hospitality Trades,Skilled Trades Occupations,406500,13.8,9.64
SOC544,Other Skilled Trades,Skilled Trades Occupations,111880,13,11.3
SOC612,Childcare and Related Personal Services,"Caring, Leisure & Other Service Occupations",812160,18,10.24
SOC613,Animal Care and Control Services,"Caring, Leisure & Other Service Occupations",110030,24.5,10.58
SOC614,Caring Personal Services,"Caring, Leisure & Other Service Occupations",1436760,17.3,10.62
SOC621,Leisure and Travel Services,"Caring, Leisure & Other Service Occupations",152940,11.1,10.81
SOC622,Hairdressers and Related Services,"Caring, Leisure & Other Service Occupations",236610,18.8,8.91
SOC623,Housekeeping and Related Services,"Caring, Leisure & Other Service Occupations",100900,14.7,10.25
SOC624,Cleaning and Housekeeping Managers and Supervisors,"Caring, Leisure & Other Service Occupations",70170,21.2,10.29
SOC711,Sales Assistants and Retail Cashiers,Sales & Customer Service Occupations,1254800,26.4,9.67
SOC712,Sales Related Occupations,Sales & Customer Service Occupations,159610,12.2,10.46
SOC713,Sales Supervisors,Sales & Customer Service Occupations,158790,15.1,10.59
SOC721,Customer Service Occupations,Sales & Customer Service Occupations,501330,11.5,10.41
SOC722,Customer Service Managers and Supervisors,Sales & Customer Service Occupations,198300,15.5,15.02
SOC811,Process Operatives,"Process, Plant & Machine Occupations",245680,19.8,10.66
SOC812,Plant and Machine Operatives,"Process, Plant & Machine Occupations",143050,14.7,12
SOC813,Assemblers and Routine Operatives,"Process, Plant & Machine Occupations",216930,7.9,11.03
SOC814,Construction Operatives,"Process, Plant & Machine Occupations",129760,14.1,12.72
SOC821,Road Transport Drivers,"Process, Plant & Machine Occupations",864900,13.4,11.4
SOC822,Mobile Machine Drivers and Operatives,"Process, Plant & Machine Occupations",125320,16.7,12.5
SOC823,Other Drivers and Transport Operatives,"Process, Plant & Machine Occupations",71240,24.3,23
SOC911,Elementary Agricultural Occupations,Elementary Occupations,80980,20.5,10
SOC912,Elementary Construction Occupations,Elementary Occupations,139720,17.3,10.84
SOC913,Elementary Process Plant Occupations,Elementary Occupations,380980,19.8,10
SOC921,Elementary Administration Occupations,Elementary Occupations,216580,21.2,12.83
SOC923,Elementary Cleaning Occupations,Elementary Occupations,470700,23.2,9.3
SOC924,Elementary Security Occupations,Elementary Occupations,306450,22.7,10.16
SOC925,Elementary Sales Occupations,Elementary Occupations,93180,17.7,9.85
SOC926,Elementary Storage Occupations,Elementary Occupations,448720,19.3,10.5
SOC927,Other Elementary Services Occupations,Elementary Occupations,850260,22.2,8.8
A,Average,0,32041740,16,14.1
