msoacd,msoanm,msoanmhc,March 2020,April 2020,May 2020,June 2020,July 2020,August 2020,September 2020,October 2020,November 2020,December 2020,January 2021,February 2021,March 2021,April 2021,group
E02003581,Isle of Wight 001,Cowes Central,0,2,4,2,0,0,0,0,0,0,4,0,0,0,covid
E02003582,Isle of Wight 002,"Cowes West, Gurnard & Northwood",0,4,6,1,0,0,0,0,0,1,5,4,1,0,covid
E02003583,Isle of Wight 003,East Cowes & Osborne,1,0,1,0,0,0,0,0,0,2,2,3,0,0,covid
E02003584,Isle of Wight 004,Ryde Central,0,0,0,0,0,0,0,0,0,0,2,0,0,0,covid
E02003585,Isle of Wight 005,Binstead & Wootton,0,2,2,1,0,0,0,0,0,0,4,4,0,0,covid
E02003586,Isle of Wight 006,Ryde West & Havenstreet,0,1,0,0,0,0,1,0,0,0,8,6,0,0,covid
E02003587,Isle of Wight 007,Ryde South,0,3,1,0,0,0,0,0,0,1,2,2,1,0,covid
E02003588,Isle of Wight 008,Newport East & Parkhurst East,0,1,0,0,0,0,0,0,0,1,9,5,0,0,covid
E02003589,Isle of Wight 009,Newport Central & Parkhurst West,0,1,0,0,0,0,0,0,0,1,2,3,1,0,covid
E02003590,Isle of Wight 010,Bembridge & Nettlestone,0,1,3,1,0,0,0,0,0,1,1,5,4,0,covid
E02003591,Isle of Wight 011,Newport South & West,0,1,0,0,0,1,0,1,0,0,2,5,2,0,covid
E02003592,Isle of Wight 012,Yarmouth & Freshwater,1,5,10,2,0,0,0,0,3,0,2,2,0,0,covid
E02003593,Isle of Wight 013,Brighstone & Shalfleet,0,0,1,0,0,0,0,0,0,0,0,0,0,0,covid
E02003594,Isle of Wight 014,Sandown & Brading,0,2,5,0,0,0,2,0,0,0,13,6,1,1,covid
E02003595,Isle of Wight 015,Shanklin West & Newchurch,0,1,1,0,0,0,0,0,1,1,7,3,0,0,covid
E02003596,Isle of Wight 016,Shanklin Central & Lake,1,4,3,0,0,0,0,0,1,2,11,7,1,0,covid
E02003597,Isle of Wight 017,"Niton, Shorwell & Godshill",0,0,0,0,0,0,0,0,1,0,2,1,1,0,covid
E02003598,Isle of Wight 018,Ventnor & Wroxall,0,2,0,0,0,0,0,0,1,0,4,7,0,0,covid
E02003581,Isle of Wight 001,Cowes Central,6,7,7,4,9,10,9,4,10,5,9,7,11,4,noncovid
E02003582,Isle of Wight 002,"Cowes West, Gurnard & Northwood",5,6,8,6,4,5,14,7,9,13,8,8,5,4,noncovid
E02003583,Isle of Wight 003,East Cowes & Osborne,5,4,4,4,6,6,5,10,3,2,10,7,6,2,noncovid
E02003584,Isle of Wight 004,Ryde Central,2,4,7,2,4,5,8,9,9,5,7,6,6,11,noncovid
E02003585,Isle of Wight 005,Binstead & Wootton,3,7,7,6,8,10,4,10,6,10,9,5,11,14,noncovid
E02003586,Isle of Wight 006,Ryde West & Havenstreet,6,5,6,4,7,11,13,7,12,11,9,7,3,8,noncovid
E02003587,Isle of Wight 007,Ryde South,6,13,9,2,10,9,13,6,11,14,5,9,10,14,noncovid
E02003588,Isle of Wight 008,Newport East & Parkhurst East,11,7,10,12,10,7,8,4,6,8,12,10,11,9,noncovid
E02003589,Isle of Wight 009,Newport Central & Parkhurst West,11,7,9,4,5,3,4,4,6,9,3,4,5,8,noncovid
E02003590,Isle of Wight 010,Bembridge & Nettlestone,11,17,7,14,12,8,8,10,11,12,14,8,9,10,noncovid
E02003591,Isle of Wight 011,Newport South & West,11,5,4,4,9,8,10,5,6,6,13,11,17,7,noncovid
E02003592,Isle of Wight 012,Yarmouth & Freshwater,10,17,11,13,22,12,20,15,15,16,17,20,11,14,noncovid
E02003593,Isle of Wight 013,Brighstone & Shalfleet,11,6,5,6,3,5,7,3,6,4,5,6,7,7,noncovid
E02003594,Isle of Wight 014,Sandown & Brading,11,8,15,9,12,10,19,12,12,11,14,9,5,11,noncovid
E02003595,Isle of Wight 015,Shanklin West & Newchurch,12,6,5,13,5,6,10,6,10,18,6,8,9,8,noncovid
E02003596,Isle of Wight 016,Shanklin Central & Lake,7,18,8,8,15,8,23,8,14,7,8,11,12,8,noncovid
E02003597,Isle of Wight 017,"Niton, Shorwell & Godshill",7,3,2,2,3,4,4,5,5,7,7,7,6,5,noncovid
E02003598,Isle of Wight 018,Ventnor & Wroxall,8,13,11,7,6,10,12,11,5,10,13,17,11,4,noncovid
E02003581,Isle of Wight 001,Cowes Central,6,5,6,6,6,6,8,7,8,6,8,6,6,5,average
E02003582,Isle of Wight 002,"Cowes West, Gurnard & Northwood",8,9,7,6,8,7,6,7,9,9,11,10,8,9,average
E02003583,Isle of Wight 003,East Cowes & Osborne,7,5,7,7,6,5,6,4,7,8,8,6,7,5,average
E02003584,Isle of Wight 004,Ryde Central,6,6,7,8,5,7,7,7,5,6,7,7,6,6,average
E02003585,Isle of Wight 005,Binstead & Wootton,7,7,8,9,7,7,6,9,9,11,10,8,7,7,average
E02003586,Isle of Wight 006,Ryde West & Havenstreet,10,7,9,8,8,6,8,8,10,6,8,9,10,7,average
E02003587,Isle of Wight 007,Ryde South,11,6,6,7,7,8,7,8,8,8,7,7,11,6,average
E02003588,Isle of Wight 008,Newport East & Parkhurst East,13,8,8,10,9,8,9,10,10,9,10,10,13,8,average
E02003589,Isle of Wight 009,Newport Central & Parkhurst West,8,6,7,5,4,5,4,5,7,4,6,6,8,6,average
E02003590,Isle of Wight 010,Bembridge & Nettlestone,12,10,13,7,11,8,9,10,14,13,12,13,12,10,average
E02003591,Isle of Wight 011,Newport South & West,10,10,8,6,6,5,7,8,6,8,12,7,10,10,average
E02003592,Isle of Wight 012,Yarmouth & Freshwater,16,13,13,12,14,14,11,14,14,18,18,15,16,13,average
E02003593,Isle of Wight 013,Brighstone & Shalfleet,7,4,5,5,4,4,5,4,6,6,5,6,7,4,average
E02003594,Isle of Wight 014,Sandown & Brading,11,12,12,11,10,10,11,12,11,13,15,13,11,12,average
E02003595,Isle of Wight 015,Shanklin West & Newchurch,8,7,8,8,7,9,9,10,9,8,9,8,8,7,average
E02003596,Isle of Wight 016,Shanklin Central & Lake,14,11,9,9,11,9,11,10,10,10,17,12,14,11,average
E02003597,Isle of Wight 017,"Niton, Shorwell & Godshill",5,5,6,4,7,5,4,6,3,3,7,5,5,5,average
E02003598,Isle of Wight 018,Ventnor & Wroxall,8,11,9,7,8,9,10,7,9,8,12,9,8,11,average
