date,output,trend
2000 01,87.8,87.8
2000 04,87.3,87.3
2000 07,87.3,87.3
2000 10,86.6,86.6
2001 01,87.9,87.9
2001 04,87.9,87.9
2001 07,88.5,88.5
2001 10,88.9,88.9
2002 01,89.4,89.4
2002 04,90.5,90.5
2002 07,90.5,90.5
2002 10,91.1,91.1
2003 01,91.9,91.9
2003 04,92.6,92.6
2003 07,93.2,93.2
2003 10,94.4,94.4
2004 01,93.9,93.9
2004 04,94.7,94.7
2004 07,94.5,94.5
2004 10,93.6,93.6
2005 01,94.4,94.4
2005 04,95.7,95.7
2005 07,96.3,96.3
2005 10,97.9,97.9
2006 01,97.8,97.8
2006 04,97.9,97.9
2006 07,97.9,97.9
2006 10,97.9,97.9
2007 01,98.7,98.7
2007 04,98.8,98.8
2007 07,99.2,99.2
2007 10,100,100
2008 01,100.5,99.2
2008 04,101,99.7
2008 07,101.5,98.2
2008 10,102,96.6
2009 01,102.5,96.6
2009 04,103,96.7
2009 07,103.5,97.3
2009 10,104,97.4
2010 01,104.5,98.1
2010 04,105,98.2
2010 07,105.5,98.4
2010 10,106.1,98.3
2011 01,106.6,98.7
2011 04,107.1,99.7
2011 07,107.6,99.3
2011 10,108.2,99
2012 01,108.7,99.2
2012 04,109.2,98.4
2012 07,109.8,98.6
2012 10,110.3,98.1
2013 01,110.8,98.3
2013 04,111.4,98.3
2013 07,111.9,97.8
2013 10,112.5,98.3
2014 01,113,98.5
2014 04,113.6,98.5
2014 07,114.2,99
2014 10,114.7,99.6
2015 01,115.3,99.6
2015 04,115.8,100.3
2015 07,116.4,100.3
2015 10,117,99.3
2016 01,117.6,99.8
2016 04,118.1,100
2016 07,118.7,100.2
2016 10,119.3,100.7
2017 01,119.9,100.3
2017 04,120.5,100.1
2017 07,121.1,101
