date,Transport,"Housing (net), fuel & power",Recreation & culture,Food & non-alcoholic drinks,Restaurants & hotels,Miscellaneous goods & services,Household goods & services,Clothing & footwear,Communication,"Alcoholic drinks, tobacco & narcotics",Education,Health
2001,62,62,62,62,62,62,62,62,62,62,62,62
2002,63.5,63.5,63.5,63.5,63.5,63.5,63.5,63.5,63.5,63.5,63.5,63.5
2003,63.5,63.5,63.5,63.5,63.5,63.5,63.5,63.5,63.5,63.5,63.5,63.5
2004,65.1,65.1,65.1,65.1,65.1,65.1,65.1,65.1,65.1,65.1,65.1,65.1
2005,65,65,65,65,65,65,65,65,65,65,65,65
2006,64.9,64.9,64.9,64.9,64.9,64.9,64.9,64.9,64.9,64.9,64.9,64.9
2007,64.5,64.5,64.5,64.5,64.5,64.5,64.5,64.5,64.5,64.5,64.5,64.5
2008,62.3,62.3,62.3,62.3,62.3,62.3,62.3,62.3,62.3,62.3,62.3,62.3
2009,60.8,60.8,60.8,60.8,60.8,60.8,60.8,60.8,60.8,60.8,60.8,60.8
2010,60,60,60,60,60,60,60,60,60,60,60,60
2011,58.6,58.6,58.6,58.6,58.6,58.6,58.6,58.6,58.6,58.6,58.6,58.6
2012,58.8,58.8,58.8,58.8,58.8,58.8,58.8,58.8,58.8,58.8,58.8,58.8
2013,58.7,58.7,58.7,58.7,58.7,58.7,58.7,58.7,58.7,58.7,58.7,58.7
2014,58.8,58.8,58.8,58.8,58.8,58.8,58.8,58.8,58.8,58.8,58.8,58.8
