"publication_date","year","week_num","date","num_uk","num_england_wales","exp_england_wales","num_england","num_wales","exp_england","exp_wales","covid_due_to","covid_with","flu_due_to","flu_with"
2026-10-07,2024,39,2024-09-27,11516,10097,11299.9415,9438,634,10582.8977,696.3633,97,148,350,1361
2026-10-07,2024,40,2024-10-04,11827,10390,11562.9287,9750,623,10802.3433,738.899,126,182,306,1292
2026-10-07,2024,41,2024-10-11,12200,10684,11880.0552,9945,715,11125.576,731.8226,154,220,338,1425
2026-10-07,2024,42,2024-10-18,12371,10783,12077.9334,10073,684,11330.7921,727.5631,175,254,343,1554
2026-10-07,2024,43,2024-10-25,12528,11014,11857.2584,10327,657,11102.3514,737.1539,192,290,416,1623
2026-10-07,2024,44,2024-11-01,12199,10645,12266.5676,9989,627,11480.3895,764.6965,186,271,348,1578
2026-10-07,2024,45,2024-11-08,12647,11131,12551.8047,10424,682,11758.0765,767.2033,156,241,399,1658
2026-10-07,2024,46,2024-11-15,12592,11045,12489.8628,10310,710,11701.6419,762.7178,128,191,387,1600
2026-10-07,2024,47,2024-11-22,12387,10933,12367.7543,10276,633,11585.2936,760.718,103,142,410,1533
2026-10-07,2024,48,2024-11-29,12629,11010,12366.9327,10344,641,11572.9366,772.2997,80,118,445,1585
2026-10-07,2024,49,2024-12-06,13100,11508,12495.8962,10782,703,11688.5758,780.6685,80,125,530,1774
2026-10-07,2024,50,2024-12-13,13633,11949,13071.8962,11229,696,12248.6541,801.3835,88,139,533,1846
2026-10-07,2024,51,2024-12-20,14425,12635,14339.3004,11814,791,13403.1291,905.9332,99,138,661,2086
2026-10-07,2024,52,2024-12-27,8299,7151,8960.4182,6721,412,8360.2093,582.4825,41,65,441,1253
2026-10-07,2025,1,2025-01-03,12407,10866,13931.7613,10214,621,13027.352,876.8281,66,100,782,2063
2026-10-07,2025,2,2025-01-10,16900,14415,15782.4759,13569,816,14736.3928,1012.2156,86,142,1165,2941
2026-10-07,2025,3,2025-01-17,16629,14679,14635.8081,13740,915,13746.9724,860.5366,99,139,1226,3088
2026-10-07,2025,4,2025-01-24,15643,13960,13747.0156,13062,866,12930.9801,792.0345,66,93,988,2642
2026-10-07,2025,5,2025-01-31,15430,13712,13312.8237,12796,888,12488.9436,799.6683,81,118,947,2597
2026-10-07,2025,6,2025-02-07,14743,13020,12837.9773,12144,860,12043.1215,771.3391,71,110,811,2383
2026-10-07,2025,7,2025-02-14,13969,12367,12398.9592,11560,789,11609.4391,764.3454,54,94,690,2047
2026-10-07,2025,8,2025-02-21,13243,11607,12318.177,10774,810,11556.3569,737.5066,53,80,613,1953
2026-10-07,2025,9,2025-02-28,13518,11907,12403.6794,11188,700,11629.3046,754.9236,53,81,634,1972
2026-10-07,2025,10,2025-03-07,13594,12006,12164.8099,11260,717,11392.3054,747.1824,63,93,626,1954
2026-10-07,2025,11,2025-03-14,13403,11747,12085.9229,10938,793,11316.4017,748.1397,46,72,612,1901
2026-10-07,2025,12,2025-03-21,13026,11555,11867.6704,10780,759,11083.6422,761.2442,49,75,531,1757
2026-10-07,2025,13,2025-03-28,12750,11243,10858.2332,10461,763,10152.4913,686.2255,63,93,460,1636
2026-10-07,2025,14,2025-04-04,12934,11448,10588.9254,10704,722,9909.4805,662.7261,62,95,506,1665
2026-10-07,2025,15,2025-04-11,12446,11002,11451.7318,10198,778,10740.6215,687.8344,58,84,459,1650
2026-10-07,2025,16,2025-04-18,10749,9362,12030.3715,8662,681,11249.1794,757.9336,42,59,347,1305
2026-10-07,2025,17,2025-04-25,10807,9394,12161.5435,8785,596,11385.2169,753.8026,47,70,385,1386
2026-10-07,2025,18,2025-05-02,14080,12488,10511.6858,11678,788,9831.1627,659.6543,73,108,487,1817
2026-10-07,2025,19,2025-05-09,11059,9769,11300.0379,9141,615,10600.2459,676.9532,50,83,402,1428
2026-10-07,2025,20,2025-05-16,13035,11537,11853.1527,10812,708,11108.3704,722.8426,54,80,385,1576
2026-10-07,2025,21,2025-05-23,12686,11257,11384.4567,10560,678,10655.5788,703.1094,53,77,374,1483
2026-10-07,2025,22,2025-05-30,9991,8638,8609.1494,8070,556,8052.9647,534.9759,56,78,297,1148
2026-10-07,2025,23,2025-06-06,12545,11055,11830.0293,10299,732,11078.1485,729.3107,56,85,382,1488
2026-10-07,2025,24,2025-06-13,12415,10905,11156.3175,10226,655,10451.2094,680.7367,50,77,323,1411
2026-10-07,2025,25,2025-06-20,11832,10410,10811.776,9751,639,10115.2397,677.9374,43,67,332,1352
2026-10-07,2025,26,2025-06-27,11513,10080,10668.2607,9480,579,9988.1734,657.0475,52,76,295,1274
2026-10-07,2025,27,2025-07-04,11344,10022,10681.5852,9363,638,9981.588,675.0208,40,56,309,1228
2026-10-07,2025,28,2025-07-11,11502,10156,10745.6904,9457,675,10060.3838,658.4969,40,64,309,1219
2026-10-07,2025,29,2025-07-18,11352,9936,10719.9053,9267,649,10028.3387,665.9981,43,71,278,1196
2026-10-07,2025,30,2025-07-25,11227,9813,10818.279,9188,606,10114.216,678.2942,36,54,232,1135
2026-10-07,2025,31,2025-08-01,11292,9923,10843.7292,9270,626,10144.4654,673.0471,28,50,252,1146
2026-10-07,2025,32,2025-08-08,10891,9567,10741.8808,8959,578,10058.4291,655.0822,33,50,250,1080
2026-10-07,2025,33,2025-08-15,10835,9431,10849.8652,8791,618,10146.6887,675.6317,33,51,253,1116
2026-10-07,2025,34,2025-08-22,11517,10055,10923.0091,9406,625,10210.0846,681.3435,31,56,266,1220
2026-10-07,2025,35,2025-08-29,9667,8278,9274.2965,7697,552,8662.6077,584.6308,44,64,234,969
2026-10-07,2025,36,2025-09-05,11802,10396,10685.8372,9762,611,10003.1922,652.8882,59,91,261,1165
2026-10-07,2025,37,2025-09-12,11317,9888,11073.2459,9244,621,10382.4725,663.7036,66,86,277,1172
2026-10-07,2025,38,2025-09-19,11175,9760,10442.996,9071,657,9772.5437,640.2172,66,96,282,1186
2026-10-07,2025,39,2025-09-26,11384,10014,10944.351,9340,653,10239.9116,675.9876,57,97,290,1187
2026-10-07,2025,40,2025-10-03,11789,10325,11201.4268,9656,633,10458.214,716.4167,75,112,289,1212
2026-10-07,2025,41,2025-10-10,12096,10613,11525.7871,9911,668,10768.3566,729.9549,100,164,305,1348
2026-10-07,2025,42,2025-10-17,12382,10875,11698.7677,10176,679,10959.2018,713.1763,112,175,324,1371
2026-10-07,2025,43,2025-10-24,12269,10856,11576.0709,10185,644,10843.2121,707.7949,110,168,346,1410
2026-10-07,2025,44,2025-10-31,12057,10586,11848.9621,9954,610,11086.6972,733.5964,84,141,369,1416
2026-10-07,2025,45,2025-11-07,12833,11295,12126.7765,10605,665,11349.9419,746.2567,107,155,374,1581
2026-10-07,2025,46,2025-11-14,13067,11479,12050.9675,10748,702,11276.2966,743.5262,96,141,437,1637
2026-10-07,2025,47,2025-11-21,12793,11180,11848.7592,10461,689,11104.3091,715.9274,80,115,421,1531
2026-10-07,2025,48,2025-11-28,12759,11163,11848.9216,10447,690,11091.2874,730.5576,60,90,435,1524
2026-10-07,2025,49,2025-12-05,13003,11376,12143.4193,10719,634,11367.124,744.2172,40,70,489,1608
2026-10-07,2025,50,2025-12-12,13466,11654,12717.7247,10982,651,11918.941,771.3889,40,59,546,1732
2026-10-07,2025,51,2025-12-19,14124,12300,13905.4403,11503,773,12989.7096,878.564,48,71,692,2017
2026-10-07,2025,52,2025-12-26,8635,7404,8477.2483,6907,481,7916.1404,538.8146,21,30,447,1242
2026-10-07,2026,1,2026-01-02,11147,9775,12982.2517,9165,587,12148.0543,800.6552,29,46,591,1625
2026-10-07,2026,2,2026-01-09,16337,14041,15237.7511,13183,825,14253.312,946.8112,37,55,879,2409
2026-10-07,2026,3,2026-01-16,16116,14313,14518.1425,13421,863,13612.6939,872.6235,39,63,861,2473
2026-10-07,2026,4,2026-01-23,15540,13675,13774.0232,12859,796,12936.3295,806.2566,39,60,755,2293
2026-10-07,2026,5,2026-01-30,15008,13313,13358.4491,12439,841,12508.9638,817.9004,31,43,656,2117
2026-10-07,2026,6,2026-02-06,14315,12550,12863.5313,11803,729,12044.1379,793.5465,28,47,556,1931
2026-10-07,2026,7,2026-02-13,13947,12272,12264.6119,11489,759,11479.2079,757.677,32,48,551,1804
2026-10-07,2026,8,2026-02-20,13315,11744,11996.8091,10954,771,11218.7776,750.7973,31,47,501,1741
2026-10-07,2026,9,2026-02-27,13212,11561,12093.9394,10833,709,11326.4885,742.6117,22,38,429,1586
2026-10-07,2026,10,2026-03-06,13122,11511,11867.9442,10796,702,11098.0081,737.1574,19,31,463,1580
2026-10-07,2026,11,2026-03-13,12962,11376,11720.3222,10670,691,10945.4079,748.9981,18,31,433,1579
2026-10-07,2026,12,2026-03-20,12387,10947,11552.6504,10249,682,10778.877,747.2266,20,32,389,1478
2026-10-07,2026,13,2026-03-27,12175,10600,10467.5558,9993,597,9763.2723,679.3793,14,27,351,1334
2026-10-07,2026,14,2026-04-03,10568,9205,10644.4376,8580,617,9947.3336,674.2869,12,18,324,1165
2026-10-07,2026,15,2026-04-10,10523,9118,11201.7531,8505,592,10467.425,705.6215,15,27,331,1211
2026-10-07,2026,16,2026-04-17,13585,11947,11288.0385,11169,755,10520.9281,740.763,13,24,378,1517
2026-10-07,2026,17,2026-04-24,13277,11717,11370.5617,10944,752,10628.8785,717.5855,18,25,395,1520
2026-10-07,2026,18,2026-05-01,13006,11511,10739.8244,10818,682,10031.1318,683.9597,12,26,376,1431
2026-10-07,2026,19,2026-05-08,10229,8904,10786.7394,8373,520,10101.0018,661.79,10,17,269,1060
2026-10-07,2026,20,2026-05-15,12463,10985,11583.6368,10330,633,10842.0269,716.8325,8,17,347,1362
2026-10-07,2026,21,2026-05-22,12342,10887,11158.55,10200,656,10435.4708,694.9965,5,11,351,1365
2026-10-07,2026,22,2026-05-29,10043,8640,8455.6308,8067,552,7896.2863,536.9609,8,12,268,1095
2026-10-07,2026,23,2026-06-05,12919,11505,11384.3755,10849,624,10639.5294,717.8193,13,19,380,1404
2026-10-07,2026,24,2026-06-12,12630,11180,10870.1766,10469,690,10162.0332,679.419,6,11,345,1324
2026-10-07,2026,25,2026-06-19,11752,10442,10559.2292,9762,662,9871.6446,664.088,4,6,271,1202
2026-10-07,2026,26,2026-06-26,11086,9676,10403.8023,9089,563,9734.0197,643.02,4,8,271,1134
2026-10-07,2026,27,2026-07-03,11487,10102,10361.127,9466,614,9668.702,665.3163,4,9,262,1208
2026-10-07,2026,28,2026-07-10,12362,10937,10519.4655,10199,722,9831.446,659.2296,1,3,301,1298
2026-10-07,2026,29,2026-07-17,11677,10457,10412.3644,9751,684,9719.7971,665.1129,5,10,279,1200
2026-10-07,2026,30,2026-07-24,11600,10243,10452.5025,9596,620,9760.6573,664.2931,10,13,259,1171
2026-10-07,2026,31,2026-07-31,11240,9889,10468.1464,9213,659,9772.3395,667.4835,4,9,213,1006
2026-10-07,2026,32,2026-08-07,11317,9930,10286.8029,9325,584,9623.2559,633.0918,8,11,250,1047
2026-10-07,2026,33,2026-08-14,11216,9813,10267.8172,9163,627,9588.306,650.5171,2,8,236,1066
2026-10-07,2026,34,2026-08-21,11150,9744,10427.3835,9114,603,9732.9209,663.0246,6,9,240,1066
2026-10-07,2026,35,2026-08-28,11422,10088,8646.4851,9450,615,8062.3049,556.1624,8,10,248,1085
2026-10-07,2026,36,2026-09-04,9441,8093,10649.7289,7557,512,9967.5037,652.9924,4,5,206,830
2026-10-07,2026,37,2026-09-11,11782,10323,10493.5602,9643,657,9819.0168,647.972,16,20,255,1051
2026-10-07,2026,38,2026-09-18,11478,10047,9936.8826,9442,587,9266.4523,639.9021,15,20,271,1094
2026-10-07,2026,39,2026-09-25,11200,9763,10444.204,9102,631,9756.4725,660.7266,16,28,251,1039
