Age (years),Median Commute Time (mins),Median Hourly earnings (£),Gender
16,11.97,5.391003818,Female
17,12.6,5.788303732,Female
18,13.52,6.830626213,Female
19,14.55,7.2,Female
20,15.68,7.540632961,Female
21,16.7,7.959031716,Female
22,18.33,8.459774066,Female
23,19.57,9.163799378,Female
24,20.63,9.854964658,Female
25,21.68,10.44254422,Female
26,21.63,10.87726552,Female
27,21.83,11.50267235,Female
28,21.9,11.83710117,Female
29,21.87,12.15627565,Female
30,21.83,12.47057478,Female
31,21.92,12.74245926,Female
32,21.55,12.91903049,Female
33,21.17338073,13.16576011,Female
34,21.23,13.35856703,Female
35,20.87,13.28639454,Female
36,20.53496997,13.33225539,Female
37,20.17,13.33815553,Female
38,19.67,13.15611639,Female
39,18.98,12.86027901,Female
40,18.92434226,12.75783032,Female
41,18.63459411,12.51973909,Female
42,18.3,12.33790053,Female
43,17.87,12.18308969,Female
44,17.67847745,12.05214682,Female
45,17.78,12.00034179,Female
46,17.37370462,11.85609794,Female
47,17.37,11.8560671,Female
48,17.25,11.77273546,Female
49,17.08,11.69243275,Female
50,17.22,11.87683156,Female
51,17.05,11.77777623,Female
52,17.18,11.72089255,Female
53,17.12,11.64529232,Female
54,16.88,11.51800965,Female
55,16.6370878,11.47861616,Female
56,16.4249014,11.41594884,Female
57,16.15,11.26848761,Female
58,16.12,11.14601131,Female
59,15.97905509,10.93897317,Female
60,15.63,10.66663463,Female
61,15.74062214,10.64337483,Female
62,15.49375979,10.50950016,Female
63,15.23,10.41477815,Female
64,15.07,10.22354159,Female
16,12.67906026,5.410125493,Male
17,12.98901653,5.784999099,Male
18,14.45,6.86864062,Male
19,15.83,7.358141134,Male
20,17.07,7.799003416,Male
21,18.48,8.353702568,Male
22,19.49970007,8.93780962,Male
23,20.87,9.612533038,Male
24,21.98026011,10.31973046,Male
25,22.88,11.03818198,Male
26,22.88,11.52355706,Male
27,23.53,12.08324056,Male
28,23.77010518,12.61029506,Male
29,24.67693479,13.08129733,Male
30,24.4261761,13.59049536,Male
31,25.05,14.0323283,Male
32,25.15,14.45768198,Male
33,25.23,14.80330617,Male
34,25.3,15.09660042,Male
35,25.47,15.47346537,Male
36,25.23,15.90449298,Male
37,25.27,16.02358423,Male
38,25.23,16.32835625,Male
39,25.5,16.57585281,Male
40,25.45,16.61612028,Male
41,25.42,16.5563023,Male
42,25.59300986,16.5330994,Male
43,25.6,16.50962911,Male
44,25.32,16.60823375,Male
45,25.43143728,16.53558715,Male
46,25.37,16.58802816,Male
47,25.17,16.57536805,Male
48,24.95,16.45608448,Male
49,24.9,16.41241231,Male
50,25.03,16.30480006,Male
51,24.64804008,16.26835936,Male
52,24.32,16.22363762,Male
53,23.93496847,16.04255586,Male
54,23.7,16.0599458,Male
55,23.93577782,15.86501771,Male
56,23.7,15.53343283,Male
57,23.37,15.23620548,Male
58,23.18,15.00760256,Male
59,22.43,14.73041712,Male
60,22.48,14.18630281,Male
61,22.31918035,13.65890085,Male
62,21.92,13.28930896,Male
63,22.04630984,13.18676417,Male
64,21.37,12.90445175,Male
