xcategory,ycategory,amount
None of the above,0 - 9,65.5
Has a climate change strategy,0 - 9,2.1
Monitors nature or biodiversity-related risks,0 - 9,2.6
Monitors climate-related risks,0 - 9,5.6
Has a net zero or greenhouse gas emissions target,0 - 9,2.1
None of the above,0 - 49,52.4
Has a climate change strategy,0 - 49,5.4
Monitors nature or biodiversity-related risks,0 - 49,2.3
Monitors climate-related risks,0 - 49,5.8
Has a net zero or greenhouse gas emissions target,0 - 49,4.5
None of the above,50 - 99,38.9
Has a climate change strategy,50 - 99,11.5
Monitors nature or biodiversity-related risks,50 - 99,2.7
Monitors climate-related risks,50 - 99,7.2
Has a net zero or greenhouse gas emissions target,50 - 99,9
None of the above,100 -249,29.3
Has a climate change strategy,100 -249,16.2
Monitors nature or biodiversity-related risks,100 -249,3.2
Monitors climate-related risks,100 -249,9.5
Has a net zero or greenhouse gas emissions target,100 -249,13.2
None of the above,250 +,17.8
Has a climate change strategy,250 +,26.7
Monitors nature or biodiversity-related risks,250 +,3.7
Monitors climate-related risks,250 +,12.1
Has a net zero or greenhouse gas emissions target,250 +,21.8
None of the above,All businesses,63.8
Has a climate change strategy,All businesses,2.7
Monitors nature or biodiversity-related risks,All businesses,2.6
Monitors climate-related risks,All businesses,5.6
Has a net zero or greenhouse gas emissions target,All businesses,2.5
