name,value
Manufacturing,1.8320005692
Transportation and storage,1.7590068625
Construction,1.2073102466
Education,1.1469215293
Wholesale and retail trade;  repair of motor vehicles  and motorcycles,1.1289810298
Real estate activities,0.9977166478
Human health and social  work activities,0.9418531666
Other service activities,0.9353884431
Administrative and support  service activities,0.9301934464
"Water supply; sewerage,  waste management and  remediation activities",0.8877322561
"Arts, entertainment and  recreation",0.8321947403
Accommodation and food  service activities,0.7170341942
Public administration and  defence; compulsory social  security,0.7078303097
Information and  communication,0.6109022644
"Professional, scientific and  technical activities",0.5314539596
Financial and insurance  activities,0.2396350734
