date,Euros
31-Aug-12,136.20362
30-Sep-12,134.57038
31-Oct-12,133.162785
30-Nov-12,133.6678
31-Dec-12,132.27095
31-Jan-13,128.94
28-Feb-13,124.57753
31-Mar-13,125.00733
30-Apr-13,129.42625
31-May-13,129.723655
30-Jun-13,129.3161
31-Jul-13,127.774
31-Aug-13,128.313735
30-Sep-13,130.891245
31-Oct-13,129.943955
30-Nov-13,131.49707
31-Dec-13,131.596205
31-Jan-14,133.248455
28-Feb-14,133.52383
31-Mar-14,132.411315
30-Apr-14,137.13375
31-May-14,138.73977
30-Jun-14,140.65116
31-Jul-14,142.63041
31-Aug-14,141.85002
30-Sep-14,142.94709
31-Oct-14,143.38818
30-Nov-14,143.02626
31-Dec-14,143.47866
31-Jan-15,147.53895
28-Feb-15,152.71893
31-Mar-15,156.36075
30-Apr-15,160.66032
31-May-15,160.61394
30-Jun-15,160.927005
31-Jul-15,163.941705
31-Aug-15,162.37638
30-Sep-15,158.445675
31-Oct-15,158.352915
30-Nov-15,164.27796
31-Dec-15,159.651555
31-Jan-16,153.714915
29-Feb-16,149.45955
31-Mar-16,148.520355
30-Apr-16,150.58046
31-May-16,153.25278
30-Jun-16,150.86678
31-Jul-16,141.77612
31-Aug-16,139.42591
30-Sep-16,139.84346
31-Oct-16,133.4967
30-Nov-16,137.58869
31-Dec-16,141.22734
31-Jan-17,138.54309
28-Feb-17,139.96276
31-Mar-17,137.76764
30-Apr-17,144.28954
31-May-17,143.04208
30-Jun-17,139.45869
31-Jul-17,137.96663
