date,<10,10,11,12,13,14,15,16,17,18,19,20,21,22,23,24,25,26,27,28,29,30,31,32,33,34,35,36,37,38,39,40,41,42,43,44,45,46,47,48,49,50,51,52,53,54,55,56,57,58,59,60,61,62,63,64,65,66,67,68,69,70,71,72,73,74,75,76,77,78,79,80,81,82,83,84,85,86,87,88,89,90+
2001,0,0,0,0,0,0,0,1,0,4,5,2,1,5,3,5,6,1,15,8,18,18,25,26,34,43,36,45,59,69,77,96,81,95,115,111,120,106,144,149,123,173,144,133,154,168,147,125,132,106,112,101,114,100,70,89,78,73,55,69,57,49,35,50,32,41,38,39,27,28,20,16,18,10,10,4,8,8,2,3,6,5
2002,2,0,0,0,0,0,0,0,0,1,0,1,3,7,3,1,8,7,10,11,15,21,23,23,33,41,43,41,55,72,72,91,99,100,108,104,103,116,139,151,149,148,151,148,132,143,162,130,122,116,103,109,110,93,102,92,92,92,90,57,60,60,68,34,39,39,34,34,35,19,15,27,15,20,6,5,7,4,3,5,4,9
2003,1,0,0,1,0,0,0,2,1,1,2,2,2,3,3,5,4,3,7,18,20,20,28,29,37,29,47,44,73,91,87,93,92,102,102,119,110,136,143,141,156,157,148,149,160,146,161,175,156,127,131,131,113,111,102,93,123,83,91,80,50,57,62,51,40,40,40,30,27,29,22,15,14,17,9,7,5,5,4,4,2,5
2004,0,0,0,0,0,0,0,0,0,1,0,3,0,2,3,4,3,11,7,14,15,16,30,18,31,39,58,74,44,72,76,83,87,120,111,131,118,154,132,146,155,156,165,157,157,154,140,171,186,100,153,142,132,116,88,113,102,79,75,86,78,80,51,58,56,58,37,35,23,28,17,18,13,17,11,13,9,8,3,3,1,4
2005,0,0,0,0,0,0,0,0,0,4,4,1,3,1,8,5,6,10,9,9,9,19,17,21,40,39,41,60,65,63,79,86,89,96,122,117,151,129,173,155,165,153,168,183,159,178,167,148,188,186,159,149,138,135,105,102,98,97,85,61,73,73,43,55,54,41,34,41,31,21,15,21,16,17,10,11,16,5,5,2,5,7
2006,0,0,0,0,0,0,0,0,1,1,1,1,0,5,1,4,9,10,14,17,17,17,21,27,28,36,61,60,64,68,96,100,108,106,131,144,146,152,167,158,168,173,161,171,173,155,174,176,189,151,183,159,159,135,113,111,93,109,96,87,68,57,59,64,53,49,39,39,32,28,19,20,19,12,10,11,4,7,7,0,3,4
2007,1,0,0,0,0,0,0,0,0,0,0,2,3,2,3,3,9,5,11,20,16,25,35,22,27,43,57,58,58,66,78,103,95,126,148,144,135,155,123,169,153,179,177,148,190,191,199,176,158,170,174,204,160,133,148,129,118,90,101,91,85,70,56,54,51,35,36,42,27,16,20,17,15,24,16,10,10,7,7,3,3,5
2008,0,0,0,0,0,0,0,0,0,2,1,4,3,10,5,4,6,9,13,15,9,17,29,28,47,54,68,64,62,82,81,113,99,134,137,140,150,165,162,147,159,187,206,185,187,199,201,158,196,165,191,192,188,159,153,111,151,99,71,103,87,87,80,55,55,54,47,37,29,24,26,12,15,10,9,8,6,7,9,1,3,6
2009,0,0,0,0,0,0,1,1,0,0,1,0,5,3,5,3,10,11,10,16,21,27,28,29,32,41,54,56,63,82,93,115,118,147,133,145,175,140,160,166,149,170,154,170,158,167,177,160,175,157,151,194,171,168,141,122,117,106,81,85,92,56,48,44,45,51,42,40,39,35,22,19,14,15,8,9,8,9,7,6,3,5
2010,0,0,0,0,0,0,0,0,1,2,3,2,2,4,2,6,7,8,13,15,16,24,29,36,42,43,50,61,65,86,83,105,121,115,122,147,155,158,171,166,160,153,174,169,164,175,199,183,174,171,161,187,153,155,188,133,139,136,90,95,77,73,62,53,49,39,32,31,31,26,29,25,14,14,4,10,9,11,2,9,1,6
2011,0,0,0,0,0,0,0,0,1,0,0,0,3,5,3,2,4,15,16,21,18,27,32,32,43,40,41,61,69,70,80,97,108,136,133,153,154,178,150,157,184,157,190,167,194,183,174,193,182,170,160,171,180,170,175,152,118,120,100,98,98,76,83,64,61,47,49,34,32,28,30,25,20,18,12,11,8,9,4,5,3,12
2012,0,0,0,0,0,0,0,0,0,0,0,2,0,3,3,2,8,7,15,10,11,21,20,46,32,36,33,51,46,71,67,105,92,109,123,124,154,127,170,173,175,149,164,155,169,167,173,170,160,174,153,149,164,148,150,130,164,123,138,105,92,64,69,74,51,32,51,45,38,28,34,20,24,24,15,9,9,8,6,9,5,9
2013,0,0,0,0,0,0,0,1,0,0,1,1,5,0,0,2,8,6,12,11,13,21,22,33,30,38,43,51,56,72,87,84,98,126,108,139,150,142,150,170,164,160,186,162,185,169,159,177,189,182,171,171,165,172,156,156,176,124,123,101,103,73,61,58,40,38,33,50,29,32,26,19,17,23,12,7,6,7,2,3,7,9
2014,0,0,0,0,0,0,0,2,0,1,1,2,0,1,1,5,2,6,8,14,17,22,21,17,40,49,48,45,59,66,74,79,103,87,121,125,166,144,170,173,171,178,180,169,196,175,187,175,170,157,174,162,183,160,156,149,151,147,178,123,75,96,89,74,51,45,44,40,36,26,31,24,18,9,24,11,9,8,5,5,6,11
2015,0,0,0,0,0,0,0,0,0,0,0,2,0,3,1,1,5,7,7,11,11,16,19,35,25,42,48,55,55,66,65,82,81,112,114,111,129,150,151,159,169,172,174,172,175,184,184,172,177,170,183,147,161,150,174,160,138,165,145,136,110,104,98,66,53,52,46,48,33,38,25,31,22,15,15,11,8,10,4,2,10,7
2016,1,0,0,0,0,0,0,0,0,0,0,1,3,1,3,3,6,7,12,10,14,18,29,35,40,45,42,48,54,54,67,68,93,106,105,132,134,145,155,162,180,177,177,184,196,197,181,173,179,183,172,177,166,149,168,162,145,152,134,127,149,110,92,76,81,55,57,51,35,46,29,31,22,16,19,17,12,9,6,6,4,4
2017,0,0,0,0,0,0,0,0,0,0,1,0,2,2,2,3,6,11,8,12,18,17,27,31,38,38,40,52,68,63,61,94,105,98,120,107,138,158,179,172,191,191,170,200,184,216,222,187,185,199,192,192,176,159,152,187,145,159,149,146,134,135,84,93,84,66,63,63,45,60,25,29,20,26,14,14,14,9,4,7,3,9
