date,category,chiffre
20/03/2020,Private home,44
27/03/2020,Private home,42
03/04/2020,Private home,106
10/04/2020,Private home,83
17/04/2020,Private home,151
24/04/2020,Private home,141
01/05/2020,Private home,113
08/05/2020,Private home,42
15/05/2020,Private home,58
22/05/2020,Private home,71
29/05/2020,Private home,62
05/06/2020,Private home,79
12/06/2020,Private home,43
19/06/2020,Private home,85
26/06/2020,Private home,34
03/07/2020,Private home,43
10/07/2020,Private home,60
17/07/2020,Private home,63
24/07/2020,Private home,66
31/07/2020,Private home,7
07/08/2020,Private home,41
14/08/2020,Private home,60
21/08/2020,Private home,56
28/08/2020,Private home,41
04/09/2020,Private home,-6
11/09/2020,Private home,59
20/03/2020,Care home,-15
27/03/2020,Care home,28
03/04/2020,Care home,68
10/04/2020,Care home,114
17/04/2020,Care home,197
24/04/2020,Care home,217
01/05/2020,Care home,165
08/05/2020,Care home,101
15/05/2020,Care home,84
22/05/2020,Care home,55
29/05/2020,Care home,37
05/06/2020,Care home,23
12/06/2020,Care home,19
19/06/2020,Care home,9
26/06/2020,Care home,-3
03/07/2020,Care home,15
10/07/2020,Care home,4
17/07/2020,Care home,8
24/07/2020,Care home,4
31/07/2020,Care home,0
07/08/2020,Care home,4
14/08/2020,Care home,20
21/08/2020,Care home,-7
28/08/2020,Care home,2
04/09/2020,Care home,-14
11/09/2020,Care home,-14
20/03/2020,Hospital,-9
27/03/2020,Hospital,-13
03/04/2020,Hospital,68
10/04/2020,Hospital,64
17/04/2020,Hospital,148
24/04/2020,Hospital,101
01/05/2020,Hospital,34
08/05/2020,Hospital,-58
15/05/2020,Hospital,2
22/05/2020,Hospital,-34
29/05/2020,Hospital,-51
05/06/2020,Hospital,-6
12/06/2020,Hospital,-74
19/06/2020,Hospital,-50
26/06/2020,Hospital,-42
03/07/2020,Hospital,-23
10/07/2020,Hospital,-64
17/07/2020,Hospital,-79
24/07/2020,Hospital,-68
31/07/2020,Hospital,-44
07/08/2020,Hospital,-51
14/08/2020,Hospital,-14
21/08/2020,Hospital,-29
28/08/2020,Hospital,2
04/09/2020,Hospital,-42
11/09/2020,Hospital,-39
