date,Inflation rate
Jan-89,4.9
Feb-89,5
Mar-89,5
Apr-89,5.3
May-89,5.3
Jun-89,5.2
Jul-89,5.2
Aug-89,5
Sep-89,5.2
Oct-89,5.5
Nov-89,5.5
Dec-89,5.5
Jan-90,5.7
Feb-90,5.9
Mar-90,6
Apr-90,6.4
May-90,6.8
Jun-90,6.9
Jul-90,6.8
Aug-90,7.7
Sep-90,8.1
Oct-90,8.1
Nov-90,7.8
Dec-90,7.6
Jan-91,7.1
Feb-91,7
Mar-91,6.9
Apr-91,8.5
May-91,8.2
Jun-91,8.4
Jul-91,8.3
Aug-91,7.7
Sep-91,7.1
Oct-91,6.8
Nov-91,7.1
Dec-91,7.2
Jan-92,7
Feb-92,6.9
Mar-92,7.1
Apr-92,4.7
May-92,4.3
Jun-92,3.8
Jul-92,3.6
Aug-92,3.2
Sep-92,3
Oct-92,2.9
Nov-92,2.6
Dec-92,2.6
Jan-93,2.2
Feb-93,2.4
Mar-93,2.5
Apr-93,2.5
May-93,2.5
Jun-93,2.4
Jul-93,2.6
Aug-93,2.9
Sep-93,3
Oct-93,2.6
Nov-93,2.3
Dec-93,2.4
Jan-94,2.7
Feb-94,2.5
Mar-94,2.2
Apr-94,2
May-94,2
Jun-94,2
Jul-94,1.7
Aug-94,1.9
Sep-94,1.5
Oct-94,1.5
Nov-94,1.8
Dec-94,2
Jan-95,2.4
Feb-95,2.4
Mar-95,2.6
Apr-95,2.3
May-95,2.5
Jun-95,2.6
Jul-95,2.6
Aug-95,2.6
Sep-95,3
Oct-95,2.9
Nov-95,2.8
Dec-95,3
Jan-96,2.7
Feb-96,2.7
Mar-96,2.6
Apr-96,2.6
May-96,2.4
Jun-96,2.4
Jul-96,2.3
Aug-96,2.3
Sep-96,2.3
Oct-96,2.5
Nov-96,2.6
Dec-96,2.3
Jan-97,2.1
Feb-97,1.9
Mar-97,1.7
Apr-97,1.6
May-97,1.6
Jun-97,1.7
Jul-97,2
Aug-97,2
Sep-97,1.8
Oct-97,1.9
Nov-97,1.9
Dec-97,1.7
Jan-98,1.5
Feb-98,1.6
Mar-98,1.7
Apr-98,1.8
May-98,2
Jun-98,1.7
Jul-98,1.4
Aug-98,1.3
Sep-98,1.4
Oct-98,1.4
Nov-98,1.4
Dec-98,1.6
Jan-99,1.6
Feb-99,1.4
Mar-99,1.7
Apr-99,1.5
May-99,1.3
Jun-99,1.3
Jul-99,1.3
Aug-99,1.2
Sep-99,1.2
Oct-99,1.1
Nov-99,1.2
Dec-99,1.1
Jan-00,0.8
Feb-00,0.9
Mar-00,0.6
Apr-00,0.6
May-00,0.5
Jun-00,0.8
Jul-00,0.9
Aug-00,0.6
Sep-00,1
Oct-00,1
Nov-00,1.1
Dec-00,0.8
Jan-01,0.9
Feb-01,0.8
Mar-01,0.9
Apr-01,1.2
May-01,1.7
Jun-01,1.7
Jul-01,1.4
Aug-01,1.8
Sep-01,1.3
Oct-01,1.2
Nov-01,0.8
Dec-01,1.1
Jan-02,1.6
Feb-02,1.5
Mar-02,1.5
Apr-02,1.4
May-02,0.8
Jun-02,0.6
Jul-02,1.1
Aug-02,1
Sep-02,1
Oct-02,1.4
Nov-02,1.5
Dec-02,1.7
Jan-03,1.3
Feb-03,1.6
Mar-03,1.5
Apr-03,1.4
May-03,1.3
Jun-03,1.1
Jul-03,1.3
Aug-03,1.4
Sep-03,1.4
Oct-03,1.4
Nov-03,1.3
Dec-03,1.3
Jan-04,1.4
Feb-04,1.3
Mar-04,1.1
Apr-04,1.1
May-04,1.5
Jun-04,1.6
Jul-04,1.4
Aug-04,1.3
Sep-04,1.1
Oct-04,1.2
Nov-04,1.5
Dec-04,1.7
Jan-05,1.6
Feb-05,1.7
Mar-05,1.9
Apr-05,1.9
May-05,1.9
Jun-05,2
Jul-05,2.3
Aug-05,2.4
Sep-05,2.5
Oct-05,2.3
Nov-05,2.1
Dec-05,1.9
Jan-06,1.9
Feb-06,2
Mar-06,1.8
Apr-06,2
May-06,2.2
Jun-06,2.5
Jul-06,2.4
Aug-06,2.5
Sep-06,2.4
Oct-06,2.4
Nov-06,2.7
Dec-06,3
Jan-07,2.7
Feb-07,2.8
Mar-07,3.1
Apr-07,2.8
May-07,2.5
Jun-07,2.4
Jul-07,1.9
Aug-07,1.8
Sep-07,1.8
Oct-07,2.1
Nov-07,2.1
Dec-07,2.1
Jan-08,2.2
Feb-08,2.5
Mar-08,2.5
Apr-08,3
May-08,3.3
Jun-08,3.8
Jul-08,4.4
Aug-08,4.7
Sep-08,5.2
Oct-08,4.5
Nov-08,4.1
Dec-08,3.1
Jan-09,3
Feb-09,3.2
Mar-09,2.9
Apr-09,2.3
May-09,2.2
Jun-09,1.8
Jul-09,1.8
Aug-09,1.6
Sep-09,1.1
Oct-09,1.5
Nov-09,1.9
Dec-09,2.9
Jan-10,3.5
Feb-10,3
Mar-10,3.4
Apr-10,3.7
May-10,3.4
Jun-10,3.2
Jul-10,3.1
Aug-10,3.1
Sep-10,3.1
Oct-10,3.2
Nov-10,3.3
Dec-10,3.7
Jan-11,4
Feb-11,4.4
Mar-11,4
Apr-11,4.5
May-11,4.5
Jun-11,4.2
Jul-11,4.4
Aug-11,4.5
Sep-11,5.2
Oct-11,5
Nov-11,4.8
Dec-11,4.2
Jan-12,3.6
Feb-12,3.4
Mar-12,3.5
Apr-12,3
May-12,2.8
Jun-12,2.4
Jul-12,2.6
Aug-12,2.5
Sep-12,2.2
Oct-12,2.7
Nov-12,2.7
Dec-12,2.7
Jan-13,2.7
Feb-13,2.8
Mar-13,2.8
Apr-13,2.4
May-13,2.7
Jun-13,2.9
Jul-13,2.8
Aug-13,2.7
Sep-13,2.7
Oct-13,2.2
Nov-13,2.1
Dec-13,2
Jan-14,1.9
Feb-14,1.7
Mar-14,1.6
Apr-14,1.8
May-14,1.5
Jun-14,1.9
Jul-14,1.6
Aug-14,1.5
Sep-14,1.2
Oct-14,1.3
Nov-14,1
Dec-14,0.5
Jan-15,0.3
Feb-15,0
Mar-15,0
Apr-15,-0.1
May-15,0.1
