id,uk_2010_soc_code,name,proximity,exposure,in_employment,grouphier,group,fempcent,fiftyfivepcent,bamepcent,earnings,fempcentsample,fiftyfivepcentsample,bamepcentsample,earningssample,in_employmentsample
1,6143,1,110,110,18,Sales And Customer Service Occupations,grp7,95,4.9,6.1,10.15,0,2,2,0,0
2,2215,2,110,90,8,"Process, Plant And Machine Operatives",grp8,52.6,11.8,28.2,24.76,0,2,0,0,0
3,2232,3,110,70,7,Associate Professional And Technical Occupations,grp3,95,16.5,11.3,20.99,0,0,2,0,0
4,3213,4,110,50,13,Sales And Customer Service Occupations,grp7,44.2,9.1,null,19.83,0,2,1,0,0
5,6142,5,110,30,38,"Process, Plant And Machine Operatives",grp8,34.1,37.2,7,12.03,0,0,2,0,0
6,2221,6,110,10,1,"Managers, Directors And Senior Officials",grp1,73.4,11.3,7.5,18.69,0,0,2,0,0
7,3413,7,90,110,101,"Process, Plant And Machine Operatives",grp8,44.5,23,8.8,12.57,0,0,2,2,0
8,2216,8,90,90,229,Professional Occupations,grp2,62,8,null,19.66,0,2,1,0,0
9,2214,9,90,70,185,Associate Professional And Technical Occupations,grp3,53.9,20.8,27.2,23.14,0,2,2,0,0
10,6131,10,90,50,447,"Managers, Directors And Senior Officials",grp1,93.8,5.9,null,11,0,2,1,0,0
11,6141,11,90,30,696,"Process, Plant And Machine Operatives",grp8,81,22.2,18.5,10.93,0,0,0,0,0
12,6222,12,90,10,28,Professional Occupations,grp2,92.7,5.8,14.3,9.12,0,0,0,0,0
13,2211,13,70,110,97,Associate Professional And Technical Occupations,grp3,48.9,16.5,27.9,31.27,0,0,0,0,0
14,6221,14,70,90,219,"Caring, Leisure And Other Service Occupations",grp6,86.3,12.2,8.9,8.21,0,0,0,0,0
15,2217,15,70,70,1643,Professional Occupations,grp2,78.4,12.9,20.2,20,0,2,2,0,0
16,3218,16,70,50,831,"Process, Plant And Machine Operatives",grp8,59.1,21.3,14.8,14.84,0,0,2,0,0
17,6144,17,70,30,779,Elementary Occupations,grp9,75.6,35,10.3,12.13,0,0,2,0,0
18,6147,18,70,10,82,Associate Professional And Technical Occupations,grp3,74,50.4,6.2,9.45,0,0,2,0,0
19,5434,19,50,110,28,Sales And Customer Service Occupations,grp7,20.7,11.8,21.1,9.68,0,0,0,0,0
20,6121,20,50,90,41,"Managers, Directors And Senior Officials",grp1,96.4,10.2,10.1,8.85,0,0,0,0,0
21,6125,21,50,70,130,Administrative And Secretarial Occupations,grp4,90.9,20,8.7,9.91,0,0,0,0,0
22,6126,22,50,50,339,"Caring, Leisure And Other Service Occupations",grp6,88.1,20.2,10.4,9.92,0,0,0,0,0
23,2231,23,50,30,153,Skilled Trades Occupations,grp5,88.5,21.3,19.4,18.04,0,0,0,0,0
24,6214,24,50,10,15,Associate Professional And Technical Occupations,grp3,63.6,13.4,9.5,10.45,0,0,2,0,0
25,2218,25,30,110,7,Professional Occupations,grp2,75.9,39.4,null,19.55,0,0,1,0,0
26,2219,26,30,90,1,Skilled Trades Occupations,grp5,77.3,20.5,13.9,18.8,0,0,0,0,0
27,2222,27,30,70,6,Skilled Trades Occupations,grp5,91.3,17.2,8.6,18.37,0,0,2,0,0
28,6145,28,30,50,30,Associate Professional And Technical Occupations,grp3,83.7,23,19.2,9.5,0,0,0,0,0
29,6146,29,30,30,128,Elementary Occupations,grp9,85.1,20.8,13.6,9.75,0,0,0,0,0
30,3443,30,30,10,1,"Managers, Directors And Senior Officials",grp1,52.2,16.5,10.2,10.33,0,0,2,0,0
31,2316,31,10,110,11,"Managers, Directors And Senior Officials",grp1,82.2,24,7.9,21.64,0,0,2,0,0
32,3216,32,10,90,11,Elementary Occupations,grp9,62.1,28.9,14.8,12.52,2,2,2,2,0
33,3217,33,10,70,45,Skilled Trades Occupations,grp5,84.9,16.5,17,11.52,0,0,2,0,0
34,5312,34,10,50,59,Elementary Occupations,grp9,null,22.6,1.8,13.19,1,0,2,0,0
35,5315,35,10,30,70,Sales And Customer Service Occupations,grp7,1.3,18.1,3.2,12.93,2,0,2,0,0
36,6122,36,10,10,133,Administrative And Secretarial Occupations,grp4,97,17.2,10.5,10,0,0,0,0,0
