Product,variable,value,factor,sort_order
Agriculture products,Industry consumption at basic prices,1.034810130314025,total impact,1
Forestry products,Industry consumption at basic prices,0.8011510402492192,total impact,1
Fishing products,Industry consumption at basic prices,0.8806314918314743,total impact,1
Coal and lignite,Industry consumption at basic prices,0.8754590888597485,total impact,1
"Petroleum, natural gas and mining of metal ores",Industry consumption at basic prices,0.5810881008748422,total impact,1
Other mining products,Industry consumption at basic prices,0.8532463405603111,total impact,1
Mining support services,Industry consumption at basic prices,0.9526732899992312,total impact,1
Meat and preserved meat products,Industry consumption at basic prices,1.374292313619229,total impact,1
"Fish, seafood, fruit and vegetables",Industry consumption at basic prices,1.214121648076796,total impact,1
Oils and fats,Industry consumption at basic prices,0.944554153,total impact,1
Dairy products,Industry consumption at basic prices,1.382262910210226,total impact,1
Grain mill and starch products,Industry consumption at basic prices,1.105553965827178,total impact,1
Bakery products,Industry consumption at basic prices,1.051222327595892,total impact,1
Other food products,Industry consumption at basic prices,1.006865992581063,total impact,1
Animal feeds,Industry consumption at basic prices,1.387932413752119,total impact,1
Alcoholic beverages and tobacco,Industry consumption at basic prices,0.9281502398919876,total impact,1
Soft drinks,Industry consumption at basic prices,0.9975926552015472,total impact,1
Textiles,Industry consumption at basic prices,0.4619922892887683,total impact,1
Clothing,Industry consumption at basic prices,0.5231624039622164,total impact,1
Leather products,Industry consumption at basic prices,0.6068582646962074,total impact,1
Wood products (excl. furniture),Industry consumption at basic prices,0.5024760092052628,total impact,1
Paper products,Industry consumption at basic prices,0.6744929225079885,total impact,1
Printing and recording services,Industry consumption at basic prices,0.5816757828095618,total impact,1
Coke and refined petroleum products,Industry consumption at basic prices,0.1940522574515961,total impact,1
Paints and coatings,Industry consumption at basic prices,0.6159562731067545,total impact,1
Soap and detergents,Industry consumption at basic prices,0.5312771529696504,total impact,1
Other chemical products,Industry consumption at basic prices,0.5677333913901657,total impact,1
Industrial gases and fertilizers,Industry consumption at basic prices,0.7732386314322489,total impact,1
Petrochemicals,Industry consumption at basic prices,0.739980285,total impact,1
Dyestuffs and agro-chemicals,Industry consumption at basic prices,0.5574905544057742,total impact,1
Pharmaceutical products,Industry consumption at basic prices,0.5123919126804422,total impact,1
Rubber and plastic products,Industry consumption at basic prices,0.6033264010169678,total impact,1
Cement and concrete products,Industry consumption at basic prices,0.7565509680467782,total impact,1
"Glass, ceramic and stone products",Industry consumption at basic prices,0.7335117191682042,total impact,1
Basic iron and steel,Industry consumption at basic prices,0.6920408284605782,total impact,1
Other basic metals and casting,Industry consumption at basic prices,0.387333787,total impact,1
Weapons and ammunition,Industry consumption at basic prices,0.7980804958264948,total impact,1
Other fabricated metal products,Industry consumption at basic prices,0.5091236369012774,total impact,1
Computer and electronic products,Industry consumption at basic prices,0.5148970838620124,total impact,1
Electrical equipment,Industry consumption at basic prices,0.558998899,total impact,1
Other machinery and equipment,Industry consumption at basic prices,0.5781044463713864,total impact,1
Motor vehicles,Industry consumption at basic prices,0.6530487974825864,total impact,1
Ships and boats,Industry consumption at basic prices,0.7894776450065597,total impact,1
Aircraft and spacecraft products,Industry consumption at basic prices,0.8143552979059927,total impact,1
Other Transport Equipment,Industry consumption at basic prices,0.6375233250504374,total impact,1
Furniture,Industry consumption at basic prices,0.5659884278895927,total impact,1
Other manufactured goods,Industry consumption at basic prices,0.5470741346894367,total impact,1
Ship and boat repair and maintenance,Industry consumption at basic prices,0.4699401366033729,total impact,1
Air and spacecraft repair and maintenance,Industry consumption at basic prices,0.8645715049845447,total impact,1
Other repair services,Industry consumption at basic prices,0.5914785471898663,total impact,1
Electricity services,Industry consumption at basic prices,1.64759575,total impact,1
"Mains gas, steam and air conditioning services",Industry consumption at basic prices,1.627297359,total impact,1
Water services,Industry consumption at basic prices,0.5048242751403201,total impact,1
Sewerage services,Industry consumption at basic prices,0.2851117027053409,total impact,1
Waste collection and treatment services,Industry consumption at basic prices,0.7792917600232436,total impact,1
Remediation and waste management services,Industry consumption at basic prices,0.6621352782385783,total impact,1
Construction services,Industry consumption at basic prices,1.100604925900659,total impact,1
Motor vehicle trade services,Industry consumption at basic prices,0.6567454976538214,total impact,1
Wholesale trade services,Industry consumption at basic prices,0.6133402431242938,total impact,1
Retail trade services,Industry consumption at basic prices,0.5767218869647773,total impact,1
Rail transport services,Industry consumption at basic prices,1.043347439246283,total impact,1
Land transport services,Industry consumption at basic prices,0.7013365542747315,total impact,1
Water transport services,Industry consumption at basic prices,0.778571916,total impact,1
Air transport services,Industry consumption at basic prices,0.7633126749637983,total impact,1
Warehousing services,Industry consumption at basic prices,0.7706266739423496,total impact,1
Postal and courier services,Industry consumption at basic prices,0.5553145809687468,total impact,1
Accommodation services,Industry consumption at basic prices,0.6389955487462341,total impact,1
Food and beverage services,Industry consumption at basic prices,0.7094775553447125,total impact,1
Publishing services,Industry consumption at basic prices,0.6404950649301812,total impact,1
Media Production services,Industry consumption at basic prices,0.7903912748043784,total impact,1
Telecommunications services,Industry consumption at basic prices,0.3892663917316445,total impact,1
Computer programming services,Industry consumption at basic prices,0.5235106558109976,total impact,1
Information services,Industry consumption at basic prices,0.5448381187823613,total impact,1
Financial services (excl. insurance and pensions),Industry consumption at basic prices,0.6835149935531196,total impact,1
Insurance and pension services,Industry consumption at basic prices,0.5651673797203209,total impact,1
Auxiliary financial services,Industry consumption at basic prices,0.4999034465046275,total impact,1
Real estate services,Industry consumption at basic prices,0.6218065928689364,total impact,1
Owner-occupier housing services,Industry consumption at basic prices,0.2553849161055356,total impact,1
Other real estate services,Industry consumption at basic prices,0.6048222059377566,total impact,1
Legal services,Industry consumption at basic prices,0.3244829773667449,total impact,1
Accounting and tax services,Industry consumption at basic prices,0.2585658801095158,total impact,1
Management consulting services,Industry consumption at basic prices,0.5003824048710953,total impact,1
Architectural and engineering services,Industry consumption at basic prices,0.7249098104510243,total impact,1
Scientific research and development services,Industry consumption at basic prices,0.6795204054467276,total impact,1
Advertising and market research services,Industry consumption at basic prices,0.6811616723118958,total impact,1
Other scientific and technical services,Industry consumption at basic prices,0.8810688940055217,total impact,1
Veterinary services,Industry consumption at basic prices,0.3402635048449653,total impact,1
Rental and leasing services,Industry consumption at basic prices,0.4950994954490787,total impact,1
Employment services,Industry consumption at basic prices,0.5461028625259733,total impact,1
Travel services,Industry consumption at basic prices,0.7670920646483046,total impact,1
Security services,Industry consumption at basic prices,0.6749700971773737,total impact,1
Building and landscape services,Industry consumption at basic prices,0.8575285695337926,total impact,1
Office support services,Industry consumption at basic prices,0.6238694037235495,total impact,1
Public administration services (including defence),Industry consumption at basic prices,0.5667984223068964,total impact,1
Education services,Industry consumption at basic prices,0.391136876,total impact,1
Health services,Industry consumption at basic prices,0.4730198386645899,total impact,1
Residential and social care services,Industry consumption at basic prices,0.5582776112826083,total impact,1
Arts and entertainment services,Industry consumption at basic prices,0.5972349890601917,total impact,1
Libraries and other cultural services,Industry consumption at basic prices,0.6719410615752903,total impact,1
Gambling services,Industry consumption at basic prices,0.6866477796443802,total impact,1
Sports and recreation services,Industry consumption at basic prices,0.5387767651616989,total impact,1
Membership services,Industry consumption at basic prices,0.6307638559981361,total impact,1
Computer repair services,Industry consumption at basic prices,0.4611228436595242,total impact,1
Other personal services,Industry consumption at basic prices,0.2913467215670891,total impact,1
Services of households who employ domestic personnel,Industry consumption at basic prices,0,total impact,1
Agriculture products,Imports,0.1431155010134028,total impact,2
Forestry products,Imports,0.1029383038273732,total impact,2
Fishing products,Imports,0.2476488785279929,total impact,2
Coal and lignite,Imports,0.1424017578019687,total impact,2
"Petroleum, natural gas and mining of metal ores",Imports,0.112950539,total impact,2
Other mining products,Imports,0.2718731615853482,total impact,2
Mining support services,Imports,0.2879736932010227,total impact,2
Meat and preserved meat products,Imports,0.1607620420482898,total impact,2
"Fish, seafood, fruit and vegetables",Imports,0.174463893,total impact,2
Oils and fats,Imports,0.3827624218851017,total impact,2
Dairy products,Imports,0.1480642478728638,total impact,2
Grain mill and starch products,Imports,0.3016313803913682,total impact,2
Bakery products,Imports,0.1484801780753634,total impact,2
Other food products,Imports,0.1842386686113866,total impact,2
Animal feeds,Imports,0.2283079107452929,total impact,2
Alcoholic beverages and tobacco,Imports,0.1640324511249734,total impact,2
Soft drinks,Imports,0.1948198979014952,total impact,2
Textiles,Imports,0.2019172288651539,total impact,2
Clothing,Imports,0.1090966027977876,total impact,2
Leather products,Imports,0.2033091106869489,total impact,2
Wood products (excl. furniture),Imports,0.3431641161959404,total impact,2
Paper products,Imports,0.3023015747453068,total impact,2
Printing and recording services,Imports,0.2742687998011432,total impact,2
Coke and refined petroleum products,Imports,0.7728137122580435,total impact,2
Paints and coatings,Imports,0.3044048687940866,total impact,2
Soap and detergents,Imports,0.2231911795293195,total impact,2
Other chemical products,Imports,0.3824019295112529,total impact,2
Industrial gases and fertilizers,Imports,0.4051048821712719,total impact,2
Petrochemicals,Imports,0.4133902045142539,total impact,2
Dyestuffs and agro-chemicals,Imports,0.3123273830426819,total impact,2
Pharmaceutical products,Imports,0.239310572,total impact,2
Rubber and plastic products,Imports,0.3786263766489426,total impact,2
Cement and concrete products,Imports,0.2302853893812908,total impact,2
"Glass, ceramic and stone products",Imports,0.2741725819086758,total impact,2
Basic iron and steel,Imports,0.3409018875426204,total impact,2
Other basic metals and casting,Imports,0.4656249152465855,total impact,2
Weapons and ammunition,Imports,0.2537985704684227,total impact,2
Other fabricated metal products,Imports,0.2623158873744027,total impact,2
Computer and electronic products,Imports,0.1785321052597595,total impact,2
Electrical equipment,Imports,0.3298091558484554,total impact,2
Other machinery and equipment,Imports,0.3213493130513642,total impact,2
Motor vehicles,Imports,0.4220997621299941,total impact,2
Ships and boats,Imports,0.1715775857128869,total impact,2
Aircraft and spacecraft products,Imports,0.3053415072544442,total impact,2
Other Transport Equipment,Imports,0.3405271582374622,total impact,2
Furniture,Imports,0.2188828931471526,total impact,2
Other manufactured goods,Imports,0.2434521586166247,total impact,2
Ship and boat repair and maintenance,Imports,0.1357230316104489,total impact,2
Air and spacecraft repair and maintenance,Imports,0.2521368391234772,total impact,2
Other repair services,Imports,0.2519603429332882,total impact,2
Electricity services,Imports,0.1926759499578047,total impact,2
"Mains gas, steam and air conditioning services",Imports,0.2039149249858776,total impact,2
Water services,Imports,0.055940858,total impact,2
Sewerage services,Imports,0.020576463,total impact,2
Waste collection and treatment services,Imports,0.1961586425143705,total impact,2
Remediation and waste management services,Imports,0.065925981,total impact,2
Construction services,Imports,0.1260889267893194,total impact,2
Motor vehicle trade services,Imports,0.1649951563814782,total impact,2
Wholesale trade services,Imports,0.1611308866370075,total impact,2
Retail trade services,Imports,0.097106011,total impact,2
Rail transport services,Imports,0.130377029,total impact,2
Land transport services,Imports,0.1478605238424018,total impact,2
Water transport services,Imports,0.1656136797528277,total impact,2
Air transport services,Imports,0.345639341,total impact,2
Warehousing services,Imports,0.128128376,total impact,2
Postal and courier services,Imports,0.1098207774330244,total impact,2
Accommodation services,Imports,0.073779084,total impact,2
Food and beverage services,Imports,0.1059064286340471,total impact,2
Publishing services,Imports,0.1400857249936715,total impact,2
Media Production services,Imports,0.1793138693475296,total impact,2
Telecommunications services,Imports,0.1497563642771165,total impact,2
Computer programming services,Imports,0.1552342101360122,total impact,2
Information services,Imports,0.1376392991410508,total impact,2
Financial services (excl. insurance and pensions),Imports,0.099908249,total impact,2
Insurance and pension services,Imports,0.1859174059481214,total impact,2
Auxiliary financial services,Imports,0.1265279540173383,total impact,2
Real estate services,Imports,0.06298211,total impact,2
Owner-occupier housing services,Imports,0.017625998,total impact,2
Other real estate services,Imports,0.066803457,total impact,2
Legal services,Imports,0.055880566,total impact,2
Accounting and tax services,Imports,0.076781635,total impact,2
Management consulting services,Imports,0.213554745,total impact,2
Architectural and engineering services,Imports,0.2026559025921904,total impact,2
Scientific research and development services,Imports,0.1525880135542974,total impact,2
Advertising and market research services,Imports,0.1080196967716621,total impact,2
Other scientific and technical services,Imports,0.1110655586577499,total impact,2
Veterinary services,Imports,0.067818812,total impact,2
Rental and leasing services,Imports,0.09009899,total impact,2
Employment services,Imports,0.090939531,total impact,2
Travel services,Imports,0.2126146696051512,total impact,2
Security services,Imports,0.06818796,total impact,2
Building and landscape services,Imports,0.081764233,total impact,2
Office support services,Imports,0.1625391919894943,total impact,2
Public administration services (including defence),Imports,0.093909279,total impact,2
Education services,Imports,0.044077898,total impact,2
Health services,Imports,0.1044425411613496,total impact,2
Residential and social care services,Imports,0.045244057,total impact,2
Arts and entertainment services,Imports,0.070744106,total impact,2
Libraries and other cultural services,Imports,0.1034566317481799,total impact,2
Gambling services,Imports,0.093396293,total impact,2
Sports and recreation services,Imports,0.095124729,total impact,2
Membership services,Imports,0.1074317123078652,total impact,2
Computer repair services,Imports,0.119808573,total impact,2
Other personal services,Imports,0.045913569,total impact,2
Services of households who employ domestic personnel,Imports,0,total impact,2
Agriculture products,Taxes less subsidies on products,0.029369525,total impact,3
Forestry products,Taxes less subsidies on products,0.017780062,total impact,3
Fishing products,Taxes less subsidies on products,0.023940303,total impact,3
Coal and lignite,Taxes less subsidies on products,0.022120601,total impact,3
"Petroleum, natural gas and mining of metal ores",Taxes less subsidies on products,0.010638841,total impact,3
Other mining products,Taxes less subsidies on products,0.032620136,total impact,3
Mining support services,Taxes less subsidies on products,0.012631897,total impact,3
Meat and preserved meat products,Taxes less subsidies on products,0.01847556,total impact,3
"Fish, seafood, fruit and vegetables",Taxes less subsidies on products,0.016883867,total impact,3
Oils and fats,Taxes less subsidies on products,0.014902186,total impact,3
Dairy products,Taxes less subsidies on products,0.020955695,total impact,3
Grain mill and starch products,Taxes less subsidies on products,0.014591155,total impact,3
Bakery products,Taxes less subsidies on products,0.014199132,total impact,3
Other food products,Taxes less subsidies on products,0.013674215,total impact,3
Animal feeds,Taxes less subsidies on products,0.018501202,total impact,3
Alcoholic beverages and tobacco,Taxes less subsidies on products,0.042756391,total impact,3
Soft drinks,Taxes less subsidies on products,0.014516996,total impact,3
Textiles,Taxes less subsidies on products,0.007948726,total impact,3
Clothing,Taxes less subsidies on products,0.007999843,total impact,3
Leather products,Taxes less subsidies on products,0.010527831,total impact,3
Wood products (excl. furniture),Taxes less subsidies on products,0.010170285,total impact,3
Paper products,Taxes less subsidies on products,0.012226853,total impact,3
Printing and recording services,Taxes less subsidies on products,0.008075805,total impact,3
Coke and refined petroleum products,Taxes less subsidies on products,0.030916971,total impact,3
Paints and coatings,Taxes less subsidies on products,0.012441803,total impact,3
Soap and detergents,Taxes less subsidies on products,0.008210031,total impact,3
Other chemical products,Taxes less subsidies on products,0.012307028,total impact,3
Industrial gases and fertilizers,Taxes less subsidies on products,0.017510251,total impact,3
Petrochemicals,Taxes less subsidies on products,0.029660542,total impact,3
Dyestuffs and agro-chemicals,Taxes less subsidies on products,0.011366538,total impact,3
Pharmaceutical products,Taxes less subsidies on products,0.008838857,total impact,3
Rubber and plastic products,Taxes less subsidies on products,0.012404737,total impact,3
Cement and concrete products,Taxes less subsidies on products,0.024683935,total impact,3
"Glass, ceramic and stone products",Taxes less subsidies on products,0.030529649,total impact,3
Basic iron and steel,Taxes less subsidies on products,0.018800756,total impact,3
Other basic metals and casting,Taxes less subsidies on products,0.008022141,total impact,3
Weapons and ammunition,Taxes less subsidies on products,0.008165455,total impact,3
Other fabricated metal products,Taxes less subsidies on products,0.009766297,total impact,3
Computer and electronic products,Taxes less subsidies on products,0.006317729,total impact,3
Electrical equipment,Taxes less subsidies on products,0.008739793,total impact,3
Other machinery and equipment,Taxes less subsidies on products,0.00882573,total impact,3
Motor vehicles,Taxes less subsidies on products,0.010263955,total impact,3
Ships and boats,Taxes less subsidies on products,0.0143111,total impact,3
Aircraft and spacecraft products,Taxes less subsidies on products,0.01125293,total impact,3
Other Transport Equipment,Taxes less subsidies on products,0.013202481,total impact,3
Furniture,Taxes less subsidies on products,0.009712185,total impact,3
Other manufactured goods,Taxes less subsidies on products,0.009547885,total impact,3
Ship and boat repair and maintenance,Taxes less subsidies on products,0.007129495,total impact,3
Air and spacecraft repair and maintenance,Taxes less subsidies on products,0.008504342,total impact,3
Other repair services,Taxes less subsidies on products,0.010816194,total impact,3
Electricity services,Taxes less subsidies on products,0.027994094,total impact,3
"Mains gas, steam and air conditioning services",Taxes less subsidies on products,0.020578683,total impact,3
Water services,Taxes less subsidies on products,0.009083962,total impact,3
Sewerage services,Taxes less subsidies on products,0.017572994,total impact,3
Waste collection and treatment services,Taxes less subsidies on products,0.092068657,total impact,3
Remediation and waste management services,Taxes less subsidies on products,0.015681675,total impact,3
Construction services,Taxes less subsidies on products,0.036237149,total impact,3
Motor vehicle trade services,Taxes less subsidies on products,0.011551323,total impact,3
Wholesale trade services,Taxes less subsidies on products,0.019076734,total impact,3
Retail trade services,Taxes less subsidies on products,0.011831499,total impact,3
Rail transport services,Taxes less subsidies on products,0.010564721,total impact,3
Land transport services,Taxes less subsidies on products,0.045376014,total impact,3
Water transport services,Taxes less subsidies on products,0.042102327,total impact,3
Air transport services,Taxes less subsidies on products,0.1040564560704603,total impact,3
Warehousing services,Taxes less subsidies on products,0.022267874,total impact,3
Postal and courier services,Taxes less subsidies on products,0.048064807,total impact,3
Accommodation services,Taxes less subsidies on products,0.030599487,total impact,3
Food and beverage services,Taxes less subsidies on products,0.035959358,total impact,3
Publishing services,Taxes less subsidies on products,0.007584275,total impact,3
Media Production services,Taxes less subsidies on products,0.009204134,total impact,3
Telecommunications services,Taxes less subsidies on products,0.005455771,total impact,3
Computer programming services,Taxes less subsidies on products,0.009751804,total impact,3
Information services,Taxes less subsidies on products,0.008248947,total impact,3
Financial services (excl. insurance and pensions),Taxes less subsidies on products,0.053821857,total impact,3
Insurance and pension services,Taxes less subsidies on products,0.056037999,total impact,3
Auxiliary financial services,Taxes less subsidies on products,0.043290108,total impact,3
Real estate services,Taxes less subsidies on products,0.015267659,total impact,3
Owner-occupier housing services,Taxes less subsidies on products,0.007067223,total impact,3
Other real estate services,Taxes less subsidies on products,0.019877883,total impact,3
Legal services,Taxes less subsidies on products,0.004847043,total impact,3
Accounting and tax services,Taxes less subsidies on products,0.006114086,total impact,3
Management consulting services,Taxes less subsidies on products,0.013090489,total impact,3
Architectural and engineering services,Taxes less subsidies on products,0.014234322,total impact,3
Scientific research and development services,Taxes less subsidies on products,0.011025324,total impact,3
Advertising and market research services,Taxes less subsidies on products,0.011023543,total impact,3
Other scientific and technical services,Taxes less subsidies on products,0.016626126,total impact,3
Veterinary services,Taxes less subsidies on products,0.005963092,total impact,3
Rental and leasing services,Taxes less subsidies on products,0.011973779,total impact,3
Employment services,Taxes less subsidies on products,0.004892787,total impact,3
Travel services,Taxes less subsidies on products,0.042939448,total impact,3
Security services,Taxes less subsidies on products,0.009486297,total impact,3
Building and landscape services,Taxes less subsidies on products,0.012066773,total impact,3
Office support services,Taxes less subsidies on products,0.013290456,total impact,3
Public administration services (including defence),Taxes less subsidies on products,0.047887907,total impact,3
Education services,Taxes less subsidies on products,0.025707028,total impact,3
Health services,Taxes less subsidies on products,0.043977171,total impact,3
Residential and social care services,Taxes less subsidies on products,0.043992083,total impact,3
Arts and entertainment services,Taxes less subsidies on products,0.057595049,total impact,3
Libraries and other cultural services,Taxes less subsidies on products,0.011248426,total impact,3
Gambling services,Taxes less subsidies on products,0.032086927,total impact,3
Sports and recreation services,Taxes less subsidies on products,0.044332924,total impact,3
Membership services,Taxes less subsidies on products,0.018442259,total impact,3
Computer repair services,Taxes less subsidies on products,0.005617902,total impact,3
Other personal services,Taxes less subsidies on products,0.025488486,total impact,3
Services of households who employ domestic personnel,Taxes less subsidies on products,0,total impact,3
Agriculture products,Industry consumption at purchasers' prices,1.207295156729548,total impact,4
Forestry products,Industry consumption at purchasers' prices,0.9218694056738644,total impact,4
Fishing products,Industry consumption at purchasers' prices,1.152220673522555,total impact,4
Coal and lignite,Industry consumption at purchasers' prices,1.039981447668317,total impact,4
"Petroleum, natural gas and mining of metal ores",Industry consumption at purchasers' prices,0.7046774816496333,total impact,4
Other mining products,Industry consumption at purchasers' prices,1.157739638090908,total impact,4
Mining support services,Industry consumption at purchasers' prices,1.253278880526368,total impact,4
Meat and preserved meat products,Industry consumption at purchasers' prices,1.553529915467872,total impact,4
"Fish, seafood, fruit and vegetables",Industry consumption at purchasers' prices,1.405469407711032,total impact,4
Oils and fats,Industry consumption at purchasers' prices,1.342218760833471,total impact,4
Dairy products,Industry consumption at purchasers' prices,1.551282853482796,total impact,4
Grain mill and starch products,Industry consumption at purchasers' prices,1.421776500755072,total impact,4
Bakery products,Industry consumption at purchasers' prices,1.213901637910954,total impact,4
Other food products,Industry consumption at purchasers' prices,1.204778876441005,total impact,4
Animal feeds,Industry consumption at purchasers' prices,1.634741526167531,total impact,4
Alcoholic beverages and tobacco,Industry consumption at purchasers' prices,1.134939082225693,total impact,4
Soft drinks,Industry consumption at purchasers' prices,1.206929548976859,total impact,4
Textiles,Industry consumption at purchasers' prices,0.6718582444579072,total impact,4
Clothing,Industry consumption at purchasers' prices,0.6402588496563885,total impact,4
Leather products,Industry consumption at purchasers' prices,0.8206952058856066,total impact,4
Wood products (excl. furniture),Industry consumption at purchasers' prices,0.8558104100848803,total impact,4
Paper products,Industry consumption at purchasers' prices,0.9890213499901684,total impact,4
Printing and recording services,Industry consumption at purchasers' prices,0.8640203875937819,total impact,4
Coke and refined petroleum products,Industry consumption at purchasers' prices,0.9977829408833035,total impact,4
Paints and coatings,Industry consumption at purchasers' prices,0.9328029446300636,total impact,4
Soap and detergents,Industry consumption at purchasers' prices,0.762678363,total impact,4
Other chemical products,Industry consumption at purchasers' prices,0.9624423485005053,total impact,4
Industrial gases and fertilizers,Industry consumption at purchasers' prices,1.195853764143041,total impact,4
Petrochemicals,Industry consumption at purchasers' prices,1.183031031794548,total impact,4
Dyestuffs and agro-chemicals,Industry consumption at purchasers' prices,0.8811844753436521,total impact,4
Pharmaceutical products,Industry consumption at purchasers' prices,0.760541342,total impact,4
Rubber and plastic products,Industry consumption at purchasers' prices,0.9943575147319056,total impact,4
Cement and concrete products,Industry consumption at purchasers' prices,1.011520292005026,total impact,4
"Glass, ceramic and stone products",Industry consumption at purchasers' prices,1.038213950329534,total impact,4
Basic iron and steel,Industry consumption at purchasers' prices,1.051743471936768,total impact,4
Other basic metals and casting,Industry consumption at purchasers' prices,0.860980844,total impact,4
Weapons and ammunition,Industry consumption at purchasers' prices,1.060044520838445,total impact,4
Other fabricated metal products,Industry consumption at purchasers' prices,0.7812058215640076,total impact,4
Computer and electronic products,Industry consumption at purchasers' prices,0.6997469183317556,total impact,4
Electrical equipment,Industry consumption at purchasers' prices,0.8975478480766912,total impact,4
Other machinery and equipment,Industry consumption at purchasers' prices,0.90827949,total impact,4
Motor vehicles,Industry consumption at purchasers' prices,1.085412514807959,total impact,4
Ships and boats,Industry consumption at purchasers' prices,0.9753663307105654,total impact,4
Aircraft and spacecraft products,Industry consumption at purchasers' prices,1.130949734777222,total impact,4
Other Transport Equipment,Industry consumption at purchasers' prices,0.9912529639901684,total impact,4
Furniture,Industry consumption at purchasers' prices,0.7945835057439228,total impact,4
Other manufactured goods,Industry consumption at purchasers' prices,0.8000741780489069,total impact,4
Ship and boat repair and maintenance,Industry consumption at purchasers' prices,0.6127926633211002,total impact,4
Air and spacecraft repair and maintenance,Industry consumption at purchasers' prices,1.125212686037798,total impact,4
Other repair services,Industry consumption at purchasers' prices,0.8542550845991298,total impact,4
Electricity services,Industry consumption at purchasers' prices,1.868265793131881,total impact,4
"Mains gas, steam and air conditioning services",Industry consumption at purchasers' prices,1.851790966379198,total impact,4
Water services,Industry consumption at purchasers' prices,0.5698490946011765,total impact,4
Sewerage services,Industry consumption at purchasers' prices,0.3232611605709189,total impact,4
Waste collection and treatment services,Industry consumption at purchasers' prices,1.067519059171741,total impact,4
Remediation and waste management services,Industry consumption at purchasers' prices,0.7437429340948882,total impact,4
Construction services,Industry consumption at purchasers' prices,1.262931001679382,total impact,4
Motor vehicle trade services,Industry consumption at purchasers' prices,0.833291977,total impact,4
Wholesale trade services,Industry consumption at purchasers' prices,0.7935478636030163,total impact,4
Retail trade services,Industry consumption at purchasers' prices,0.6856593965338904,total impact,4
Rail transport services,Industry consumption at purchasers' prices,1.184289188868267,total impact,4
Land transport services,Industry consumption at purchasers' prices,0.8945730921554859,total impact,4
Water transport services,Industry consumption at purchasers' prices,0.986287922,total impact,4
Air transport services,Industry consumption at purchasers' prices,1.213008471643874,total impact,4
Warehousing services,Industry consumption at purchasers' prices,0.9210229235990864,total impact,4
Postal and courier services,Industry consumption at purchasers' prices,0.7132001653580915,total impact,4
Accommodation services,Industry consumption at purchasers' prices,0.7433741194715259,total impact,4
Food and beverage services,Industry consumption at purchasers' prices,0.8513433423409682,total impact,4
Publishing services,Industry consumption at purchasers' prices,0.7881650649173677,total impact,4
Media Production services,Industry consumption at purchasers' prices,0.9789092785555196,total impact,4
Telecommunications services,Industry consumption at purchasers' prices,0.5444785271469101,total impact,4
Computer programming services,Industry consumption at purchasers' prices,0.6884966701912474,total impact,4
Information services,Industry consumption at purchasers' prices,0.6907263645356356,total impact,4
Financial services (excl. insurance and pensions),Industry consumption at purchasers' prices,0.8372450987586452,total impact,4
Insurance and pension services,Industry consumption at purchasers' prices,0.8071227843790201,total impact,4
Auxiliary financial services,Industry consumption at purchasers' prices,0.6697215084639437,total impact,4
Real estate services,Industry consumption at purchasers' prices,0.7000563611280279,total impact,4
Owner-occupier housing services,Industry consumption at purchasers' prices,0.2800781373713325,total impact,4
Other real estate services,Industry consumption at purchasers' prices,0.6915035466399696,total impact,4
Legal services,Industry consumption at purchasers' prices,0.3852105856526941,total impact,4
Accounting and tax services,Industry consumption at purchasers' prices,0.3414616004020115,total impact,4
Management consulting services,Industry consumption at purchasers' prices,0.7270276384389595,total impact,4
Architectural and engineering services,Industry consumption at purchasers' prices,0.9418000347668792,total impact,4
Scientific research and development services,Industry consumption at purchasers' prices,0.8431337430060816,total impact,4
Advertising and market research services,Industry consumption at purchasers' prices,0.8002049116215708,total impact,4
Other scientific and technical services,Industry consumption at purchasers' prices,1.008760578232383,total impact,4
Veterinary services,Industry consumption at purchasers' prices,0.4140454085499432,total impact,4
Rental and leasing services,Industry consumption at purchasers' prices,0.5971722639985368,total impact,4
Employment services,Industry consumption at purchasers' prices,0.6419351810337098,total impact,4
Travel services,Industry consumption at purchasers' prices,1.022646182157498,total impact,4
Security services,Industry consumption at purchasers' prices,0.752644354,total impact,4
Building and landscape services,Industry consumption at purchasers' prices,0.951359576,total impact,4
Office support services,Industry consumption at purchasers' prices,0.7996990515584093,total impact,4
Public administration services (including defence),Industry consumption at purchasers' prices,0.7085956079415217,total impact,4
Education services,Industry consumption at purchasers' prices,0.4609218014786796,total impact,4
Health services,Industry consumption at purchasers' prices,0.6214395507718417,total impact,4
Residential and social care services,Industry consumption at purchasers' prices,0.6475137508900785,total impact,4
Arts and entertainment services,Industry consumption at purchasers' prices,0.7255741445855513,total impact,4
Libraries and other cultural services,Industry consumption at purchasers' prices,0.786646119,total impact,4
Gambling services,Industry consumption at purchasers' prices,0.8121310000095484,total impact,4
Sports and recreation services,Industry consumption at purchasers' prices,0.6782344182481744,total impact,4
Membership services,Industry consumption at purchasers' prices,0.7566378273891128,total impact,4
Computer repair services,Industry consumption at purchasers' prices,0.5865493187173052,total impact,4
Other personal services,Industry consumption at purchasers' prices,0.3627487758665038,total impact,4
Services of households who employ domestic personnel,Industry consumption at purchasers' prices,0,total impact,4
Agriculture products,Wages and other employee compensation,0.3648147729388335,total impact,5
Forestry products,Wages and other employee compensation,0.4837873086035271,total impact,5
Fishing products,Wages and other employee compensation,0.3973280103612545,total impact,5
Coal and lignite,Wages and other employee compensation,0.462668199,total impact,5
"Petroleum, natural gas and mining of metal ores",Wages and other employee compensation,0.2370860121630716,total impact,5
Other mining products,Wages and other employee compensation,0.3764489819066255,total impact,5
Mining support services,Wages and other employee compensation,0.4719648866845818,total impact,5
Meat and preserved meat products,Wages and other employee compensation,0.5062743083629802,total impact,5
"Fish, seafood, fruit and vegetables",Wages and other employee compensation,0.5038497637083488,total impact,5
Oils and fats,Wages and other employee compensation,0.379142445,total impact,5
Dairy products,Wages and other employee compensation,0.4332127877043557,total impact,5
Grain mill and starch products,Wages and other employee compensation,0.3950578787498358,total impact,5
Bakery products,Wages and other employee compensation,0.5691387562906736,total impact,5
Other food products,Wages and other employee compensation,0.5086226580475631,total impact,5
Animal feeds,Wages and other employee compensation,0.4307193675056537,total impact,5
Alcoholic beverages and tobacco,Wages and other employee compensation,0.3776077160734161,total impact,5
Soft drinks,Wages and other employee compensation,0.4044880153271119,total impact,5
Textiles,Wages and other employee compensation,0.4782931495469981,total impact,5
Clothing,Wages and other employee compensation,0.5440723614846107,total impact,5
Leather products,Wages and other employee compensation,0.47201276,total impact,5
Wood products (excl. furniture),Wages and other employee compensation,0.3914637468002711,total impact,5
Paper products,Wages and other employee compensation,0.4559298280962952,total impact,5
Printing and recording services,Wages and other employee compensation,0.4728254345311828,total impact,5
Coke and refined petroleum products,Wages and other employee compensation,0.06654902,total impact,5
Paints and coatings,Wages and other employee compensation,0.4727267904845956,total impact,5
Soap and detergents,Wages and other employee compensation,0.4163682237175953,total impact,5
Other chemical products,Wages and other employee compensation,0.336636685,total impact,5
Industrial gases and fertilizers,Wages and other employee compensation,0.3199591037590045,total impact,5
Petrochemicals,Wages and other employee compensation,0.3172731008472692,total impact,5
Dyestuffs and agro-chemicals,Wages and other employee compensation,0.3793997537515683,total impact,5
Pharmaceutical products,Wages and other employee compensation,0.3740448249442018,total impact,5
Rubber and plastic products,Wages and other employee compensation,0.4250691149057112,total impact,5
Cement and concrete products,Wages and other employee compensation,0.4347578644579471,total impact,5
"Glass, ceramic and stone products",Wages and other employee compensation,0.438552761,total impact,5
Basic iron and steel,Wages and other employee compensation,0.3990620680204702,total impact,5
Other basic metals and casting,Wages and other employee compensation,0.3161045509099997,total impact,5
Weapons and ammunition,Wages and other employee compensation,0.5391580644406846,total impact,5
Other fabricated metal products,Wages and other employee compensation,0.4719524036825826,total impact,5
Computer and electronic products,Wages and other employee compensation,0.5721266424603125,total impact,5
Electrical equipment,Wages and other employee compensation,0.4655988274847246,total impact,5
Other machinery and equipment,Wages and other employee compensation,0.4130931901622402,total impact,5
Motor vehicles,Wages and other employee compensation,0.3572668417938955,total impact,5
Ships and boats,Wages and other employee compensation,0.5815387235443048,total impact,5
Aircraft and spacecraft products,Wages and other employee compensation,0.443935293,total impact,5
Other Transport Equipment,Wages and other employee compensation,0.4119384802687161,total impact,5
Furniture,Wages and other employee compensation,0.5247525895151639,total impact,5
Other manufactured goods,Wages and other employee compensation,0.4742427945880442,total impact,5
Ship and boat repair and maintenance,Wages and other employee compensation,0.5459525052027637,total impact,5
Air and spacecraft repair and maintenance,Wages and other employee compensation,0.4933825218188304,total impact,5
Other repair services,Wages and other employee compensation,0.4722529489669404,total impact,5
Electricity services,Wages and other employee compensation,0.2827333457220256,total impact,5
"Mains gas, steam and air conditioning services",Wages and other employee compensation,0.3049940924038279,total impact,5
Water services,Wages and other employee compensation,0.2959798922453769,total impact,5
Sewerage services,Wages and other employee compensation,0.2143389464374229,total impact,5
Waste collection and treatment services,Wages and other employee compensation,0.4102384942301165,total impact,5
Remediation and waste management services,Wages and other employee compensation,0.4413041854507141,total impact,5
Construction services,Wages and other employee compensation,0.415564878,total impact,5
Motor vehicle trade services,Wages and other employee compensation,0.5925390480172897,total impact,5
Wholesale trade services,Wages and other employee compensation,0.514459185,total impact,5
Retail trade services,Wages and other employee compensation,0.5214967528605525,total impact,5
Rail transport services,Wages and other employee compensation,0.5740309058848458,total impact,5
Land transport services,Wages and other employee compensation,0.5497682205220069,total impact,5
Water transport services,Wages and other employee compensation,0.4364038280312414,total impact,5
Air transport services,Wages and other employee compensation,0.3553161920968603,total impact,5
Warehousing services,Wages and other employee compensation,0.5700697621389818,total impact,5
Postal and courier services,Wages and other employee compensation,0.5936335906968048,total impact,5
Accommodation services,Wages and other employee compensation,0.5336551157206703,total impact,5
Food and beverage services,Wages and other employee compensation,0.5720056084083756,total impact,5
Publishing services,Wages and other employee compensation,0.5100624527354909,total impact,5
Media Production services,Wages and other employee compensation,0.410207542,total impact,5
Telecommunications services,Wages and other employee compensation,0.464965676,total impact,5
Computer programming services,Wages and other employee compensation,0.5968648254864775,total impact,5
Information services,Wages and other employee compensation,0.5147251051176958,total impact,5
Financial services (excl. insurance and pensions),Wages and other employee compensation,0.4691658234527665,total impact,5
Insurance and pension services,Wages and other employee compensation,0.285243238,total impact,5
Auxiliary financial services,Wages and other employee compensation,0.4664328222913882,total impact,5
Real estate services,Wages and other employee compensation,0.5895574000315197,total impact,5
Owner-occupier housing services,Wages and other employee compensation,0.062559812,total impact,5
Other real estate services,Wages and other employee compensation,0.3081837628895983,total impact,5
Legal services,Wages and other employee compensation,0.4406494004254327,total impact,5
Accounting and tax services,Wages and other employee compensation,0.5652381183644333,total impact,5
Management consulting services,Wages and other employee compensation,0.5301807762470826,total impact,5
Architectural and engineering services,Wages and other employee compensation,0.5680878915827843,total impact,5
Scientific research and development services,Wages and other employee compensation,0.5297391773166876,total impact,5
Advertising and market research services,Wages and other employee compensation,0.4758574890472622,total impact,5
Other scientific and technical services,Wages and other employee compensation,0.602998041,total impact,5
Veterinary services,Wages and other employee compensation,0.5853029968276415,total impact,5
Rental and leasing services,Wages and other employee compensation,0.4809489799528407,total impact,5
Employment services,Wages and other employee compensation,0.7017533487504308,total impact,5
Travel services,Wages and other employee compensation,0.4559682503068277,total impact,5
Security services,Wages and other employee compensation,0.5422627723964759,total impact,5
Building and landscape services,Wages and other employee compensation,0.5049646960229496,total impact,5
Office support services,Wages and other employee compensation,0.5202521903897117,total impact,5
Public administration services (including defence),Wages and other employee compensation,0.5723439202714867,total impact,5
Education services,Wages and other employee compensation,0.6858290882126988,total impact,5
Health services,Wages and other employee compensation,0.6100903235512134,total impact,5
Residential and social care services,Wages and other employee compensation,0.7345142777932507,total impact,5
Arts and entertainment services,Wages and other employee compensation,0.4056454759720401,total impact,5
Libraries and other cultural services,Wages and other employee compensation,0.5862001889826449,total impact,5
Gambling services,Wages and other employee compensation,0.4613605241089284,total impact,5
Sports and recreation services,Wages and other employee compensation,0.5472836610294016,total impact,5
Membership services,Wages and other employee compensation,0.6566694889712517,total impact,5
Computer repair services,Wages and other employee compensation,0.4747803998015726,total impact,5
Other personal services,Wages and other employee compensation,0.3121402292007114,total impact,5
Services of households who employ domestic personnel,Wages and other employee compensation,1,total impact,5
Agriculture products,Company profits,0.5342287500183321,total impact,6
Forestry products,Company profits,0.3910694367397398,total impact,6
Fishing products,Company profits,0.3237924898316664,total impact,6
Coal and lignite,Company profits,0.3979858032342271,total impact,6
"Petroleum, natural gas and mining of metal ores",Company profits,0.6300924175073375,total impact,6
Other mining products,Company profits,0.3022862715890084,total impact,6
Mining support services,Company profits,0.2156431547798755,total impact,6
Meat and preserved meat products,Company profits,0.3259439235551018,total impact,6
"Fish, seafood, fruit and vegetables",Company profits,0.3069280141759155,total impact,6
Oils and fats,Company profits,0.2472238744598999,total impact,6
Dairy products,Company profits,0.4177351204210935,total impact,6
Grain mill and starch products,Company profits,0.2943162402310914,total impact,6
Bakery products,Company profits,0.2595609367213741,total impact,6
Other food products,Company profits,0.2844643610351545,total impact,6
Animal feeds,Company profits,0.3309554514381272,total impact,6
Alcoholic beverages and tobacco,Company profits,0.4118466554652416,total impact,6
Soft drinks,Company profits,0.3833134699546981,total impact,6
Textiles,Company profits,0.3048392429651143,total impact,6
Clothing,Company profits,0.3358025292951515,total impact,6
Leather products,Company profits,0.3419984338479014,total impact,6
Wood products (excl. furniture),Company profits,0.2473571654481237,total impact,6
Paper products,Company profits,0.2178646010079076,total impact,6
Printing and recording services,Company profits,0.2340287410703248,total impact,6
Coke and refined petroleum products,Company profits,0.1241941339438566,total impact,6
Paints and coatings,Company profits,0.2113687001651993,total impact,6
Soap and detergents,Company profits,0.3480990477294328,total impact,6
Other chemical products,Company profits,0.2656309930634899,total impact,6
Industrial gases and fertilizers,Company profits,0.2501188518638555,total impact,6
Petrochemicals,Company profits,0.2312820996907357,total impact,6
Dyestuffs and agro-chemicals,Company profits,0.3039818937979383,total impact,6
Pharmaceutical products,Company profits,0.3720821093429348,total impact,6
Rubber and plastic products,Company profits,0.17258225,total impact,6
Cement and concrete products,Company profits,0.2933065330417885,total impact,6
"Glass, ceramic and stone products",Company profits,0.2420033180765975,total impact,6
Basic iron and steel,Company profits,0.2216774188839093,total impact,6
Other basic metals and casting,Company profits,0.2054079599292155,total impact,6
Weapons and ammunition,Company profits,0.1992136619328858,total impact,6
Other fabricated metal products,Company profits,0.2425305550076941,total impact,6
Computer and electronic products,Company profits,0.2352792118436757,total impact,6
Electrical equipment,Company profits,0.1868027708054273,total impact,6
Other machinery and equipment,Company profits,0.2464653636387336,total impact,6
Motor vehicles,Company profits,0.2008927591592072,total impact,6
Ships and boats,Company profits,0.2320531873372645,total impact,6
Aircraft and spacecraft products,Company profits,0.2315865895332601,total impact,6
Other Transport Equipment,Company profits,0.2386190897650113,total impact,6
Furniture,Company profits,0.224305803,total impact,6
Other manufactured goods,Company profits,0.2624805043782725,total impact,6
Ship and boat repair and maintenance,Company profits,0.3325991259393039,total impact,6
Air and spacecraft repair and maintenance,Company profits,0.2471384864598316,total impact,6
Other repair services,Company profits,0.2577093359730264,total impact,6
Electricity services,Company profits,0.4490967141103872,total impact,6
"Mains gas, steam and air conditioning services",Company profits,0.4277355998009222,total impact,6
Water services,Company profits,0.5825961931281253,total impact,6
Sewerage services,Company profits,0.7299715689216261,total impact,6
Waste collection and treatment services,Company profits,0.2862639222120161,total impact,6
Remediation and waste management services,Company profits,0.4695736145780263,total impact,6
Construction services,Company profits,0.4092952254683767,total impact,6
Motor vehicle trade services,Company profits,0.2053293621658299,total impact,6
Wholesale trade services,Company profits,0.2893237682209793,total impact,6
Retail trade services,Company profits,0.3203583471040726,total impact,6
Rail transport services,Company profits,0.2614271298442684,total impact,6
Land transport services,Company profits,0.2362539534284769,total impact,6
Water transport services,Company profits,0.3427141593770647,total impact,6
Air transport services,Company profits,0.1904327852641209,total impact,6
Warehousing services,Company profits,0.2510187219148839,total impact,6
Postal and courier services,Company profits,0.232520977,total impact,6
Accommodation services,Company profits,0.3270662543731336,total impact,6
Food and beverage services,Company profits,0.2575135792907791,total impact,6
Publishing services,Company profits,0.3381588319885835,total impact,6
Media Production services,Company profits,0.4375153890497608,total impact,6
Telecommunications services,Company profits,0.3667802481535356,total impact,6
Computer programming services,Company profits,0.2299013874241642,total impact,6
Information services,Company profits,0.3372431060616258,total impact,6
Financial services (excl. insurance and pensions),Company profits,0.3575605196494844,total impact,6
Insurance and pension services,Company profits,0.459273574,total impact,6
Auxiliary financial services,Company profits,0.3560679277153889,total impact,6
Real estate services,Company profits,0.2986846944047254,total impact,6
Owner-occupier housing services,Company profits,0.9102911093830408,total impact,6
Other real estate services,Company profits,0.6084115965310478,total impact,6
Legal services,Company profits,0.4869210016175158,total impact,6
Accounting and tax services,Company profits,0.3451499703727398,total impact,6
Management consulting services,Company profits,0.2298196270950242,total impact,6
Architectural and engineering services,Company profits,0.2034807468691892,total impact,6
Scientific research and development services,Company profits,0.3018713927054326,total impact,6
Advertising and market research services,Company profits,0.404911274,total impact,6
Other scientific and technical services,Company profits,0.256804399,total impact,6
Veterinary services,Company profits,0.3624007782724031,total impact,6
Rental and leasing services,Company profits,0.4034106101572639,total impact,6
Employment services,Company profits,0.1951065857179609,total impact,6
Travel services,Company profits,0.2806204186133367,total impact,6
Security services,Company profits,0.3728842089079017,total impact,6
Building and landscape services,Company profits,0.3906841298116153,total impact,6
Office support services,Company profits,0.288651918,total impact,6
Public administration services (including defence),Company profits,0.281686479,total impact,6
Education services,Company profits,0.2380048752585376,total impact,6
Health services,Company profits,0.2368192456854155,total impact,6
Residential and social care services,Company profits,0.1681307071282657,total impact,6
Arts and entertainment services,Company profits,0.4601186091695076,total impact,6
Libraries and other cultural services,Company profits,0.2893485941300724,total impact,6
Gambling services,Company profits,0.3930028548566812,total impact,6
Sports and recreation services,Company profits,0.2880246128236013,total impact,6
Membership services,Company profits,0.2068583137074107,total impact,6
Computer repair services,Company profits,0.3887969998351778,total impact,6
Other personal services,Company profits,0.6051780480996631,total impact,6
Services of households who employ domestic personnel,Company profits,0,total impact,6
Agriculture products,Taxes less subsidies on production,-0.071528549,total impact,7
Forestry products,Taxes less subsidies on production,0.004424889,total impact,7
Fishing products,Taxes less subsidies on production,0.007290318,total impact,7
Coal and lignite,Taxes less subsidies on production,-0.025176361,total impact,7
"Petroleum, natural gas and mining of metal ores",Taxes less subsidies on production,0.00923219,total impact,7
Other mining products,Taxes less subsidies on production,0.016771449,total impact,7
Mining support services,Taxes less subsidies on production,0.011786368,total impact,7
Meat and preserved meat products,Taxes less subsidies on production,-0.011455834,total impact,7
"Fish, seafood, fruit and vegetables",Taxes less subsidies on production,-0.002125538,total impact,7
Oils and fats,Taxes less subsidies on production,-0.024030927,total impact,7
Dairy products,Taxes less subsidies on production,-0.019967851,total impact,7
Grain mill and starch products,Taxes less subsidies on production,-0.005596654,total impact,7
Bakery products,Taxes less subsidies on production,0.008620997,total impact,7
Other food products,Taxes less subsidies on production,0.009000097,total impact,7
Animal feeds,Taxes less subsidies on production,-0.008483931,total impact,7
Alcoholic beverages and tobacco,Taxes less subsidies on production,0.003756786,total impact,7
Soft drinks,Taxes less subsidies on production,0.002861621,total impact,7
Textiles,Taxes less subsidies on production,0.007001652,total impact,7
Clothing,Taxes less subsidies on production,0.003028664,total impact,7
Leather products,Taxes less subsidies on production,-0.027848135,total impact,7
Wood products (excl. furniture),Taxes less subsidies on production,0.007844687,total impact,7
Paper products,Taxes less subsidies on production,0.011677143,total impact,7
Printing and recording services,Taxes less subsidies on production,0.01080122,total impact,7
Coke and refined petroleum products,Taxes less subsidies on production,0.005526163,total impact,7
Paints and coatings,Taxes less subsidies on production,-0.000942162,total impact,7
Soap and detergents,Taxes less subsidies on production,0.004131518,total impact,7
Other chemical products,Taxes less subsidies on production,0.003023365,total impact,7
Industrial gases and fertilizers,Taxes less subsidies on production,0.007306912,total impact,7
Petrochemicals,Taxes less subsidies on production,0.008394053,total impact,7
Dyestuffs and agro-chemicals,Taxes less subsidies on production,-0.007075568,total impact,7
Pharmaceutical products,Taxes less subsidies on production,0.005723637,total impact,7
Rubber and plastic products,Taxes less subsidies on production,0.011317521,total impact,7
Cement and concrete products,Taxes less subsidies on production,0.016966279,total impact,7
"Glass, ceramic and stone products",Taxes less subsidies on production,0.01474169,total impact,7
Basic iron and steel,Taxes less subsidies on production,0.01955787,total impact,7
Other basic metals and casting,Taxes less subsidies on production,0.004840433,total impact,7
Weapons and ammunition,Taxes less subsidies on production,-0.000335751,total impact,7
Other fabricated metal products,Taxes less subsidies on production,0.013434857,total impact,7
Computer and electronic products,Taxes less subsidies on production,0.007744311,total impact,7
Electrical equipment,Taxes less subsidies on production,0.009049453,total impact,7
Other machinery and equipment,Taxes less subsidies on production,0.010266403,total impact,7
Motor vehicles,Taxes less subsidies on production,0.009476682,total impact,7
Ships and boats,Taxes less subsidies on production,0.000519403,total impact,7
Aircraft and spacecraft products,Taxes less subsidies on production,0.007883681,total impact,7
Other Transport Equipment,Taxes less subsidies on production,-0.004287209,total impact,7
Furniture,Taxes less subsidies on production,0.02234653,total impact,7
Other manufactured goods,Taxes less subsidies on production,0.010276658,total impact,7
Ship and boat repair and maintenance,Taxes less subsidies on production,-0.021404158,total impact,7
Air and spacecraft repair and maintenance,Taxes less subsidies on production,-0.001162189,total impact,7
Other repair services,Taxes less subsidies on production,0.007261178,total impact,7
Electricity services,Taxes less subsidies on production,0.047499897,total impact,7
"Mains gas, steam and air conditioning services",Taxes less subsidies on production,0.0427767,total impact,7
Water services,Taxes less subsidies on production,0.056399095,total impact,7
Sewerage services,Taxes less subsidies on production,0.017540027,total impact,7
Waste collection and treatment services,Taxes less subsidies on production,0.015270284,total impact,7
Remediation and waste management services,Taxes less subsidies on production,0.007514544,total impact,7
Construction services,Taxes less subsidies on production,0.012813821,total impact,7
Motor vehicle trade services,Taxes less subsidies on production,0.02558511,total impact,7
Wholesale trade services,Taxes less subsidies on production,0.016009426,total impact,7
Retail trade services,Taxes less subsidies on production,0.04920739,total impact,7
Rail transport services,Taxes less subsidies on production,0.023600215,total impact,7
Land transport services,Taxes less subsidies on production,0.020741288,total impact,7
Water transport services,Taxes less subsidies on production,0.013166006,total impact,7
Air transport services,Taxes less subsidies on production,0.004555226,total impact,7
Warehousing services,Taxes less subsidies on production,0.028515266,total impact,7
Postal and courier services,Taxes less subsidies on production,0.015959848,total impact,7
Accommodation services,Taxes less subsidies on production,0.034900059,total impact,7
Food and beverage services,Taxes less subsidies on production,0.028615025,total impact,7
Publishing services,Taxes less subsidies on production,0.004108715,total impact,7
Media Production services,Taxes less subsidies on production,-0.036240935,total impact,7
Telecommunications services,Taxes less subsidies on production,0.01304194,total impact,7
Computer programming services,Taxes less subsidies on production,0.008247773,total impact,7
Information services,Taxes less subsidies on production,0.002143543,total impact,7
Financial services (excl. insurance and pensions),Taxes less subsidies on production,0.019543552,total impact,7
Insurance and pension services,Taxes less subsidies on production,0.013527784,total impact,7
Auxiliary financial services,Taxes less subsidies on production,0.007681188,total impact,7
Real estate services,Taxes less subsidies on production,0.033508137,total impact,7
Owner-occupier housing services,Taxes less subsidies on production,0.002455857,total impact,7
Other real estate services,Taxes less subsidies on production,-0.0032767,total impact,7
Legal services,Taxes less subsidies on production,0.01170199,total impact,7
Accounting and tax services,Taxes less subsidies on production,0.006716191,total impact,7
Management consulting services,Taxes less subsidies on production,0.013354363,total impact,7
Architectural and engineering services,Taxes less subsidies on production,0.011541137,total impact,7
Scientific research and development services,Taxes less subsidies on production,0.004776092,total impact,7
Advertising and market research services,Taxes less subsidies on production,0.000187998,total impact,7
Other scientific and technical services,Taxes less subsidies on production,0.012505875,total impact,7
Veterinary services,Taxes less subsidies on production,-0.021485679,total impact,7
Rental and leasing services,Taxes less subsidies on production,0.013567641,total impact,7
Employment services,Taxes less subsidies on production,0.007307747,total impact,7
Travel services,Taxes less subsidies on production,0.007857214,total impact,7
Security services,Taxes less subsidies on production,0.007178761,total impact,7
Building and landscape services,Taxes less subsidies on production,0.010520168,total impact,7
Office support services,Taxes less subsidies on production,0.015266244,total impact,7
Public administration services (including defence),Taxes less subsidies on production,0.004172415,total impact,7
Education services,Taxes less subsidies on production,0.006381111,total impact,7
Health services,Taxes less subsidies on production,0.004670719,total impact,7
Residential and social care services,Taxes less subsidies on production,0.008118875,total impact,7
Arts and entertainment services,Taxes less subsidies on production,0.005896759,total impact,7
Libraries and other cultural services,Taxes less subsidies on production,0.009746159,total impact,7
Gambling services,Taxes less subsidies on production,0.020153401,total impact,7
Sports and recreation services,Taxes less subsidies on production,0.025234073,total impact,7
Membership services,Taxes less subsidies on production,0.010598226,total impact,7
Computer repair services,Taxes less subsidies on production,0.010996125,total impact,7
Other personal services,Taxes less subsidies on production,0.011279668,total impact,7
Services of households who employ domestic personnel,Taxes less subsidies on production,0,total impact,7
Agriculture products,Value added by producers,0.8275149735844777,total impact,8
Forestry products,Value added by producers,0.8792816345753554,total impact,8
Fishing products,Value added by producers,0.7284108183089187,total impact,8
Coal and lignite,Value added by producers,0.835477641,total impact,8
"Petroleum, natural gas and mining of metal ores",Value added by producers,0.8764106192252094,total impact,8
Other mining products,Value added by producers,0.6955067024694035,total impact,8
Mining support services,Value added by producers,0.6993944094728636,total impact,8
Meat and preserved meat products,Value added by producers,0.8207623981513557,total impact,8
"Fish, seafood, fruit and vegetables",Value added by producers,0.8086522403657642,total impact,8
Oils and fats,Value added by producers,0.6023353925661452,total impact,8
Dairy products,Value added by producers,0.8309800567274302,total impact,8
Grain mill and starch products,Value added by producers,0.6837774650721069,total impact,8
Bakery products,Value added by producers,0.8373206896849374,total impact,8
Other food products,Value added by producers,0.8020871161400588,total impact,8
Animal feeds,Value added by producers,0.7531908875845892,total impact,8
Alcoholic beverages and tobacco,Value added by producers,0.7932111576662946,total impact,8
Soft drinks,Value added by producers,0.7906631062246904,total impact,8
Textiles,Value added by producers,0.7901340448308616,total impact,8
Clothing,Value added by producers,0.8829035543058276,total impact,8
Leather products,Value added by producers,0.7861630588106006,total impact,8
Wood products (excl. furniture),Value added by producers,0.6466655991203819,total impact,8
Paper products,Value added by producers,0.685471573,total impact,8
Printing and recording services,Value added by producers,0.7176553952157813,total impact,8
Coke and refined petroleum products,Value added by producers,0.1962693165682926,total impact,8
Paints and coatings,Value added by producers,0.6831533284766913,total impact,8
Soap and detergents,Value added by producers,0.7685987896898826,total impact,8
Other chemical products,Value added by producers,0.6052910428896611,total impact,8
Industrial gases and fertilizers,Value added by producers,0.577384867,total impact,8
Petrochemicals,Value added by producers,0.5569492535490425,total impact,8
Dyestuffs and agro-chemicals,Value added by producers,0.676306079,total impact,8
Pharmaceutical products,Value added by producers,0.7518505708566967,total impact,8
Rubber and plastic products,Value added by producers,0.6089688862850615,total impact,8
Cement and concrete products,Value added by producers,0.7450306760417518,total impact,8
"Glass, ceramic and stone products",Value added by producers,0.6952977688386701,total impact,8
Basic iron and steel,Value added by producers,0.6402973565238106,total impact,8
Other basic metals and casting,Value added by producers,0.526352944,total impact,8
Weapons and ammunition,Value added by producers,0.7380359749880493,total impact,8
Other fabricated metal products,Value added by producers,0.7279178153372711,total impact,8
Computer and electronic products,Value added by producers,0.8151501655302575,total impact,8
Electrical equipment,Value added by producers,0.6614510514092666,total impact,8
Other machinery and equipment,Value added by producers,0.6698249566849186,total impact,8
Motor vehicles,Value added by producers,0.5676362826746267,total impact,8
Ships and boats,Value added by producers,0.8141113142959948,total impact,8
Aircraft and spacecraft products,Value added by producers,0.6834055631287708,total impact,8
Other Transport Equipment,Value added by producers,0.6462703610602688,total impact,8
Furniture,Value added by producers,0.7714049221456698,total impact,8
Other manufactured goods,Value added by producers,0.746999957,total impact,8
Ship and boat repair and maintenance,Value added by producers,0.8571474732822727,total impact,8
Air and spacecraft repair and maintenance,Value added by producers,0.7393588189467482,total impact,8
Other repair services,Value added by producers,0.7372234625907369,total impact,8
Electricity services,Value added by producers,0.779329956,total impact,8
"Mains gas, steam and air conditioning services",Value added by producers,0.7755063921873115,total impact,8
Water services,Value added by producers,0.9349751805391444,total impact,8
Sewerage services,Value added by producers,0.9618505421344226,total impact,8
Waste collection and treatment services,Value added by producers,0.7117727008515022,total impact,8
Remediation and waste management services,Value added by producers,0.9183923441436904,total impact,8
Construction services,Value added by producers,0.8376739242212777,total impact,8
Motor vehicle trade services,Value added by producers,0.8234535205587613,total impact,8
Wholesale trade services,Value added by producers,0.8197923795212774,total impact,8
Retail trade services,Value added by producers,0.8910624904308867,total impact,8
Rail transport services,Value added by producers,0.8590582503780173,total impact,8
Land transport services,Value added by producers,0.8067634621192454,total impact,8
Water transport services,Value added by producers,0.7922839930442578,total impact,8
Air transport services,Value added by producers,0.5503042033199246,total impact,8
Warehousing services,Value added by producers,0.8496037503432635,total impact,8
Postal and courier services,Value added by producers,0.8421144156106549,total impact,8
Accommodation services,Value added by producers,0.8956214292747081,total impact,8
Food and beverage services,Value added by producers,0.8581342130037444,total impact,8
Publishing services,Value added by producers,0.8523300000128134,total impact,8
Media Production services,Value added by producers,0.8114819962488582,total impact,8
Telecommunications services,Value added by producers,0.8447878645847342,total impact,8
Computer programming services,Value added by producers,0.8350139856197514,total impact,8
Information services,Value added by producers,0.8541117542467256,total impact,8
Financial services (excl. insurance and pensions),Value added by producers,0.846269895,total impact,8
Insurance and pension services,Value added by producers,0.758044595,total impact,8
Auxiliary financial services,Value added by producers,0.8301819380406843,total impact,8
Real estate services,Value added by producers,0.9217502317409084,total impact,8
Owner-occupier housing services,Value added by producers,0.9753067787342032,total impact,8
Other real estate services,Value added by producers,0.9133186592977872,total impact,8
Legal services,Value added by producers,0.9392723917140507,total impact,8
Accounting and tax services,Value added by producers,0.9171042797075044,total impact,8
Management consulting services,Value added by producers,0.7733547664321366,total impact,8
Architectural and engineering services,Value added by producers,0.7831097756841447,total impact,8
Scientific research and development services,Value added by producers,0.8363866624406459,total impact,8
Advertising and market research services,Value added by producers,0.8809567606903251,total impact,8
Other scientific and technical services,Value added by producers,0.8723083157731386,total impact,8
Veterinary services,Value added by producers,0.9262180962950224,total impact,8
Rental and leasing services,Value added by producers,0.8979272314505418,total impact,8
Employment services,Value added by producers,0.9041676814922636,total impact,8
Travel services,Value added by producers,0.7444458824908068,total impact,8
Security services,Value added by producers,0.9223257426963306,total impact,8
Building and landscape services,Value added by producers,0.9061689937101371,total impact,8
Office support services,Value added by producers,0.8241703521651403,total impact,8
Public administration services (including defence),Value added by producers,0.8582028143653748,total impact,8
Education services,Value added by producers,0.9302150744842612,total impact,8
Health services,Value added by producers,0.8515802878927483,total impact,8
Residential and social care services,Value added by producers,0.91076386,total impact,8
Arts and entertainment services,Value added by producers,0.8716608444746408,total impact,8
Libraries and other cultural services,Value added by producers,0.8852949424453609,total impact,8
Gambling services,Value added by producers,0.8745167796348322,total impact,8
Sports and recreation services,Value added by producers,0.8605423469135247,total impact,8
Membership services,Value added by producers,0.8741260286090231,total impact,8
Computer repair services,Value added by producers,0.8745735249422191,total impact,8
Other personal services,Value added by producers,0.9285979457005854,total impact,8
Services of households who employ domestic personnel,Value added by producers,1,total impact,8
Agriculture products,Output,2.0348101303140256,total impact,9
Forestry products,Output,1.8011510402492192,total impact,9
Fishing products,Output,1.8806314918314744,total impact,9
Coal and lignite,Output,1.875459088859749,total impact,9
"Petroleum, natural gas and mining of metal ores",Output,1.5810881008748423,total impact,9
Other mining products,Output,1.853246340560312,total impact,9
Mining support services,Output,1.9526732899992336,total impact,9
Meat and preserved meat products,Output,2.374292313619228,total impact,9
"Fish, seafood, fruit and vegetables",Output,2.214121648076796,total impact,9
Oils and fats,Output,1.944554153399617,total impact,9
Dairy products,Output,2.3822629102102257,total impact,9
Grain mill and starch products,Output,2.1055539658271787,total impact,9
Bakery products,Output,2.0512223275958896,total impact,9
Other food products,Output,2.006865992581063,total impact,9
Animal feeds,Output,2.387932413752122,total impact,9
Alcoholic beverages and tobacco,Output,1.928150239891988,total impact,9
Soft drinks,Output,1.9975926552015475,total impact,9
Textiles,Output,1.4619922892887678,total impact,9
Clothing,Output,1.523162403962215,total impact,9
Leather products,Output,1.6068582646962062,total impact,9
Wood products (excl. furniture),Output,1.5024760092052634,total impact,9
Paper products,Output,1.6744929225079883,total impact,9
Printing and recording services,Output,1.5816757828095624,total impact,9
Coke and refined petroleum products,Output,1.1940522574515962,total impact,9
Paints and coatings,Output,1.615956273106755,total impact,9
Soap and detergents,Output,1.5312771529696505,total impact,9
Other chemical products,Output,1.5677333913901663,total impact,9
Industrial gases and fertilizers,Output,1.7732386314322506,total impact,9
Petrochemicals,Output,1.739980285343591,total impact,9
Dyestuffs and agro-chemicals,Output,1.5574905544057744,total impact,9
Pharmaceutical products,Output,1.5123919126804428,total impact,9
Rubber and plastic products,Output,1.6033264010169666,total impact,9
Cement and concrete products,Output,1.7565509680467783,total impact,9
"Glass, ceramic and stone products",Output,1.733511719168204,total impact,9
Basic iron and steel,Output,1.692040828,total impact,9
Other basic metals and casting,Output,1.3873337872677896,total impact,9
Weapons and ammunition,Output,1.798080495826496,total impact,9
Other fabricated metal products,Output,1.509123636901279,total impact,9
Computer and electronic products,Output,1.5148970838620124,total impact,9
Electrical equipment,Output,1.5589988994859578,total impact,9
Other machinery and equipment,Output,1.5781044463713865,total impact,9
Motor vehicles,Output,1.653048797482587,total impact,9
Ships and boats,Output,1.789477645,total impact,9
Aircraft and spacecraft products,Output,1.8143552979059936,total impact,9
Other Transport Equipment,Output,1.6375233250504369,total impact,9
Furniture,Output,1.5659884278895932,total impact,9
Other manufactured goods,Output,1.5470741346894363,total impact,9
Ship and boat repair and maintenance,Output,1.469940136603373,total impact,9
Air and spacecraft repair and maintenance,Output,1.8645715049845464,total impact,9
Other repair services,Output,1.591478547189867,total impact,9
Electricity services,Output,2.6475957495540405,total impact,9
"Mains gas, steam and air conditioning services",Output,2.627297359,total impact,9
Water services,Output,1.5048242751403198,total impact,9
Sewerage services,Output,1.285111702705341,total impact,9
Waste collection and treatment services,Output,1.779291760023243,total impact,9
Remediation and waste management services,Output,1.6621352782385783,total impact,9
Construction services,Output,2.1006049259006594,total impact,9
Motor vehicle trade services,Output,1.6567454976538214,total impact,9
Wholesale trade services,Output,1.613340243124294,total impact,9
Retail trade services,Output,1.5767218869647768,total impact,9
Rail transport services,Output,2.043347439246284,total impact,9
Land transport services,Output,1.7013365542747312,total impact,9
Water transport services,Output,1.7785719155110382,total impact,9
Air transport services,Output,1.763312674963798,total impact,9
Warehousing services,Output,1.7706266739423495,total impact,9
Postal and courier services,Output,1.5553145809687468,total impact,9
Accommodation services,Output,1.6389955487462335,total impact,9
Food and beverage services,Output,1.7094775553447128,total impact,9
Publishing services,Output,1.640495064930182,total impact,9
Media Production services,Output,1.7903912748043775,total impact,9
Telecommunications services,Output,1.389266391731645,total impact,9
Computer programming services,Output,1.523510655810998,total impact,9
Information services,Output,1.5448381187823617,total impact,9
Financial services (excl. insurance and pensions),Output,1.6835149935531195,total impact,9
Insurance and pension services,Output,1.5651673797203212,total impact,9
Auxiliary financial services,Output,1.4999034465046277,total impact,9
Real estate services,Output,1.6218065928689362,total impact,9
Owner-occupier housing services,Output,1.2553849161055357,total impact,9
Other real estate services,Output,1.604822205937757,total impact,9
Legal services,Output,1.3244829773667453,total impact,9
Accounting and tax services,Output,1.2585658801095156,total impact,9
Management consulting services,Output,1.5003824048710954,total impact,9
Architectural and engineering services,Output,1.7249098104510232,total impact,9
Scientific research and development services,Output,1.6795204054467276,total impact,9
Advertising and market research services,Output,1.681161672311896,total impact,9
Other scientific and technical services,Output,1.881068894005521,total impact,9
Veterinary services,Output,1.3402635048449654,total impact,9
Rental and leasing services,Output,1.4950994954490788,total impact,9
Employment services,Output,1.5461028625259732,total impact,9
Travel services,Output,1.7670920646483044,total impact,9
Security services,Output,1.674970097177373,total impact,9
Building and landscape services,Output,1.857528569533793,total impact,9
Office support services,Output,1.6238694037235497,total impact,9
Public administration services (including defence),Output,1.5667984223068965,total impact,9
Education services,Output,1.3911368759629412,total impact,9
Health services,Output,1.473019839,total impact,9
Residential and social care services,Output,1.5582776112826084,total impact,9
Arts and entertainment services,Output,1.5972349890601916,total impact,9
Libraries and other cultural services,Output,1.6719410615752903,total impact,9
Gambling services,Output,1.6866477796443804,total impact,9
Sports and recreation services,Output,1.5387767651616988,total impact,9
Membership services,Output,1.6307638559981366,total impact,9
Computer repair services,Output,1.4611228436595245,total impact,9
Other personal services,Output,1.2913467215670895,total impact,9
Services of households who employ domestic personnel,Output,1,total impact,9
