date,Public Sector Total Current Receipts
1956,36.71351904
1957,36.33268712
1958,35.88603938
1959,36.36441586
1960,34.35363205
1961,34.04686796
1962,35.80773606
1963,35.87296196
1964,35.24361585
1965,35.74175036
1966,37.49699672
1967,38.09321185
1968,39.57240633
1969,41.11975715
1970,41.99268667
1971,40.19709723
1972,38.50608529
1973,36.0159686
1974,36.30270166
1975,39.00897871
1976,40.11376621
1977,40.21695488
1978,38.41550505
1979,36.959995
1980,37.35800163
1981,38.61776296
1982,41.00371922
1983,40.68502322
1984,39.57979294
1985,39.28317717
1986,38.29829929
1987,37.34810124
1988,36.25034004
1989,35.57725026
1990,34.8158816
1991,33.9740406
1992,33.54582844
1993,32.1620727
1994,31.35952049
1995,32.31618648
1996,33.28620083
1997,32.55064547
1998,34.72703054
1999,35.20786052
2000,36.03957257
2001,36.70538918
2002,35.91483055
2003,34.61056619
2004,35.56461354
2005,36.29805459
2006,36.79210279
2007,37.10660376
2008,37.26619853
2009,36.18654876
2010,36.16611968
2011,37.16681409
2012,37.40025543
2013,36.91656758
2014,36.73201652
2015,36.82820187
2016,36.88660906
2017,37.71191378
2018,37.57826595
2019,37.70689775
2020,37.27379185
2021,null
