date,codes,names,Total,UK,EU,Rest of the world
Sep-16,All,All Occupations,31401070,28015130,2146640,1239300
Sep-17,All,All Occupations,31764830,28242360,2311790,1210680
Sep-18,All,All Occupations,32100200,28550850,2280430,1268920
Sep-19,All,All Occupations,32500960,28784580,2381930,1334450
Sep-20,All,All Occupations,32503100,28850180,2265710,1387210
Sep-21,All,All Occupations,32037640,28420360,2175040,1442240
Sep-16,SOC111,Chief Executives and Senior Officials,94750,89160,1540,4050
Sep-17,SOC111,Chief Executives and Senior Officials,95790,87480,5080,3230
Sep-18,SOC111,Chief Executives and Senior Officials,97580,85140,4930,7510
Sep-19,SOC111,Chief Executives and Senior Officials,115430,100910,5620,8900
Sep-20,SOC111,Chief Executives and Senior Officials,114820,100460,8900,5460
Sep-21,SOC111,Chief Executives and Senior Officials,122040,102860,11230,7950
Sep-16,SOC112,Production Managers and Directors,506900,477310,16240,13350
Sep-17,SOC112,Production Managers and Directors,494600,460630,22490,11480
Sep-18,SOC112,Production Managers and Directors,531060,496660,24340,10060
Sep-19,SOC112,Production Managers and Directors,534540,491200,31510,11830
Sep-20,SOC112,Production Managers and Directors,538710,505320,23130,10260
Sep-21,SOC112,Production Managers and Directors,465760,438060,16910,10790
Sep-16,SOC113,Functional Managers and Directors,951310,869860,41730,39720
Sep-17,SOC113,Functional Managers and Directors,1060570,969660,46300,44100
Sep-18,SOC113,Functional Managers and Directors,1078040,990930,48510,38600
Sep-19,SOC113,Functional Managers and Directors,1139890,1041680,56890,41320
Sep-20,SOC113,Functional Managers and Directors,1227240,1127440,48800,50060
Sep-21,SOC113,Functional Managers and Directors,1167410,1053960,60890,52560
Sep-16,SOC115,Financial Institution Managers and Directors,92850,84150,4020,4680
Sep-17,SOC115,Financial Institution Managers and Directors,87000,78350,5440,3210
Sep-18,SOC115,Financial Institution Managers and Directors,91270,83200,2770,5300
Sep-19,SOC115,Financial Institution Managers and Directors,87830,76780,4950,6100
Sep-20,SOC115,Financial Institution Managers and Directors,99590,84220,9980,5390
Sep-21,SOC115,Financial Institution Managers and Directors,111890,102260,6520,3110
Sep-16,SOC116,Managers and Directors in Transport and Logistics,176040,163050,8740,4250
Sep-17,SOC116,Managers and Directors in Transport and Logistics,188680,170630,11760,6290
Sep-18,SOC116,Managers and Directors in Transport and Logistics,183290,166190,13930,3010
Sep-19,SOC116,Managers and Directors in Transport and Logistics,196790,179920,13840,3030
Sep-20,SOC116,Managers and Directors in Transport and Logistics,195760,181170,9240,5350
Sep-21,SOC116,Managers and Directors in Transport and Logistics,196220,176290,12640,7290
Sep-16,SOC117,Senior Officers in Protective Services,47480,45070,0,2410
Sep-17,SOC117,Senior Officers in Protective Services,49330,48660,240,430
Sep-18,SOC117,Senior Officers in Protective Services,52000,48870,1060,2070
Sep-19,SOC117,Senior Officers in Protective Services,53530,50860,1110,1560
Sep-20,SOC117,Senior Officers in Protective Services,56660,54330,1090,1240
Sep-21,SOC117,Senior Officers in Protective Services,51920,49570,1130,1220
Sep-16,SOC118,Health and Social Services Managers and Directors,82440,78200,1300,2940
Sep-17,SOC118,Health and Social Services Managers and Directors,94580,91000,2540,1040
Sep-18,SOC118,Health and Social Services Managers and Directors,98020,89990,4610,3420
Sep-19,SOC118,Health and Social Services Managers and Directors,97710,92420,2230,3060
Sep-20,SOC118,Health and Social Services Managers and Directors,112340,109280,2150,910
Sep-21,SOC118,Health and Social Services Managers and Directors,105140,99190,3070,2880
Sep-16,SOC119,Managers and Directors in Retail and Wholesale,310350,284630,12920,12800
Sep-17,SOC119,Managers and Directors in Retail and Wholesale,327690,303660,14520,9510
Sep-18,SOC119,Managers and Directors in Retail and Wholesale,325260,303480,12800,8980
Sep-19,SOC119,Managers and Directors in Retail and Wholesale,330750,303160,16950,10640
Sep-20,SOC119,Managers and Directors in Retail and Wholesale,341780,310420,20240,11120
Sep-21,SOC119,Managers and Directors in Retail and Wholesale,297020,265860,22020,8840
Sep-16,SOC121,Managers and Proprietors in Agriculture Related Srvcs,39750,37730,1040,980
Sep-17,SOC121,Managers and Proprietors in Agriculture Related Srvcs,46170,43930,1590,650
Sep-18,SOC121,Managers and Proprietors in Agriculture Related Srvcs,39890,38130,1110,650
Sep-19,SOC121,Managers and Proprietors in Agriculture Related Srvcs,36050,34150,1180,720
Sep-20,SOC121,Managers and Proprietors in Agriculture Related Srvcs,36520,34840,1370,310
Sep-21,SOC121,Managers and Proprietors in Agriculture Related Srvcs,34830,33090,1370,370
Sep-16,SOC122,Managers and Proprietors in Hsptlty and Leisure Srvcs,297180,259250,22190,15740
Sep-17,SOC122,Managers and Proprietors in Hsptlty and Leisure Srvcs,290670,247900,29570,13200
Sep-18,SOC122,Managers and Proprietors in Hsptlty and Leisure Srvcs,301360,263100,23180,15080
Sep-19,SOC122,Managers and Proprietors in Hsptlty and Leisure Srvcs,299700,254760,32570,12370
Sep-20,SOC122,Managers and Proprietors in Hsptlty and Leisure Srvcs,306290,258770,30930,16590
Sep-21,SOC122,Managers and Proprietors in Hsptlty and Leisure Srvcs,268990,231970,22060,14960
Sep-16,SOC124,Managers and Proprietors in Health and Care Services,86150,79780,2930,3440
Sep-17,SOC124,Managers and Proprietors in Health and Care Services,77180,70150,2640,4390
Sep-18,SOC124,Managers and Proprietors in Health and Care Services,75440,68630,3550,3260
Sep-19,SOC124,Managers and Proprietors in Health and Care Services,85980,81420,3140,1420
Sep-20,SOC124,Managers and Proprietors in Health and Care Services,78640,73010,3320,2310
Sep-21,SOC124,Managers and Proprietors in Health and Care Services,81240,75680,3320,2240
Sep-16,SOC125,Managers and Proprietors in Other Services,574330,538380,18280,17620
Sep-17,SOC125,Managers and Proprietors in Other Services,562200,526850,19150,16140
Sep-18,SOC125,Managers and Proprietors in Other Services,595570,552060,22910,20220
Sep-19,SOC125,Managers and Proprietors in Other Services,597810,550840,26110,20860
Sep-20,SOC125,Managers and Proprietors in Other Services,623750,574460,24140,25150
Sep-21,SOC125,Managers and Proprietors in Other Services,559710,511220,26860,21370
Sep-16,SOC211,Natural and Social Science Professionals,206510,167990,21830,16690
Sep-17,SOC211,Natural and Social Science Professionals,208250,166390,22640,19100
Sep-18,SOC211,Natural and Social Science Professionals,219240,172340,31890,15010
Sep-19,SOC211,Natural and Social Science Professionals,217460,173460,29100,14900
Sep-20,SOC211,Natural and Social Science Professionals,239920,193580,30650,15690
Sep-21,SOC211,Natural and Social Science Professionals,281350,215580,38700,27070
Sep-16,SOC212,Engineering Professionals,451000,407200,21620,22180
Sep-17,SOC212,Engineering Professionals,481960,435850,26430,19680
Sep-18,SOC212,Engineering Professionals,468990,421500,29150,17880
Sep-19,SOC212,Engineering Professionals,510600,459420,30840,20340
Sep-20,SOC212,Engineering Professionals,504100,447770,32930,23400
Sep-21,SOC212,Engineering Professionals,530370,472060,37000,21310
Sep-16,SOC213,IT and Telecommunications Professionals,938190,800660,51120,86410
Sep-17,SOC213,IT and Telecommunications Professionals,955500,819090,62830,73580
Sep-18,SOC213,IT and Telecommunications Professionals,962560,816010,57580,88210
Sep-19,SOC213,IT and Telecommunications Professionals,1007030,846490,71550,88990
Sep-20,SOC213,IT and Telecommunications Professionals,1109520,931400,84420,93450
Sep-21,SOC213,IT and Telecommunications Professionals,1304010,1060760,123630,118720
Sep-16,SOC214,Conservation and Environment Professionals,52250,51140,720,390
Sep-17,SOC214,Conservation and Environment Professionals,46290,43900,1790,600
Sep-18,SOC214,Conservation and Environment Professionals,60030,52930,5430,1670
Sep-19,SOC214,Conservation and Environment Professionals,61280,56940,3670,670
Sep-20,SOC214,Conservation and Environment Professionals,55870,51120,4170,580
Sep-21,SOC214,Conservation and Environment Professionals,64750,60800,3950,0
Sep-16,SOC215,Research and Development Managers ,43190,36400,4790,2000
Sep-17,SOC215,Research and Development Managers ,57350,49280,5880,2190
Sep-18,SOC215,Research and Development Managers ,53460,45610,5350,2500
Sep-19,SOC215,Research and Development Managers ,54060,46210,5960,1890
Sep-20,SOC215,Research and Development Managers ,58380,51440,3890,3050
Sep-21,SOC215,Research and Development Managers ,67840,59360,4950,3530
Sep-16,SOC221,Health Professionals,521630,462010,26240,33380
Sep-17,SOC221,Health Professionals,577990,499750,38620,39620
Sep-18,SOC221,Health Professionals,553170,480710,38520,33940
Sep-19,SOC221,Health Professionals,577130,493660,45290,37770
Sep-20,SOC221,Health Professionals,620980,531130,44590,45260
Sep-21,SOC221,Health Professionals,638330,539650,48650,49920
Sep-16,SOC222,Therapy Professionals,127840,119940,3590,4310
Sep-17,SOC222,Therapy Professionals,155030,143040,5880,6110
Sep-18,SOC222,Therapy Professionals,177550,164160,8440,4950
Sep-19,SOC222,Therapy Professionals,198580,179520,11790,7270
Sep-20,SOC222,Therapy Professionals,213670,197690,10820,5160
Sep-21,SOC222,Therapy Professionals,212120,196250,8760,7110
Sep-16,SOC223,Nursing and Midwifery Professionals,680710,611100,36260,33350
Sep-17,SOC223,Nursing and Midwifery Professionals,673880,607550,32290,33720
Sep-18,SOC223,Nursing and Midwifery Professionals,665480,594360,32780,38340
Sep-19,SOC223,Nursing and Midwifery Professionals,704420,614110,43570,46740
Sep-20,SOC223,Nursing and Midwifery Professionals,727080,639040,39500,48540
Sep-21,SOC223,Nursing and Midwifery Professionals,611230,541650,37990,30560
Sep-16,SOC231,Teaching and Educational Professionals,1543630,1430960,65930,46740
Sep-17,SOC231,Teaching and Educational Professionals,1570930,1443430,73360,54140
Sep-18,SOC231,Teaching and Educational Professionals,1542840,1439870,57120,45610
Sep-19,SOC231,Teaching and Educational Professionals,1590430,1479450,62260,48240
Sep-20,SOC231,Teaching and Educational Professionals,1663330,1535870,80150,46530
Sep-21,SOC231,Teaching and Educational Professionals,1661290,1535930,70510,54850
Sep-16,SOC241,Legal Professionals,217320,200170,9350,7800
Sep-17,SOC241,Legal Professionals,193760,178840,7940,6980
Sep-18,SOC241,Legal Professionals,205020,193870,5630,5520
Sep-19,SOC241,Legal Professionals,212390,197050,7590,7750
Sep-20,SOC241,Legal Professionals,225500,209180,7760,8560
Sep-21,SOC241,Legal Professionals,225870,212440,6170,7260
Sep-16,SOC242,"Business, Research and Administrative Professionals",700570,628790,36810,34970
Sep-17,SOC242,"Business, Research and Administrative Professionals",722280,636780,44790,40430
Sep-18,SOC242,"Business, Research and Administrative Professionals",761430,673190,47090,41150
Sep-19,SOC242,"Business, Research and Administrative Professionals",819080,726040,44650,48390
Sep-20,SOC242,"Business, Research and Administrative Professionals",854090,757940,44460,51690
Sep-21,SOC242,"Business, Research and Administrative Professionals",929900,834530,48010,47360
Sep-16,SOC243,"Architects, Town Planners and Surveyors",250790,228770,18590,3430
Sep-17,SOC243,"Architects, Town Planners and Surveyors",244320,227020,13250,4050
Sep-18,SOC243,"Architects, Town Planners and Surveyors",274690,249400,19560,5730
Sep-19,SOC243,"Architects, Town Planners and Surveyors",273480,252770,13070,7640
Sep-20,SOC243,"Architects, Town Planners and Surveyors",280170,258150,16540,5480
Sep-21,SOC243,"Architects, Town Planners and Surveyors",263590,239580,13550,10460
Sep-16,SOC244,Welfare Professionals,186160,173800,4920,7440
Sep-17,SOC244,Welfare Professionals,195370,182700,5290,7380
Sep-18,SOC244,Welfare Professionals,184410,167020,5980,11410
Sep-19,SOC244,Welfare Professionals,196980,178670,5340,12970
Sep-20,SOC244,Welfare Professionals,198330,185580,6510,6240
Sep-21,SOC244,Welfare Professionals,217190,203020,7880,6290
Sep-16,SOC245,Librarians and Related Professionals,37050,34960,1550,540
Sep-17,SOC245,Librarians and Related Professionals,45940,42610,1780,1550
Sep-18,SOC245,Librarians and Related Professionals,40910,37750,1210,1950
Sep-19,SOC245,Librarians and Related Professionals,42440,39960,1460,1020
Sep-20,SOC245,Librarians and Related Professionals,39190,37530,400,1260
Sep-21,SOC245,Librarians and Related Professionals,46360,43920,2320,120
Sep-16,SOC246,Quality and Regulatory Professionals,132540,122640,5920,3980
Sep-17,SOC246,Quality and Regulatory Professionals,135190,122730,7700,4760
Sep-18,SOC246,Quality and Regulatory Professionals,146190,131340,11110,3740
Sep-19,SOC246,Quality and Regulatory Professionals,157940,140830,13040,4070
Sep-20,SOC246,Quality and Regulatory Professionals,165160,150720,8630,5810
Sep-21,SOC246,Quality and Regulatory Professionals,181020,162890,12650,5480
Sep-16,SOC247,Media Professionals,159110,146250,7150,5710
Sep-17,SOC247,Media Professionals,160340,144780,8400,7160
Sep-18,SOC247,Media Professionals,170460,151980,8320,10160
Sep-19,SOC247,Media Professionals,177290,154140,13500,9650
Sep-20,SOC247,Media Professionals,194140,177670,9190,7280
Sep-21,SOC247,Media Professionals,224770,199160,18720,6890
Sep-16,SOC311,"Science, Engineering and Production Technicians",283370,253140,20100,10130
Sep-17,SOC311,"Science, Engineering and Production Technicians",319060,290120,21810,7130
Sep-18,SOC311,"Science, Engineering and Production Technicians",331140,302120,22240,6780
Sep-19,SOC311,"Science, Engineering and Production Technicians",348720,317880,22770,8070
Sep-20,SOC311,"Science, Engineering and Production Technicians",339430,306310,21730,11390
Sep-21,SOC311,"Science, Engineering and Production Technicians",330390,296750,21280,12360
Sep-16,SOC312,Draughtspersons and Related Architectural Technicians,59430,53850,3860,1720
Sep-17,SOC312,Draughtspersons and Related Architectural Technicians,60640,55190,3230,2220
Sep-18,SOC312,Draughtspersons and Related Architectural Technicians,65400,57550,4460,3390
Sep-19,SOC312,Draughtspersons and Related Architectural Technicians,66380,56040,8830,1510
Sep-20,SOC312,Draughtspersons and Related Architectural Technicians,72600,62510,5370,4720
Sep-21,SOC312,Draughtspersons and Related Architectural Technicians,75740,63060,3140,9540
Sep-16,SOC313,Information Technology Technicians,206810,185960,11500,9350
Sep-17,SOC313,Information Technology Technicians,198840,178830,8680,11330
Sep-18,SOC313,Information Technology Technicians,218920,197160,9360,12400
Sep-19,SOC313,Information Technology Technicians,214880,190870,13540,10270
Sep-20,SOC313,Information Technology Technicians,221380,200710,11690,8980
Sep-21,SOC313,Information Technology Technicians,246850,213420,15450,17980
Sep-16,SOC321,Health Associate Professionals,166680,152960,9480,4240
Sep-17,SOC321,Health Associate Professionals,168900,157370,6650,4880
Sep-18,SOC321,Health Associate Professionals,169400,157560,5860,5980
Sep-19,SOC321,Health Associate Professionals,167980,149310,12500,6170
Sep-20,SOC321,Health Associate Professionals,167890,148900,14460,4530
Sep-21,SOC321,Health Associate Professionals,181050,157330,12870,10270
Sep-16,SOC323,Welfare and Housing Associate Professionals,296230,279720,9450,7060
Sep-17,SOC323,Welfare and Housing Associate Professionals,301480,288890,4470,8120
Sep-18,SOC323,Welfare and Housing Associate Professionals,312770,298990,9410,4150
Sep-19,SOC323,Welfare and Housing Associate Professionals,330790,312810,9720,8260
Sep-20,SOC323,Welfare and Housing Associate Professionals,361740,345990,7350,8400
Sep-21,SOC323,Welfare and Housing Associate Professionals,359990,334380,16450,9160
Sep-16,SOC331,Protective Service Occupations,355960,339140,3390,13430
Sep-17,SOC331,Protective Service Occupations,374570,362820,5860,5890
Sep-18,SOC331,Protective Service Occupations,355800,343240,6900,5660
Sep-19,SOC331,Protective Service Occupations,375660,365810,5290,4560
Sep-20,SOC331,Protective Service Occupations,364890,352440,7860,4590
Sep-21,SOC331,Protective Service Occupations,335210,318860,11790,4560
Sep-16,SOC341,"Artistic, Literary and Media Occupations",392950,350580,27760,14610
Sep-17,SOC341,"Artistic, Literary and Media Occupations",417150,370060,28270,18670
Sep-18,SOC341,"Artistic, Literary and Media Occupations",436960,392600,29540,14820
Sep-19,SOC341,"Artistic, Literary and Media Occupations",430290,374960,32490,22840
Sep-20,SOC341,"Artistic, Literary and Media Occupations",458200,397540,41430,19210
Sep-21,SOC341,"Artistic, Literary and Media Occupations",433340,387750,27980,17610
Sep-16,SOC342,Design Occupations,169730,150940,12280,6510
Sep-17,SOC342,Design Occupations,175540,154530,15070,5940
Sep-18,SOC342,Design Occupations,175150,152790,11890,10470
Sep-19,SOC342,Design Occupations,176920,156110,13680,7130
Sep-20,SOC342,Design Occupations,180540,157040,12900,10600
Sep-21,SOC342,Design Occupations,195810,173130,13970,8710
Sep-16,SOC344,Sports and Fitness Occupations,171860,160920,5490,5450
Sep-17,SOC344,Sports and Fitness Occupations,171740,159610,6500,4760
Sep-18,SOC344,Sports and Fitness Occupations,194480,181270,6880,6330
Sep-19,SOC344,Sports and Fitness Occupations,184170,170700,7150,6320
Sep-20,SOC344,Sports and Fitness Occupations,185610,172790,6610,6210
Sep-21,SOC344,Sports and Fitness Occupations,162280,150400,6670,5210
Sep-16,SOC351,Transport Associate Professionals,49000,47000,1300,700
Sep-17,SOC351,Transport Associate Professionals,44280,41460,1960,740
Sep-18,SOC351,Transport Associate Professionals,41760,38840,1870,1050
Sep-19,SOC351,Transport Associate Professionals,40080,38160,1470,350
Sep-20,SOC351,Transport Associate Professionals,46770,44190,1440,1140
Sep-21,SOC351,Transport Associate Professionals,48910,44760,3880,270
Sep-16,SOC352,Legal Associate Professionals,70860,67390,1720,1750
Sep-17,SOC352,Legal Associate Professionals,63950,60600,1280,2070
Sep-18,SOC352,Legal Associate Professionals,79500,74660,2070,2770
Sep-19,SOC352,Legal Associate Professionals,69550,65230,2720,1600
Sep-20,SOC352,Legal Associate Professionals,85890,80450,1090,4350
Sep-21,SOC352,Legal Associate Professionals,105650,97260,3940,4450
Sep-16,SOC353,"Business, Finance and Related Associate Professionals",735130,658360,44120,32650
Sep-17,SOC353,"Business, Finance and Related Associate Professionals",736830,663910,42810,30110
Sep-18,SOC353,"Business, Finance and Related Associate Professionals",728370,657850,37070,32900
Sep-19,SOC353,"Business, Finance and Related Associate Professionals",813520,727660,44350,40830
Sep-20,SOC353,"Business, Finance and Related Associate Professionals",800300,718760,44330,37210
Sep-21,SOC353,"Business, Finance and Related Associate Professionals",911430,810820,53570,47040
Sep-16,SOC354,"Sales, Marketing and Related Associate Professionals",939460,856520,46280,36660
Sep-17,SOC354,"Sales, Marketing and Related Associate Professionals",934510,850670,50030,33810
Sep-18,SOC354,"Sales, Marketing and Related Associate Professionals",963710,878390,52120,33200
Sep-19,SOC354,"Sales, Marketing and Related Associate Professionals",992890,911550,52120,29220
Sep-20,SOC354,"Sales, Marketing and Related Associate Professionals",995170,890180,66780,38030
Sep-21,SOC354,"Sales, Marketing and Related Associate Professionals",1011660,913690,57400,40570
Sep-16,SOC355,Conservation and Environmental Assct Professionals,8370,8280,90,0
Sep-17,SOC355,Conservation and Environmental Assct Professionals,9000,8850,0,150
Sep-18,SOC355,Conservation and Environmental Assct Professionals,9150,8460,370,320
Sep-19,SOC355,Conservation and Environmental Assct Professionals,11410,11410,0,0
Sep-20,SOC355,Conservation and Environmental Assct Professionals,10490,10490,0,0
Sep-21,SOC355,Conservation and Environmental Assct Professionals,8930,7390,1540,0
Sep-16,SOC356,Public Services and Other Associate Professionals,520210,490290,16800,12810
Sep-17,SOC356,Public Services and Other Associate Professionals,503320,473220,16470,13250
Sep-18,SOC356,Public Services and Other Associate Professionals,514710,487050,18550,9110
Sep-19,SOC356,Public Services and Other Associate Professionals,548170,515950,20810,11410
Sep-20,SOC356,Public Services and Other Associate Professionals,541500,507460,25040,9000
Sep-21,SOC356,Public Services and Other Associate Professionals,558590,521200,22680,14710
Sep-16,SOC411,Administrative Occupations: Gvrnmnt and Related Orgs,371960,360510,6780,4670
Sep-17,SOC411,Administrative Occupations: Gvrnmnt and Related Orgs,341940,332320,6180,3440
Sep-18,SOC411,Administrative Occupations: Gvrnmnt and Related Orgs,343590,336310,5750,1530
Sep-19,SOC411,Administrative Occupations: Gvrnmnt and Related Orgs,331780,322900,6640,2090
Sep-20,SOC411,Administrative Occupations: Gvrnmnt and Related Orgs,322550,314690,2860,5000
Sep-21,SOC411,Administrative Occupations: Gvrnmnt and Related Orgs,442060,414330,17320,10410
Sep-16,SOC412,Administrative Occupations: Finance,811070,750890,31300,28880
Sep-17,SOC412,Administrative Occupations: Finance,726720,666640,33100,26980
Sep-18,SOC412,Administrative Occupations: Finance,775400,710630,31790,32980
Sep-19,SOC412,Administrative Occupations: Finance,771830,712300,38070,21460
Sep-20,SOC412,Administrative Occupations: Finance,777260,710390,38330,28000
Sep-21,SOC412,Administrative Occupations: Finance,793210,718590,42030,32590
Sep-16,SOC413,Administrative Occupations: Records,412530,378110,23700,10720
Sep-17,SOC413,Administrative Occupations: Records,397940,359420,27060,11460
Sep-18,SOC413,Administrative Occupations: Records,401490,369160,22480,9850
Sep-19,SOC413,Administrative Occupations: Records,394110,356830,33030,4250
Sep-20,SOC413,Administrative Occupations: Records,383030,348750,24940,9340
Sep-21,SOC413,Administrative Occupations: Records,422720,380780,27080,14860
Sep-16,SOC415,Other Administrative Occupations,788320,730260,36500,21290
Sep-17,SOC415,Other Administrative Occupations,876100,812510,38110,24990
Sep-18,SOC415,Other Administrative Occupations,897520,815070,61200,21250
Sep-19,SOC415,Other Administrative Occupations,849700,780300,43180,25380
Sep-20,SOC415,Other Administrative Occupations,826240,747540,44570,33990
Sep-21,SOC415,Other Administrative Occupations,794210,718640,47550,27640
Sep-16,SOC416,Administrative Occupations: Office Mngrs and Sprvsrs,220710,208110,8750,3850
Sep-17,SOC416,Administrative Occupations: Office Mngrs and Sprvsrs,237900,221020,12420,4460
Sep-18,SOC416,Administrative Occupations: Office Mngrs and Sprvsrs,203040,190560,8440,4040
Sep-19,SOC416,Administrative Occupations: Office Mngrs and Sprvsrs,204340,190530,10920,2890
Sep-20,SOC416,Administrative Occupations: Office Mngrs and Sprvsrs,211630,202970,6270,2390
Sep-21,SOC416,Administrative Occupations: Office Mngrs and Sprvsrs,212850,197480,11260,4110
Sep-16,SOC421,Secretarial and Related Occupations,705180,657430,32480,15270
Sep-17,SOC421,Secretarial and Related Occupations,680090,636150,31580,12360
Sep-18,SOC421,Secretarial and Related Occupations,670440,623700,29710,17030
Sep-19,SOC421,Secretarial and Related Occupations,648530,599510,34300,14350
Sep-20,SOC421,Secretarial and Related Occupations,664530,611000,31350,22180
Sep-21,SOC421,Secretarial and Related Occupations,604510,558430,29470,16610
Sep-16,SOC511,Agricultural and Related Trades,362440,352790,7970,1600
Sep-17,SOC511,Agricultural and Related Trades,369770,354860,10680,4230
Sep-18,SOC511,Agricultural and Related Trades,357260,346980,8200,2080
Sep-19,SOC511,Agricultural and Related Trades,378840,369520,8290,1030
Sep-20,SOC511,Agricultural and Related Trades,348270,338640,6830,2800
Sep-21,SOC511,Agricultural and Related Trades,339650,331580,5040,3030
Sep-16,SOC521,"Metal Forming, Welding and Related Trades",106790,95640,10430,720
Sep-17,SOC521,"Metal Forming, Welding and Related Trades",101650,86940,12770,1940
Sep-18,SOC521,"Metal Forming, Welding and Related Trades",97720,83810,11730,2180
Sep-19,SOC521,"Metal Forming, Welding and Related Trades",98310,87860,9560,890
Sep-20,SOC521,"Metal Forming, Welding and Related Trades",93600,81030,9610,2960
Sep-21,SOC521,"Metal Forming, Welding and Related Trades",60570,56730,1590,2250
Sep-16,SOC522,"Metal Machining, Fitting and Instrument Making Trades",310830,295220,11350,4260
Sep-17,SOC522,"Metal Machining, Fitting and Instrument Making Trades",314500,292130,19310,3060
Sep-18,SOC522,"Metal Machining, Fitting and Instrument Making Trades",332660,303750,24340,4480
Sep-19,SOC522,"Metal Machining, Fitting and Instrument Making Trades",320400,290920,22780,6600
Sep-20,SOC522,"Metal Machining, Fitting and Instrument Making Trades",326550,299580,20700,6270
Sep-21,SOC522,"Metal Machining, Fitting and Instrument Making Trades",267750,248230,14500,5020
Sep-16,SOC523,Vehicle Trades,282110,265410,11530,5170
Sep-17,SOC523,Vehicle Trades,268610,251700,12950,3960
Sep-18,SOC523,Vehicle Trades,247620,228720,14340,4560
Sep-19,SOC523,Vehicle Trades,261820,244310,13070,4440
Sep-20,SOC523,Vehicle Trades,269750,251370,15050,3330
Sep-21,SOC523,Vehicle Trades,266250,244630,16910,4710
Sep-16,SOC524,Electrical and Electronic Trades,452180,427260,15120,9800
Sep-17,SOC524,Electrical and Electronic Trades,437420,408770,21760,6730
Sep-18,SOC524,Electrical and Electronic Trades,442890,411540,22330,9020
Sep-19,SOC524,Electrical and Electronic Trades,448960,419770,21000,8190
Sep-20,SOC524,Electrical and Electronic Trades,425470,383350,23180,18940
Sep-21,SOC524,Electrical and Electronic Trades,412980,369560,29480,13940
Sep-16,SOC525,"Skilled Metal, Electrical and Electronic Trds Sprvsrs",31630,29110,2220,300
Sep-17,SOC525,"Skilled Metal, Electrical and Electronic Trds Sprvsrs",35810,32930,1430,1450
Sep-18,SOC525,"Skilled Metal, Electrical and Electronic Trds Sprvsrs",34950,31240,2360,1350
Sep-19,SOC525,"Skilled Metal, Electrical and Electronic Trds Sprvsrs",38190,36470,540,1180
Sep-20,SOC525,"Skilled Metal, Electrical and Electronic Trds Sprvsrs",34250,33080,1170,0
Sep-21,SOC525,"Skilled Metal, Electrical and Electronic Trds Sprvsrs",31960,28790,3170,0
Sep-16,SOC531,Construction and Building Trades,832530,736150,82820,13560
Sep-17,SOC531,Construction and Building Trades,827290,721490,91760,14040
Sep-18,SOC531,Construction and Building Trades,846920,749980,79120,17820
Sep-19,SOC531,Construction and Building Trades,814890,712480,83870,17970
Sep-20,SOC531,Construction and Building Trades,789600,693930,72380,23290
Sep-21,SOC531,Construction and Building Trades,697290,636160,46690,14440
Sep-16,SOC532,Building Finishing Trades,206040,182940,20640,2460
Sep-17,SOC532,Building Finishing Trades,211090,180090,25560,5440
Sep-18,SOC532,Building Finishing Trades,209520,190500,15940,3080
Sep-19,SOC532,Building Finishing Trades,211290,191900,16240,3150
Sep-20,SOC532,Building Finishing Trades,197210,181450,14880,880
Sep-21,SOC532,Building Finishing Trades,161780,145500,13620,2660
Sep-16,SOC533,Construction and Building Trades Supervisors,59220,54010,5080,130
Sep-17,SOC533,Construction and Building Trades Supervisors,65490,60100,3860,1530
Sep-18,SOC533,Construction and Building Trades Supervisors,54500,49640,3590,1270
Sep-19,SOC533,Construction and Building Trades Supervisors,62970,53640,6380,2950
Sep-20,SOC533,Construction and Building Trades Supervisors,55000,49560,4590,850
Sep-21,SOC533,Construction and Building Trades Supervisors,56410,48770,3760,3880
Sep-16,SOC541,Textiles and Garments Trades,44560,38360,4180,2020
Sep-17,SOC541,Textiles and Garments Trades,55900,47040,5660,3200
Sep-18,SOC541,Textiles and Garments Trades,55870,44200,7300,4370
Sep-19,SOC541,Textiles and Garments Trades,45110,38370,4080,2660
Sep-20,SOC541,Textiles and Garments Trades,52190,44340,5670,2180
Sep-21,SOC541,Textiles and Garments Trades,44390,36800,4160,3430
Sep-16,SOC542,Printing Trades,53110,49780,2810,520
Sep-17,SOC542,Printing Trades,49350,42890,5110,1350
Sep-18,SOC542,Printing Trades,46530,42190,4010,330
Sep-19,SOC542,Printing Trades,43950,40880,2110,960
Sep-20,SOC542,Printing Trades,40110,38130,1980,0
Sep-21,SOC542,Printing Trades,29520,27380,1310,830
Sep-16,SOC543,Food Preparation and Hospitality Trades,483450,381450,63410,38590
Sep-17,SOC543,Food Preparation and Hospitality Trades,472800,364200,67750,40850
Sep-18,SOC543,Food Preparation and Hospitality Trades,453280,334530,74500,44190
Sep-19,SOC543,Food Preparation and Hospitality Trades,458000,340560,69310,48010
Sep-20,SOC543,Food Preparation and Hospitality Trades,475450,355050,77140,43260
Sep-21,SOC543,Food Preparation and Hospitality Trades,410190,311300,63980,34910
Sep-16,SOC544,Other Skilled Trades,104670,92790,9040,2840
Sep-17,SOC544,Other Skilled Trades,101110,88360,10800,1950
Sep-18,SOC544,Other Skilled Trades,98050,90830,5320,1900
Sep-19,SOC544,Other Skilled Trades,101410,91330,8140,1940
Sep-20,SOC544,Other Skilled Trades,100450,91110,7660,1680
Sep-21,SOC544,Other Skilled Trades,100920,87450,11660,1810
Sep-16,SOC612,Childcare and Related Personal Services,834460,771330,39880,23250
Sep-17,SOC612,Childcare and Related Personal Services,854290,797140,39650,17500
Sep-18,SOC612,Childcare and Related Personal Services,832830,771680,41330,19820
Sep-19,SOC612,Childcare and Related Personal Services,836460,779140,37820,19500
Sep-20,SOC612,Childcare and Related Personal Services,827380,773640,30020,23720
Sep-21,SOC612,Childcare and Related Personal Services,799120,729290,45240,24590
Sep-16,SOC613,Animal Care and Control Services,99260,93900,3940,1420
Sep-17,SOC613,Animal Care and Control Services,104880,98550,4430,1900
Sep-18,SOC613,Animal Care and Control Services,109170,104130,2680,2360
Sep-19,SOC613,Animal Care and Control Services,100850,94310,5740,800
Sep-20,SOC613,Animal Care and Control Services,117920,113820,3160,940
Sep-21,SOC613,Animal Care and Control Services,107070,102280,3190,1600
Sep-16,SOC614,Caring Personal Services,1314180,1147560,66970,99470
Sep-17,SOC614,Caring Personal Services,1313590,1153020,69830,90740
Sep-18,SOC614,Caring Personal Services,1318700,1143430,79100,96170
Sep-19,SOC614,Caring Personal Services,1348420,1177350,80850,89870
Sep-20,SOC614,Caring Personal Services,1407800,1224170,80780,102630
Sep-21,SOC614,Caring Personal Services,1394600,1186360,85480,122760
Sep-16,SOC621,Leisure and Travel Services,173730,160650,8060,5020
Sep-17,SOC621,Leisure and Travel Services,197190,181650,10710,4830
Sep-18,SOC621,Leisure and Travel Services,191760,167780,17160,6820
Sep-19,SOC621,Leisure and Travel Services,208520,188210,15080,5230
Sep-20,SOC621,Leisure and Travel Services,186340,167440,16170,2730
Sep-21,SOC621,Leisure and Travel Services,170250,151370,14600,4280
Sep-16,SOC622,Hairdressers and Related Services,265390,233570,18580,13240
Sep-17,SOC622,Hairdressers and Related Services,260140,236920,14450,8770
Sep-18,SOC622,Hairdressers and Related Services,272040,240300,15230,16510
Sep-19,SOC622,Hairdressers and Related Services,256170,224050,15980,16140
Sep-20,SOC622,Hairdressers and Related Services,260770,238490,9960,12320
Sep-21,SOC622,Hairdressers and Related Services,230350,209090,12440,8820
Sep-16,SOC623,Housekeeping and Related Services,108330,95110,9520,3700
Sep-17,SOC623,Housekeeping and Related Services,114640,97950,13640,2800
Sep-18,SOC623,Housekeeping and Related Services,114420,95380,13430,5610
Sep-19,SOC623,Housekeeping and Related Services,111390,93230,12120,6040
Sep-20,SOC623,Housekeeping and Related Services,115260,98180,11390,5400
Sep-21,SOC623,Housekeeping and Related Services,101050,88060,8580,4410
Sep-16,SOC624,Cleaning and Housekeeping Managers and Supervisors,80450,56960,19700,3790
Sep-17,SOC624,Cleaning and Housekeeping Managers and Supervisors,80010,59620,16160,4230
Sep-18,SOC624,Cleaning and Housekeeping Managers and Supervisors,72550,54530,14330,3690
Sep-19,SOC624,Cleaning and Housekeeping Managers and Supervisors,70410,53000,15460,1950
Sep-20,SOC624,Cleaning and Housekeeping Managers and Supervisors,80310,54130,18860,7320
Sep-21,SOC624,Cleaning and Housekeeping Managers and Supervisors,69080,50940,14910,3230
Sep-16,SOC711,Sales Assistants and Retail Cashiers,1458660,1340790,62740,55130
Sep-17,SOC711,Sales Assistants and Retail Cashiers,1451910,1333680,69870,47770
Sep-18,SOC711,Sales Assistants and Retail Cashiers,1455340,1327420,74470,53400
Sep-19,SOC711,Sales Assistants and Retail Cashiers,1412770,1291490,68020,53260
Sep-20,SOC711,Sales Assistants and Retail Cashiers,1308210,1184400,75130,48680
Sep-21,SOC711,Sales Assistants and Retail Cashiers,1281540,1169020,62570,49730
Sep-16,SOC712,Sales Related Occupations,165040,152240,8120,4680
Sep-17,SOC712,Sales Related Occupations,177300,158870,11400,7030
Sep-18,SOC712,Sales Related Occupations,166530,153170,8840,4520
Sep-19,SOC712,Sales Related Occupations,166150,147660,10600,7890
Sep-20,SOC712,Sales Related Occupations,166800,150950,8270,7580
Sep-21,SOC712,Sales Related Occupations,166350,145760,11260,9330
Sep-16,SOC713,Sales Supervisors,172970,156500,9940,6530
Sep-17,SOC713,Sales Supervisors,189070,169640,12880,6550
Sep-18,SOC713,Sales Supervisors,199200,177450,16950,4800
Sep-19,SOC713,Sales Supervisors,174570,151380,16380,6810
Sep-20,SOC713,Sales Supervisors,170380,149690,11010,9680
Sep-21,SOC713,Sales Supervisors,153530,135470,14230,3830
Sep-16,SOC721,Customer Service Occupations,458950,423190,19590,16170
Sep-17,SOC721,Customer Service Occupations,450150,410220,25340,14590
Sep-18,SOC721,Customer Service Occupations,472060,425530,27900,18630
Sep-19,SOC721,Customer Service Occupations,467540,421890,25440,20210
Sep-20,SOC721,Customer Service Occupations,473550,429510,28580,15460
Sep-21,SOC721,Customer Service Occupations,489740,439840,28500,21070
Sep-16,SOC722,Customer Service Managers and Supervisors,132500,121760,7100,3640
Sep-17,SOC722,Customer Service Managers and Supervisors,145370,131870,7600,5900
Sep-18,SOC722,Customer Service Managers and Supervisors,164790,150540,7800,6450
Sep-19,SOC722,Customer Service Managers and Supervisors,173800,159320,9010,5470
Sep-20,SOC722,Customer Service Managers and Supervisors,180890,161450,11350,7530
Sep-21,SOC722,Customer Service Managers and Supervisors,194470,178330,8050,8090
Sep-16,SOC811,Process Operatives,271860,182290,77400,12170
Sep-17,SOC811,Process Operatives,276620,177920,87830,10870
Sep-18,SOC811,Process Operatives,250310,164520,77450,8200
Sep-19,SOC811,Process Operatives,246530,163840,71090,11600
Sep-20,SOC811,Process Operatives,234380,159910,62930,11540
Sep-21,SOC811,Process Operatives,246350,183980,49110,13260
Sep-16,SOC812,Plant and Machine Operatives,146750,127270,17010,2470
Sep-17,SOC812,Plant and Machine Operatives,156350,129540,24030,2780
Sep-18,SOC812,Plant and Machine Operatives,155740,125030,25960,4750
Sep-19,SOC812,Plant and Machine Operatives,146770,121360,21410,4000
Sep-20,SOC812,Plant and Machine Operatives,152870,129830,19900,3140
Sep-21,SOC812,Plant and Machine Operatives,138780,123020,12030,3730
Sep-16,SOC813,Assemblers and Routine Operatives,250110,204420,35650,10040
Sep-17,SOC813,Assemblers and Routine Operatives,257010,201610,45880,9440
Sep-18,SOC813,Assemblers and Routine Operatives,279360,218840,52130,8390
Sep-19,SOC813,Assemblers and Routine Operatives,246830,192540,44730,9560
Sep-20,SOC813,Assemblers and Routine Operatives,242110,182760,50070,9280
Sep-21,SOC813,Assemblers and Routine Operatives,215010,170990,36120,7900
Sep-16,SOC814,Construction Operatives,164930,146160,13240,5530
Sep-17,SOC814,Construction Operatives,149430,133530,12840,3060
Sep-18,SOC814,Construction Operatives,175760,158610,15000,2150
Sep-19,SOC814,Construction Operatives,173930,153470,16570,3890
Sep-20,SOC814,Construction Operatives,163860,141440,17700,4720
Sep-21,SOC814,Construction Operatives,120030,113730,3460,2840
Sep-16,SOC821,Road Transport Drivers,943420,811620,85020,46780
Sep-17,SOC821,Road Transport Drivers,949790,818410,92610,38210
Sep-18,SOC821,Road Transport Drivers,949000,818220,91040,38990
Sep-19,SOC821,Road Transport Drivers,975190,813500,114650,47040
Sep-20,SOC821,Road Transport Drivers,906220,761360,100370,44240
Sep-21,SOC821,Road Transport Drivers,858720,739410,71940,47370
Sep-16,SOC822,Mobile Machine Drivers and Operatives,155600,125720,25950,3930
Sep-17,SOC822,Mobile Machine Drivers and Operatives,155110,124330,24960,5820
Sep-18,SOC822,Mobile Machine Drivers and Operatives,156580,121680,31180,3720
Sep-19,SOC822,Mobile Machine Drivers and Operatives,163520,126880,32860,3780
Sep-20,SOC822,Mobile Machine Drivers and Operatives,152220,121830,25820,4570
Sep-21,SOC822,Mobile Machine Drivers and Operatives,122030,107650,12490,1890
Sep-16,SOC823,Other Drivers and Transport Operatives,85700,80700,3650,1350
Sep-17,SOC823,Other Drivers and Transport Operatives,81760,76530,2920,2310
Sep-18,SOC823,Other Drivers and Transport Operatives,84360,77880,2970,3510
Sep-19,SOC823,Other Drivers and Transport Operatives,89210,76740,7590,4880
Sep-20,SOC823,Other Drivers and Transport Operatives,83910,76570,5780,1560
Sep-21,SOC823,Other Drivers and Transport Operatives,75090,68620,3640,2830
Sep-16,SOC911,Elementary Agricultural Occupations,92180,81460,9730,990
Sep-17,SOC911,Elementary Agricultural Occupations,92350,78490,13200,660
Sep-18,SOC911,Elementary Agricultural Occupations,87130,79530,6830,770
Sep-19,SOC911,Elementary Agricultural Occupations,81330,74140,6350,840
Sep-20,SOC911,Elementary Agricultural Occupations,87730,83560,4140,30
Sep-21,SOC911,Elementary Agricultural Occupations,80150,77160,1820,1170
Sep-16,SOC912,Elementary Construction Occupations,184540,155200,22490,6850
Sep-17,SOC912,Elementary Construction Occupations,178350,152980,19140,6230
Sep-18,SOC912,Elementary Construction Occupations,175680,144510,26850,4320
Sep-19,SOC912,Elementary Construction Occupations,155940,126320,22200,7420
Sep-20,SOC912,Elementary Construction Occupations,155890,138010,14660,3220
Sep-21,SOC912,Elementary Construction Occupations,136080,120650,8120,7310
Sep-16,SOC913,Elementary Process Plant Occupations,260120,159370,84440,15940
Sep-17,SOC913,Elementary Process Plant Occupations,257680,161260,84080,12340
Sep-18,SOC913,Elementary Process Plant Occupations,267610,156140,95690,15780
Sep-19,SOC913,Elementary Process Plant Occupations,263430,172300,74480,16540
Sep-20,SOC913,Elementary Process Plant Occupations,248410,162910,69400,16100
Sep-21,SOC913,Elementary Process Plant Occupations,313220,241030,51320,20870
Sep-16,SOC921,Elementary Administration Occupations,193580,175910,10880,6790
Sep-17,SOC921,Elementary Administration Occupations,191820,177410,8530,5880
Sep-18,SOC921,Elementary Administration Occupations,196730,179060,11840,5830
Sep-19,SOC921,Elementary Administration Occupations,186110,170060,9490,6300
Sep-20,SOC921,Elementary Administration Occupations,208680,190080,11260,7340
Sep-21,SOC921,Elementary Administration Occupations,204080,183700,11380,9000
Sep-16,SOC923,Elementary Cleaning Occupations,734880,556070,133550,44960
Sep-17,SOC923,Elementary Cleaning Occupations,712380,524330,142670,45120
Sep-18,SOC923,Elementary Cleaning Occupations,709950,537360,134250,37800
Sep-19,SOC923,Elementary Cleaning Occupations,723190,548270,128250,46540
Sep-20,SOC923,Elementary Cleaning Occupations,660260,513090,106860,40310
Sep-21,SOC923,Elementary Cleaning Occupations,525500,416390,81680,27430
Sep-16,SOC924,Elementary Security Occupations,296520,269820,10960,15140
Sep-17,SOC924,Elementary Security Occupations,305300,267360,14880,23060
Sep-18,SOC924,Elementary Security Occupations,317200,274370,14850,27980
Sep-19,SOC924,Elementary Security Occupations,328260,291780,15280,21200
Sep-20,SOC924,Elementary Security Occupations,306390,274630,15120,16640
Sep-21,SOC924,Elementary Security Occupations,298010,270160,11740,16110
Sep-16,SOC925,Elementary Sales Occupations,136280,123150,6810,6320
Sep-17,SOC925,Elementary Sales Occupations,150200,135850,8670,5680
Sep-18,SOC925,Elementary Sales Occupations,141040,125130,12010,3410
Sep-19,SOC925,Elementary Sales Occupations,104620,92880,8580,3160
Sep-20,SOC925,Elementary Sales Occupations,110180,97070,9250,3860
Sep-21,SOC925,Elementary Sales Occupations,108640,98850,5100,4690
Sep-16,SOC926,Elementary Storage Occupations,441030,340630,88150,12250
Sep-17,SOC926,Elementary Storage Occupations,433460,317680,102970,12810
Sep-18,SOC926,Elementary Storage Occupations,446460,331380,97300,17780
Sep-19,SOC926,Elementary Storage Occupations,441360,329560,93060,18740
Sep-20,SOC926,Elementary Storage Occupations,445460,334180,91440,19840
Sep-21,SOC926,Elementary Storage Occupations,436230,341440,78540,16250
Sep-16,SOC927,Other Elementary Services Occupations,1024080,855060,113760,55260
Sep-17,SOC927,Other Elementary Services Occupations,1042530,872170,121600,48760
Sep-18,SOC927,Other Elementary Services Occupations,1069560,893980,118920,56660
Sep-19,SOC927,Other Elementary Services Occupations,1047540,884820,110880,51840
Sep-20,SOC927,Other Elementary Services Occupations,1017570,845460,117120,54990
Sep-21,SOC927,Other Elementary Services Occupations,804690,679820,76680,48190
