country,group,UK export,Exported to UK,
Austria,grp1,0.5449,3.0502,
Belgium,grp1,4.0183,8.8386,
Bulgaria,grp1,0.121,2.5238,
Croatia,grp1,0.049,1.8009,
Cyprus,grp1,0.13,6.9270,
Czech Republic,grp1,0.6878,5.3258,
Denmark,grp1,0.8116,5.7923,
Estonia,grp1,0.0768,2.6104,
Finland,grp1,0.4503,4.8508,
France,grp1,6.2312,7.0864,
Germany,grp1,10.5986,7.4301,
Greece,grp1,0.3241,4.2440,
Hungary,grp1,0.4458,3.8979,
Ireland,grp1,5.8293,13.8374,
Italy,grp1,2.9504,5.4231,
Latvia,grp1,0.0758,5.2386,
Lithuania,grp1,0.0984,4.4703,
Luxembourg,grp1,0.0688,3.8502,
Malta,grp1,0.1318,6.3736,
Netherlands,grp1,5.8661,8.9191,
Poland,grp1,1.2647,6.8090,
Portugal,grp1,0.4413,6.7417,
Romania,grp1,0.3446,4.3587,
Slovakia,grp1,0.1561,5.4319,
Slovenia,grp1,0.0706,2.2307,
Spain,grp1,3.0982,7.2839,
Sweden,grp1,1.5439,7.0079,
Iceland,grp0,0.0803,11.6097,
Norway,grp0,1.1402,20.1265,
Switzerland,grp0,2.8315,4.6894,
Albania,grp0,0.0059,0.1867,
Belarus,grp0,0.024,10.9859,
Russia,grp0,0.9844,1.3154,
Turkey,grp0,1.2431,7.3391,
Ukraine,grp0,0.1022,0.9652,
Argentina,grp0,0.1064,1.2694,
Brazil,grp0,0.7754,1.5257,
Canada,grp0,1.394,3.0535,
Chile,grp0,0.1631,1.0626,
Colombia,grp0,0.1332,1.7730,
Mexico,grp0,0.468,0.5170,
United States of America,grp0,16.4335,3.7356,
Uruguay,grp0,0.0793,0.9142,
China,grp0,4.4234,2.6149,
Hong Kong,grp0,1.9817,1.3935,
India,grp0,1.4778,3.3630,
Indonesia,grp0,0.1669,1.0156,
Israel,grp0,0.3999,6.2320,
Japan,grp0,1.5808,1.7188,
Malaysia,grp0,0.4899,1.1947,
Pakistan,grp0,0.1871,7.1203,
Saudi Arabia,grp0,1.627,0.2769,
Singapore,grp0,1.3638,0.9560,
South Korea,grp0,1.7209,1.4907,
Thailand,grp0,0.4482,1.7841,
Australia,grp0,1.3805,1.4832,
New Zealand,grp0,0.2076,3.4081,
Egypt,grp0,0.3689,4.3292,
Morocco,grp0,0.1794,2.7921,
South Africa,grp0,0.8046,4.3908,